Workbook
Name mygrade: #REF!
Name Grades: #REF!
Name mygrades: #REF!

Sheet CSE4098B_Spring2026_Grade
A1: Capstone Project Grade (CSE 4098B)
A2: Marks Distribution
A3: Spring 2026
A4: Sl | B4: Student ID | C4: Student Name | D4: Report (40%) | E4: Presentation (45%) | F4: Peer (5%) | G4: Weekly Journal (10%) | H4: Total (100%) | I4: Grade | J4: Supervisor | K4: Title
A5: 1 | B5: 223014152 | C5: Ahadul Islam Rahul | D5: =CSE4098B_Spring2026_Report!AB5 -> 31.43 | E5: =MIN(45, IF(CSE4098B_Spring2026_Presentatio!Z5>1, CSE4098B_Spring2026_Presentatio!Z5, CSE4098B_Spring2026_Presentatio!Z5*45)) -> 36.89 | F5: 2 | G5: 6 | H5: =SUM(D5:G5) -> 76.32 | I5: =IF(H5>=95,"A+",IF(H5>=85,"A",IF(H5>=80,"A-",IF(H5>=75,"B+",IF(H5>=70,"B",IF(H5>=65,"B-",IF(H5>=60,"C+",IF(H5>=55,"C",IF(H5>=50,"D","F"))))))))) -> B+ | J5: MGK | K5: Automated Leather Defect Detection and Classification Using an Ensemble Deep Learning Framework
A6: 2 | B6: 223014049 | C6: Md. Sojib Al Hasan | D6: =CSE4098B_Spring2026_Report!AB6 -> 31.43 | E6: =MIN(45, IF(CSE4098B_Spring2026_Presentatio!Z6>1, CSE4098B_Spring2026_Presentatio!Z6, CSE4098B_Spring2026_Presentatio!Z6*45)) -> 39.67 | F6: 3 | G6: 7 | H6: =SUM(D6:G6) -> 81.1 | I6: =IF(H6>=95,"A+",IF(H6>=85,"A",IF(H6>=80,"A-",IF(H6>=75,"B+",IF(H6>=70,"B",IF(H6>=65,"B-",IF(H6>=60,"C+",IF(H6>=55,"C",IF(H6>=50,"D","F"))))))))) -> A-
A7: 3 | B7: 222014039 | C7: Nadia Akter Jui | D7: =CSE4098B_Spring2026_Report!AB7 -> 31.43 | E7: =MIN(45, IF(CSE4098B_Spring2026_Presentatio!Z7>1, CSE4098B_Spring2026_Presentatio!Z7, CSE4098B_Spring2026_Presentatio!Z7*45)) -> 32.44 | F7: 2 | G7: 4 | H7: =SUM(D7:G7) -> 69.87 | I7: =IF(H7>=95,"A+",IF(H7>=85,"A",IF(H7>=80,"A-",IF(H7>=75,"B+",IF(H7>=70,"B",IF(H7>=65,"B-",IF(H7>=60,"C+",IF(H7>=55,"C",IF(H7>=50,"D","F"))))))))) -> B-
A8: 4 | B8: 222014012 | C8: Md. Minhazul Islam | D8: =CSE4098B_Spring2026_Report!AB8 -> 31.43 | E8: =MIN(45, IF(CSE4098B_Spring2026_Presentatio!Z8>1, CSE4098B_Spring2026_Presentatio!Z8, CSE4098B_Spring2026_Presentatio!Z8*45)) -> 32.89 | F8: 2 | G8: 4 | H8: =SUM(D8:G8) -> 70.32 | I8: =IF(H8>=95,"A+",IF(H8>=85,"A",IF(H8>=80,"A-",IF(H8>=75,"B+",IF(H8>=70,"B",IF(H8>=65,"B-",IF(H8>=60,"C+",IF(H8>=55,"C",IF(H8>=50,"D","F"))))))))) -> B
A9: 5 | B9: 222014096 | C9: Md. Shams Arefin | D9: =CSE4098B_Spring2026_Report!AB9 -> 31.43 | E9: =MIN(45, IF(CSE4098B_Spring2026_Presentatio!Z9>1, CSE4098B_Spring2026_Presentatio!Z9, CSE4098B_Spring2026_Presentatio!Z9*45)) -> 41.44 | F9: 4 | G9: 7 | H9: =SUM(D9:G9) -> 83.87 | I9: =IF(H9>=95,"A+",IF(H9>=85,"A",IF(H9>=80,"A-",IF(H9>=75,"B+",IF(H9>=70,"B",IF(H9>=65,"B-",IF(H9>=60,"C+",IF(H9>=55,"C",IF(H9>=50,"D","F"))))))))) -> A-
A10: 6 | B10: 222014052 | C10: Redwan Ahamad Samir | D10: =CSE4098B_Spring2026_Report!AB10 -> 26.67 | E10: =MIN(45, IF(CSE4098B_Spring2026_Presentatio!Z10>1, CSE4098B_Spring2026_Presentatio!Z10, CSE4098B_Spring2026_Presentatio!Z10*45)) -> 42.67 | F10: 4 | G10: 9 | H10: =SUM(D10:G10) -> 82.34 | I10: =IF(H10>=95,"A+",IF(H10>=85,"A",IF(H10>=80,"A-",IF(H10>=75,"B+",IF(H10>=70,"B",IF(H10>=65,"B-",IF(H10>=60,"C+",IF(H10>=55,"C",IF(H10>=50,"D","F"))))))))) -> A- | J10: RaiK | K10: AdaLLM: Domain adaptation of LLMs and specialization
A11: 7 | B11: 222014009 | C11: Samia Rahman | D11: =CSE4098B_Spring2026_Report!AB11 -> 26.67 | E11: =MIN(45, IF(CSE4098B_Spring2026_Presentatio!Z11>1, CSE4098B_Spring2026_Presentatio!Z11, CSE4098B_Spring2026_Presentatio!Z11*45)) -> 40.67 | F11: 3 | G11: 7 | H11: =SUM(D11:G11) -> 77.34 | I11: =IF(H11>=95,"A+",IF(H11>=85,"A",IF(H11>=80,"A-",IF(H11>=75,"B+",IF(H11>=70,"B",IF(H11>=65,"B-",IF(H11>=60,"C+",IF(H11>=55,"C",IF(H11>=50,"D","F"))))))))) -> B+
A12: 8 | B12: 222014088 | C12: Md. Omur Faruk | D12: =CSE4098B_Spring2026_Report!AB12 -> 26.67 | E12: =MIN(45, IF(CSE4098B_Spring2026_Presentatio!Z12>1, CSE4098B_Spring2026_Presentatio!Z12, CSE4098B_Spring2026_Presentatio!Z12*45)) -> 39.33 | F12: 3 | G12: 5 | H12: =SUM(D12:G12) -> 74 | I12: =IF(H12>=95,"A+",IF(H12>=85,"A",IF(H12>=80,"A-",IF(H12>=75,"B+",IF(H12>=70,"B",IF(H12>=65,"B-",IF(H12>=60,"C+",IF(H12>=55,"C",IF(H12>=50,"D","F"))))))))) -> B
A13: 9 | B13: 231014021 | C13: Raiyan Islam | D13: =CSE4098B_Spring2026_Report!AB13 -> 26.67 | E13: =MIN(45, IF(CSE4098B_Spring2026_Presentatio!Z13>1, CSE4098B_Spring2026_Presentatio!Z13, CSE4098B_Spring2026_Presentatio!Z13*45)) -> 39 | F13: 3 | G13: 5 | H13: =SUM(D13:G13) -> 73.67 | I13: =IF(H13>=95,"A+",IF(H13>=85,"A",IF(H13>=80,"A-",IF(H13>=75,"B+",IF(H13>=70,"B",IF(H13>=65,"B-",IF(H13>=60,"C+",IF(H13>=55,"C",IF(H13>=50,"D","F"))))))))) -> B
A14: 10 | B14: 223014142 | C14: Tamanna Akter | D14: =CSE4098B_Spring2026_Report!AB14 -> 32 | E14: =MIN(45, IF(CSE4098B_Spring2026_Presentatio!Z14>1, CSE4098B_Spring2026_Presentatio!Z14, CSE4098B_Spring2026_Presentatio!Z14*45)) -> 43.41 | F14: 5 | G14: 8 | H14: =SUM(D14:G14) -> 88.41 | I14: =IF(H14>=95,"A+",IF(H14>=85,"A",IF(H14>=80,"A-",IF(H14>=75,"B+",IF(H14>=70,"B",IF(H14>=65,"B-",IF(H14>=60,"C+",IF(H14>=55,"C",IF(H14>=50,"D","F"))))))))) -> A | J14: RHF | K14: Nirbighne: AI-Driven Dynamic Traffic Signal Control System
A15: 11 | B15: 223014204 | C15: Ashrafun Nahar Rahi | D15: =CSE4098B_Spring2026_Report!AB15 -> 32 | E15: =MIN(45, IF(CSE4098B_Spring2026_Presentatio!Z15>1, CSE4098B_Spring2026_Presentatio!Z15, CSE4098B_Spring2026_Presentatio!Z15*45)) -> 43.41 | F15: 5 | G15: 8 | H15: =SUM(D15:G15) -> 88.41 | I15: =IF(H15>=95,"A+",IF(H15>=85,"A",IF(H15>=80,"A-",IF(H15>=75,"B+",IF(H15>=70,"B",IF(H15>=65,"B-",IF(H15>=60,"C+",IF(H15>=55,"C",IF(H15>=50,"D","F"))))))))) -> A
A16: 12 | B16: 213014052 | C16: Khuslima Fardush Mony | D16: =CSE4098B_Spring2026_Report!AB16 -> 32 | E16: =MIN(45, IF(CSE4098B_Spring2026_Presentatio!Z16>1, CSE4098B_Spring2026_Presentatio!Z16, CSE4098B_Spring2026_Presentatio!Z16*45)) -> 40.74 | F16: 4 | G16: 7 | H16: =SUM(D16:G16) -> 83.74 | I16: =IF(H16>=95,"A+",IF(H16>=85,"A",IF(H16>=80,"A-",IF(H16>=75,"B+",IF(H16>=70,"B",IF(H16>=65,"B-",IF(H16>=60,"C+",IF(H16>=55,"C",IF(H16>=50,"D","F"))))))))) -> A-
A17: 13 | B17: 221014035 | C17: Md. Alif Hossain | D17: =CSE4098B_Spring2026_Report!AB17 -> 32 | E17: =MIN(45, IF(CSE4098B_Spring2026_Presentatio!Z17>1, CSE4098B_Spring2026_Presentatio!Z17, CSE4098B_Spring2026_Presentatio!Z17*45)) -> 39.63 | F17: 3 | G17: 7 | H17: =SUM(D17:G17) -> 81.63 | I17: =IF(H17>=95,"A+",IF(H17>=85,"A",IF(H17>=80,"A-",IF(H17>=75,"B+",IF(H17>=70,"B",IF(H17>=65,"B-",IF(H17>=60,"C+",IF(H17>=55,"C",IF(H17>=50,"D","F"))))))))) -> A-
A18: 14 | B18: 223014074 | C18: Salvir Rahman Ratul | D18: =CSE4098B_Spring2026_Report!AB18 -> 34.67 | E18: =MIN(45, IF(CSE4098B_Spring2026_Presentatio!Z18>1, CSE4098B_Spring2026_Presentatio!Z18, CSE4098B_Spring2026_Presentatio!Z18*45)) -> 44.33 | F18: 4 | G18: 9 | H18: =SUM(D18:G18) -> 92 | I18: =IF(H18>=95,"A+",IF(H18>=85,"A",IF(H18>=80,"A-",IF(H18>=75,"B+",IF(H18>=70,"B",IF(H18>=65,"B-",IF(H18>=60,"C+",IF(H18>=55,"C",IF(H18>=50,"D","F"))))))))) -> A | J18: RHF | K18: BioCal RA: A Trustworthy and Explainable Multi-Agent Research Assistant for Biomedical Field.
A19: 15 | B19: 223014133 | C19: Nancy Drong | D19: =CSE4098B_Spring2026_Report!AB19 -> 34.67 | E19: =MIN(45, IF(CSE4098B_Spring2026_Presentatio!Z19>1, CSE4098B_Spring2026_Presentatio!Z19, CSE4098B_Spring2026_Presentatio!Z19*45)) -> 42.78 | F19: 4 | G19: 8 | H19: =SUM(D19:G19) -> 89.45 | I19: =IF(H19>=95,"A+",IF(H19>=85,"A",IF(H19>=80,"A-",IF(H19>=75,"B+",IF(H19>=70,"B",IF(H19>=65,"B-",IF(H19>=60,"C+",IF(H19>=55,"C",IF(H19>=50,"D","F"))))))))) -> A
A20: 16 | B20: 223014052 | C20: Argho Das | D20: =CSE4098B_Spring2026_Report!AB20 -> 34.67 | E20: =MIN(45, IF(CSE4098B_Spring2026_Presentatio!Z20>1, CSE4098B_Spring2026_Presentatio!Z20, CSE4098B_Spring2026_Presentatio!Z20*45)) -> 42.78 | F20: 4 | G20: 8 | H20: =SUM(D20:G20) -> 89.45 | I20: =IF(H20>=95,"A+",IF(H20>=85,"A",IF(H20>=80,"A-",IF(H20>=75,"B+",IF(H20>=70,"B",IF(H20>=65,"B-",IF(H20>=60,"C+",IF(H20>=55,"C",IF(H20>=50,"D","F"))))))))) -> A
A21: 17 | B21: 223014105 | C21: Navid Rahman | D21: =CSE4098B_Spring2026_Report!AB21 -> 34.67 | E21: =MIN(45, IF(CSE4098B_Spring2026_Presentatio!Z21>1, CSE4098B_Spring2026_Presentatio!Z21, CSE4098B_Spring2026_Presentatio!Z21*45)) -> 45 | F21: 5 | G21: 9 | H21: =SUM(D21:G21) -> 93.67 | I21: =IF(H21>=95,"A+",IF(H21>=85,"A",IF(H21>=80,"A-",IF(H21>=75,"B+",IF(H21>=70,"B",IF(H21>=65,"B-",IF(H21>=60,"C+",IF(H21>=55,"C",IF(H21>=50,"D","F"))))))))) -> A
A22: 18 | B22: 223014196 | C22: Shafwan Shadid Khan | D22: =CSE4098B_Spring2026_Report!AB22 -> 34.67 | E22: =MIN(45, IF(CSE4098B_Spring2026_Presentatio!Z22>1, CSE4098B_Spring2026_Presentatio!Z22, CSE4098B_Spring2026_Presentatio!Z22*45)) -> 42.78 | F22: 5 | G22: 9 | H22: =SUM(D22:G22) -> 91.45 | I22: =IF(H22>=95,"A+",IF(H22>=85,"A",IF(H22>=80,"A-",IF(H22>=75,"B+",IF(H22>=70,"B",IF(H22>=65,"B-",IF(H22>=60,"C+",IF(H22>=55,"C",IF(H22>=50,"D","F"))))))))) -> A
A23: 19 | B23: 223014213 | C23: Md. Minhazul Islam | D23: =CSE4098B_Spring2026_Report!AB23 -> 34.86 | E23: =MIN(45, IF(CSE4098B_Spring2026_Presentatio!Z23>1, CSE4098B_Spring2026_Presentatio!Z23, CSE4098B_Spring2026_Presentatio!Z23*45)) -> 42.74 | F23: 5 | G23: 10 | H23: =SUM(D23:G23) -> 92.6 | I23: =IF(H23>=95,"A+",IF(H23>=85,"A",IF(H23>=80,"A-",IF(H23>=75,"B+",IF(H23>=70,"B",IF(H23>=65,"B-",IF(H23>=60,"C+",IF(H23>=55,"C",IF(H23>=50,"D","F"))))))))) -> A | J23: JFR | K23: AI-Enabled Bi-Directional Translation System for Continuous Bengali Sign Language in Daily Conversation
A24: 20 | B24: 223014078 | C24: Shakhar Das Rony | D24: =CSE4098B_Spring2026_Report!AB24 -> 34.86 | E24: =MIN(45, IF(CSE4098B_Spring2026_Presentatio!Z24>1, CSE4098B_Spring2026_Presentatio!Z24, CSE4098B_Spring2026_Presentatio!Z24*45)) -> 43.48 | F24: 5 | G24: 10 | H24: =SUM(D24:G24) -> 93.34 | I24: =IF(H24>=95,"A+",IF(H24>=85,"A",IF(H24>=80,"A-",IF(H24>=75,"B+",IF(H24>=70,"B",IF(H24>=65,"B-",IF(H24>=60,"C+",IF(H24>=55,"C",IF(H24>=50,"D","F"))))))))) -> A
A25: 21 | B25: 223014212 | C25: Md. Tamim Hasan | D25: =CSE4098B_Spring2026_Report!AB25 -> 34.86 | E25: =MIN(45, IF(CSE4098B_Spring2026_Presentatio!Z25>1, CSE4098B_Spring2026_Presentatio!Z25, CSE4098B_Spring2026_Presentatio!Z25*45)) -> 42.74 | F25: 5 | G25: 10 | H25: =SUM(D25:G25) -> 92.6 | I25: =IF(H25>=95,"A+",IF(H25>=85,"A",IF(H25>=80,"A-",IF(H25>=75,"B+",IF(H25>=70,"B",IF(H25>=65,"B-",IF(H25>=60,"C+",IF(H25>=55,"C",IF(H25>=50,"D","F"))))))))) -> A
A26: 22 | B26: 231014049 | C26: Kazi Noor E Saba | D26: =CSE4098B_Spring2026_Report!AB26 -> 36.38 | E26: =MIN(45, IF(CSE4098B_Spring2026_Presentatio!Z26>1, CSE4098B_Spring2026_Presentatio!Z26, CSE4098B_Spring2026_Presentatio!Z26*45)) -> 45 | F26: 5 | G26: 10 | H26: =SUM(D26:G26) -> 96.38 | I26: =IF(H26>=95,"A+",IF(H26>=85,"A",IF(H26>=80,"A-",IF(H26>=75,"B+",IF(H26>=70,"B",IF(H26>=65,"B-",IF(H26>=60,"C+",IF(H26>=55,"C",IF(H26>=50,"D","F"))))))))) -> A+ | J26: NafM | K26: Blockchain Based Bug Bounty System with A Novel Reputation Driven Consensus Mechanism
A27: 23 | B27: 231014016 | C27: Md. Akib Al Mahmud Dihan | D27: =CSE4098B_Spring2026_Report!AB27 -> 36.38 | E27: =MIN(45, IF(CSE4098B_Spring2026_Presentatio!Z27>1, CSE4098B_Spring2026_Presentatio!Z27, CSE4098B_Spring2026_Presentatio!Z27*45)) -> 45 | F27: 5 | G27: 10 | H27: =SUM(D27:G27) -> 96.38 | I27: =IF(H27>=95,"A+",IF(H27>=85,"A",IF(H27>=80,"A-",IF(H27>=75,"B+",IF(H27>=70,"B",IF(H27>=65,"B-",IF(H27>=60,"C+",IF(H27>=55,"C",IF(H27>=50,"D","F"))))))))) -> A+
A28: 24 | B28: 231014125 | C28: Jumana Muntaha | D28: =CSE4098B_Spring2026_Report!AB28 -> 36.38 | E28: =MIN(45, IF(CSE4098B_Spring2026_Presentatio!Z28>1, CSE4098B_Spring2026_Presentatio!Z28, CSE4098B_Spring2026_Presentatio!Z28*45)) -> 45 | F28: 5 | G28: 10 | H28: =SUM(D28:G28) -> 96.38 | I28: =IF(H28>=95,"A+",IF(H28>=85,"A",IF(H28>=80,"A-",IF(H28>=75,"B+",IF(H28>=70,"B",IF(H28>=65,"B-",IF(H28>=60,"C+",IF(H28>=55,"C",IF(H28>=50,"D","F"))))))))) -> A+
A29: 25 | B29: 231014142 | C29: Abida Binte Asif | D29: =CSE4098B_Spring2026_Report!AB29 -> 36.38 | E29: =MIN(45, IF(CSE4098B_Spring2026_Presentatio!Z29>1, CSE4098B_Spring2026_Presentatio!Z29, CSE4098B_Spring2026_Presentatio!Z29*45)) -> 44.33 | F29: 5 | G29: 10 | H29: =SUM(D29:G29) -> 95.71 | I29: =IF(H29>=95,"A+",IF(H29>=85,"A",IF(H29>=80,"A-",IF(H29>=75,"B+",IF(H29>=70,"B",IF(H29>=65,"B-",IF(H29>=60,"C+",IF(H29>=55,"C",IF(H29>=50,"D","F"))))))))) -> A+
A30: 26 | B30: 223014146 | C30: Sami Hossain | D30: =CSE4098B_Spring2026_Report!AB30 -> 36.38 | E30: =MIN(45, IF(CSE4098B_Spring2026_Presentatio!Z30>1, CSE4098B_Spring2026_Presentatio!Z30, CSE4098B_Spring2026_Presentatio!Z30*45)) -> 44 | F30: 5 | G30: 10 | H30: =SUM(D30:G30) -> 95.38 | I30: =IF(H30>=95,"A+",IF(H30>=85,"A",IF(H30>=80,"A-",IF(H30>=75,"B+",IF(H30>=70,"B",IF(H30>=65,"B-",IF(H30>=60,"C+",IF(H30>=55,"C",IF(H30>=50,"D","F"))))))))) -> A+
A31: 27 | B31: 231014024 | C31: Md. Shohanoor Rahman | D31: =CSE4098B_Spring2026_Report!AB31 -> 34.67 | E31: =MIN(45, IF(CSE4098B_Spring2026_Presentatio!Z31>1, CSE4098B_Spring2026_Presentatio!Z31, CSE4098B_Spring2026_Presentatio!Z31*45)) -> 34.33 | F31: 5 | G31: 10 | H31: =SUM(D31:G31) -> 84 | I31: =IF(H31>=95,"A+",IF(H31>=85,"A",IF(H31>=80,"A-",IF(H31>=75,"B+",IF(H31>=70,"B",IF(H31>=65,"B-",IF(H31>=60,"C+",IF(H31>=55,"C",IF(H31>=50,"D","F"))))))))) -> A- | J31: NafM | K31: Design of an Efficient Consensus Mechanism for Transparent Private Blockchain-Based Donation Systems
A32: 28 | B32: 231014064 | C32: Pranto Sikder | D32: =CSE4098B_Spring2026_Report!AB32 -> 34.67 | E32: =MIN(45, IF(CSE4098B_Spring2026_Presentatio!Z32>1, CSE4098B_Spring2026_Presentatio!Z32, CSE4098B_Spring2026_Presentatio!Z32*45)) -> 34.33 | F32: 5 | G32: 10 | H32: =SUM(D32:G32) -> 84 | I32: =IF(H32>=95,"A+",IF(H32>=85,"A",IF(H32>=80,"A-",IF(H32>=75,"B+",IF(H32>=70,"B",IF(H32>=65,"B-",IF(H32>=60,"C+",IF(H32>=55,"C",IF(H32>=50,"D","F"))))))))) -> A-
A33: 29 | B33: 231014050 | C33: Mahmudul Hasan Zeshan | D33: =CSE4098B_Spring2026_Report!AB33 -> 34.67 | E33: =MIN(45, IF(CSE4098B_Spring2026_Presentatio!Z33>1, CSE4098B_Spring2026_Presentatio!Z33, CSE4098B_Spring2026_Presentatio!Z33*45)) -> 34.33 | F33: 5 | G33: 10 | H33: =SUM(D33:G33) -> 84 | I33: =IF(H33>=95,"A+",IF(H33>=85,"A",IF(H33>=80,"A-",IF(H33>=75,"B+",IF(H33>=70,"B",IF(H33>=65,"B-",IF(H33>=60,"C+",IF(H33>=55,"C",IF(H33>=50,"D","F"))))))))) -> A-
A34: 30 | B34: 231014160 | C34: Aysha Siddika Methila | D34: =CSE4098B_Spring2026_Report!AB34 -> 34.67 | E34: =MIN(45, IF(CSE4098B_Spring2026_Presentatio!Z34>1, CSE4098B_Spring2026_Presentatio!Z34, CSE4098B_Spring2026_Presentatio!Z34*45)) -> 34.33 | F34: 5 | G34: 10 | H34: =SUM(D34:G34) -> 84 | I34: =IF(H34>=95,"A+",IF(H34>=85,"A",IF(H34>=80,"A-",IF(H34>=75,"B+",IF(H34>=70,"B",IF(H34>=65,"B-",IF(H34>=60,"C+",IF(H34>=55,"C",IF(H34>=50,"D","F"))))))))) -> A-
A35: 31 | B35: 231014116 | C35: Sukanta Majumder | D35: =CSE4098B_Spring2026_Report!AB35 -> 34.67 | E35: =MIN(45, IF(CSE4098B_Spring2026_Presentatio!Z35>1, CSE4098B_Spring2026_Presentatio!Z35, CSE4098B_Spring2026_Presentatio!Z35*45)) -> 34.33 | F35: 5 | G35: 10 | H35: =SUM(D35:G35) -> 84 | I35: =IF(H35>=95,"A+",IF(H35>=85,"A",IF(H35>=80,"A-",IF(H35>=75,"B+",IF(H35>=70,"B",IF(H35>=65,"B-",IF(H35>=60,"C+",IF(H35>=55,"C",IF(H35>=50,"D","F"))))))))) -> A-
A36: 32 | B36: 212014015 | C36: Md. Arif Hossain Mir | D36: =CSE4098B_Spring2026_Report!AB36 -> 34.47 | E36: =MIN(45, IF(CSE4098B_Spring2026_Presentatio!Z36>1, CSE4098B_Spring2026_Presentatio!Z36, CSE4098B_Spring2026_Presentatio!Z36*45)) -> 39.11 | F36: 4 | G36: 9 | H36: =SUM(D36:G36) -> 86.58 | I36: =IF(H36>=95,"A+",IF(H36>=85,"A",IF(H36>=80,"A-",IF(H36>=75,"B+",IF(H36>=70,"B",IF(H36>=65,"B-",IF(H36>=60,"C+",IF(H36>=55,"C",IF(H36>=50,"D","F"))))))))) -> A | J36: MdKH | K36: Cross-Lingual Abstractive Summarization with Transformers for Bangla and Chinese
A37: 33 | B37: 223014050 | C37: Isnat Jahan Ome | D37: =CSE4098B_Spring2026_Report!AB37 -> 34.47 | E37: =MIN(45, IF(CSE4098B_Spring2026_Presentatio!Z37>1, CSE4098B_Spring2026_Presentatio!Z37, CSE4098B_Spring2026_Presentatio!Z37*45)) -> 36.22 | F37: 4 | G37: 9 | H37: =SUM(D37:G37) -> 83.69 | I37: =IF(H37>=95,"A+",IF(H37>=85,"A",IF(H37>=80,"A-",IF(H37>=75,"B+",IF(H37>=70,"B",IF(H37>=65,"B-",IF(H37>=60,"C+",IF(H37>=55,"C",IF(H37>=50,"D","F"))))))))) -> A-
A38: 34 | B38: 231014075 | C38: Hasib Mahmud | D38: =CSE4098B_Spring2026_Report!AB38 -> 34.47 | E38: =MIN(45, IF(CSE4098B_Spring2026_Presentatio!Z38>1, CSE4098B_Spring2026_Presentatio!Z38, CSE4098B_Spring2026_Presentatio!Z38*45)) -> 36.67 | F38: 4 | G38: 9 | H38: =SUM(D38:G38) -> 84.14 | I38: =IF(H38>=95,"A+",IF(H38>=85,"A",IF(H38>=80,"A-",IF(H38>=75,"B+",IF(H38>=70,"B",IF(H38>=65,"B-",IF(H38>=60,"C+",IF(H38>=55,"C",IF(H38>=50,"D","F"))))))))) -> A-
A39: 35 | B39: 221014135 | C39: Aminul Islam | D39: =CSE4098B_Spring2026_Report!AB39 -> 30.86 | E39: =MIN(45, IF(CSE4098B_Spring2026_Presentatio!Z39>1, CSE4098B_Spring2026_Presentatio!Z39, CSE4098B_Spring2026_Presentatio!Z39*45)) -> 31.56 | F39: 4 | G39: 7 | H39: =SUM(D39:G39) -> 73.42 | I39: =IF(H39>=95,"A+",IF(H39>=85,"A",IF(H39>=80,"A-",IF(H39>=75,"B+",IF(H39>=70,"B",IF(H39>=65,"B-",IF(H39>=60,"C+",IF(H39>=55,"C",IF(H39>=50,"D","F"))))))))) -> B | J39: WFU | K39: An Intelligent CV Screening Model Using NLP And LLM
A40: 36 | B40: 221014018 | C40: Israfill Hossain Mehedi | D40: =CSE4098B_Spring2026_Report!AB40 -> 30.86 | E40: =MIN(45, IF(CSE4098B_Spring2026_Presentatio!Z40>1, CSE4098B_Spring2026_Presentatio!Z40, CSE4098B_Spring2026_Presentatio!Z40*45)) -> 36.44 | F40: 5 | G40: 10 | H40: =SUM(D40:G40) -> 82.3 | I40: =IF(H40>=95,"A+",IF(H40>=85,"A",IF(H40>=80,"A-",IF(H40>=75,"B+",IF(H40>=70,"B",IF(H40>=65,"B-",IF(H40>=60,"C+",IF(H40>=55,"C",IF(H40>=50,"D","F"))))))))) -> A-
A41: 37 | B41: 221014008 | C41: Mahmudul Hasan Dipto | D41: =CSE4098B_Spring2026_Report!AB41 -> 30.86 | E41: =MIN(45, IF(CSE4098B_Spring2026_Presentatio!Z41>1, CSE4098B_Spring2026_Presentatio!Z41, CSE4098B_Spring2026_Presentatio!Z41*45)) -> 31.56 | F41: 4 | G41: 7 | H41: =SUM(D41:G41) -> 73.42 | I41: =IF(H41>=95,"A+",IF(H41>=85,"A",IF(H41>=80,"A-",IF(H41>=75,"B+",IF(H41>=70,"B",IF(H41>=65,"B-",IF(H41>=60,"C+",IF(H41>=55,"C",IF(H41>=50,"D","F"))))))))) -> B
A42: 38 | B42: 223014086 | C42: Talat Mahmud Lam | D42: =CSE4098B_Spring2026_Report!AB42 -> 35.43 | E42: =MIN(45, IF(CSE4098B_Spring2026_Presentatio!Z42>1, CSE4098B_Spring2026_Presentatio!Z42, CSE4098B_Spring2026_Presentatio!Z42*45)) -> 42.67 | F42: 5 | G42: 10 | H42: =SUM(D42:G42) -> 93.1 | I42: =IF(H42>=95,"A+",IF(H42>=85,"A",IF(H42>=80,"A-",IF(H42>=75,"B+",IF(H42>=70,"B",IF(H42>=65,"B-",IF(H42>=60,"C+",IF(H42>=55,"C",IF(H42>=50,"D","F"))))))))) -> A | J42: MNMA | K42: A Unified, Multimodal Deep Learning Framework for Online Exam Proctoring and Student Attention Detection using Behavioral Biometrics
A43: 39 | B43: 223014033 | C43: Sadia Nuzat Prova | D43: =CSE4098B_Spring2026_Report!AB43 -> 35.43 | E43: =MIN(45, IF(CSE4098B_Spring2026_Presentatio!Z43>1, CSE4098B_Spring2026_Presentatio!Z43, CSE4098B_Spring2026_Presentatio!Z43*45)) -> 39.11 | F43: 5 | G43: 9 | H43: =SUM(D43:G43) -> 88.54 | I43: =IF(H43>=95,"A+",IF(H43>=85,"A",IF(H43>=80,"A-",IF(H43>=75,"B+",IF(H43>=70,"B",IF(H43>=65,"B-",IF(H43>=60,"C+",IF(H43>=55,"C",IF(H43>=50,"D","F"))))))))) -> A
A44: 40 | B44: 223014042 | C44: Shahin Alam | D44: =CSE4098B_Spring2026_Report!AB44 -> 35.43 | E44: =MIN(45, IF(CSE4098B_Spring2026_Presentatio!Z44>1, CSE4098B_Spring2026_Presentatio!Z44, CSE4098B_Spring2026_Presentatio!Z44*45)) -> 34 | F44: 4 | G44: 8 | H44: =SUM(D44:G44) -> 81.43 | I44: =IF(H44>=95,"A+",IF(H44>=85,"A",IF(H44>=80,"A-",IF(H44>=75,"B+",IF(H44>=70,"B",IF(H44>=65,"B-",IF(H44>=60,"C+",IF(H44>=55,"C",IF(H44>=50,"D","F"))))))))) -> A-
A45: 41 | B45: 223014040 | C45: Umme Asma Busra | D45: =CSE4098B_Spring2026_Report!AB45 -> 35.43 | E45: =MIN(45, IF(CSE4098B_Spring2026_Presentatio!Z45>1, CSE4098B_Spring2026_Presentatio!Z45, CSE4098B_Spring2026_Presentatio!Z45*45)) -> 33.11 | F45: 4 | G45: 8 | H45: =SUM(D45:G45) -> 80.54 | I45: =IF(H45>=95,"A+",IF(H45>=85,"A",IF(H45>=80,"A-",IF(H45>=75,"B+",IF(H45>=70,"B",IF(H45>=65,"B-",IF(H45>=60,"C+",IF(H45>=55,"C",IF(H45>=50,"D","F"))))))))) -> A-
A46: 42 | B46: 223014054 | C46: Golam Munem Zarif | D46: =CSE4098B_Spring2026_Report!AB46 -> 35.43 | E46: =MIN(45, IF(CSE4098B_Spring2026_Presentatio!Z46>1, CSE4098B_Spring2026_Presentatio!Z46, CSE4098B_Spring2026_Presentatio!Z46*45)) -> 33.11 | F46: 4 | G46: 7 | H46: =SUM(D46:G46) -> 79.54 | I46: =IF(H46>=95,"A+",IF(H46>=85,"A",IF(H46>=80,"A-",IF(H46>=75,"B+",IF(H46>=70,"B",IF(H46>=65,"B-",IF(H46>=60,"C+",IF(H46>=55,"C",IF(H46>=50,"D","F"))))))))) -> B+
A47: 43 | B47: 223014176 | C47: MD.Samiul Alam | D47: =CSE4098B_Spring2026_Report!AB47 -> 16.19 | E47: =MIN(45, IF(CSE4098B_Spring2026_Presentatio!Z47>1, CSE4098B_Spring2026_Presentatio!Z47, CSE4098B_Spring2026_Presentatio!Z47*45)) -> 19.19 | F47: 2 | G47: 4 | H47: =SUM(D47:G47) -> 41.38 | I47: =IF(H47>=95,"A+",IF(H47>=85,"A",IF(H47>=80,"A-",IF(H47>=75,"B+",IF(H47>=70,"B",IF(H47>=65,"B-",IF(H47>=60,"C+",IF(H47>=55,"C",IF(H47>=50,"D","F"))))))))) -> F | J47: RWAIK | K47: An Embedded Systems Approach To Real-time Multi-sensor Data Acquisition And Control-oriented Optimization For Water Quality Monitoring In Bangladesh
A48: 44 | B48: 223014199 | C48: MD.Hafiz Ullah | D48: =CSE4098B_Spring2026_Report!AB48 -> 16.19 | E48: =MIN(45, IF(CSE4098B_Spring2026_Presentatio!Z48>1, CSE4098B_Spring2026_Presentatio!Z48, CSE4098B_Spring2026_Presentatio!Z48*45)) -> 19.19 | F48: 2 | G48: 4 | H48: =SUM(D48:G48) -> 41.38 | I48: =IF(H48>=95,"A+",IF(H48>=85,"A",IF(H48>=80,"A-",IF(H48>=75,"B+",IF(H48>=70,"B",IF(H48>=65,"B-",IF(H48>=60,"C+",IF(H48>=55,"C",IF(H48>=50,"D","F"))))))))) -> F
A49: 45 | B49: 223014012 | C49: MD.Yusuf | D49: =CSE4098B_Spring2026_Report!AB49 -> 16.19 | E49: =MIN(45, IF(CSE4098B_Spring2026_Presentatio!Z49>1, CSE4098B_Spring2026_Presentatio!Z49, CSE4098B_Spring2026_Presentatio!Z49*45)) -> 18.74 | F49: 2 | G49: 4 | H49: =SUM(D49:G49) -> 40.93 | I49: =IF(H49>=95,"A+",IF(H49>=85,"A",IF(H49>=80,"A-",IF(H49>=75,"B+",IF(H49>=70,"B",IF(H49>=65,"B-",IF(H49>=60,"C+",IF(H49>=55,"C",IF(H49>=50,"D","F"))))))))) -> F
A50: 46 | B50: 211014030 | C50: Mahfuzur Rahman | D50: =CSE4098B_Spring2026_Report!AB50 -> 16.19 | E50: =MIN(45, IF(CSE4098B_Spring2026_Presentatio!Z50>1, CSE4098B_Spring2026_Presentatio!Z50, CSE4098B_Spring2026_Presentatio!Z50*45)) -> 18.89 | F50: 2 | G50: 4 | H50: =SUM(D50:G50) -> 41.08 | I50: =IF(H50>=95,"A+",IF(H50>=85,"A",IF(H50>=80,"A-",IF(H50>=75,"B+",IF(H50>=70,"B",IF(H50>=65,"B-",IF(H50>=60,"C+",IF(H50>=55,"C",IF(H50>=50,"D","F"))))))))) -> F
A51: 47 | B51: 223014143 | C51: Upoma Paul | D51: =CSE4098B_Spring2026_Report!AB51 -> 30.86 | E51: =MIN(45, IF(CSE4098B_Spring2026_Presentatio!Z51>1, CSE4098B_Spring2026_Presentatio!Z51, CSE4098B_Spring2026_Presentatio!Z51*45)) -> 30.22 | F51: 4 | G51: 8 | H51: =SUM(D51:G51) -> 73.08 | I51: =IF(H51>=95,"A+",IF(H51>=85,"A",IF(H51>=80,"A-",IF(H51>=75,"B+",IF(H51>=70,"B",IF(H51>=65,"B-",IF(H51>=60,"C+",IF(H51>=55,"C",IF(H51>=50,"D","F"))))))))) -> B | J51: SJSQ | K51: Foodbot- Personal Food and health Assistant
A52: 48 | B52: 231014167 | C52: Fariha Ahmed | D52: =CSE4098B_Spring2026_Report!AB52 -> 30.86 | E52: =MIN(45, IF(CSE4098B_Spring2026_Presentatio!Z52>1, CSE4098B_Spring2026_Presentatio!Z52, CSE4098B_Spring2026_Presentatio!Z52*45)) -> 28.22 | F52: 4 | G52: 9 | H52: =SUM(D52:G52) -> 72.08 | I52: =IF(H52>=95,"A+",IF(H52>=85,"A",IF(H52>=80,"A-",IF(H52>=75,"B+",IF(H52>=70,"B",IF(H52>=65,"B-",IF(H52>=60,"C+",IF(H52>=55,"C",IF(H52>=50,"D","F"))))))))) -> B
A53: 49 | B53: 231014073 | C53: Amifat Juhad Pranto | D53: =CSE4098B_Spring2026_Report!AB53 -> 30.86 | E53: =MIN(45, IF(CSE4098B_Spring2026_Presentatio!Z53>1, CSE4098B_Spring2026_Presentatio!Z53, CSE4098B_Spring2026_Presentatio!Z53*45)) -> 32.89 | F53: 4 | G53: 9 | H53: =SUM(D53:G53) -> 76.75 | I53: =IF(H53>=95,"A+",IF(H53>=85,"A",IF(H53>=80,"A-",IF(H53>=75,"B+",IF(H53>=70,"B",IF(H53>=65,"B-",IF(H53>=60,"C+",IF(H53>=55,"C",IF(H53>=50,"D","F"))))))))) -> B+
A54: 50 | B54: 232014058 | C54: Tasnia Kabir Mahia | D54: =CSE4098B_Spring2026_Report!AB54 -> 30.86 | E54: =MIN(45, IF(CSE4098B_Spring2026_Presentatio!Z54>1, CSE4098B_Spring2026_Presentatio!Z54, CSE4098B_Spring2026_Presentatio!Z54*45)) -> 30.89 | F54: 3 | G54: 7 | H54: =SUM(D54:G54) -> 71.75 | I54: =IF(H54>=95,"A+",IF(H54>=85,"A",IF(H54>=80,"A-",IF(H54>=75,"B+",IF(H54>=70,"B",IF(H54>=65,"B-",IF(H54>=60,"C+",IF(H54>=55,"C",IF(H54>=50,"D","F"))))))))) -> B
A55: 51 | B55: 223014183 | C55: Mahbuba Akter Chowdhury | D55: =CSE4098B_Spring2026_Report!AB55 -> 32.38 | E55: =MIN(45, IF(CSE4098B_Spring2026_Presentatio!Z55>1, CSE4098B_Spring2026_Presentatio!Z55, CSE4098B_Spring2026_Presentatio!Z55*45)) -> 39.78 | F55: 5 | G55: 9 | H55: =SUM(D55:G55) -> 86.16 | I55: =IF(H55>=95,"A+",IF(H55>=85,"A",IF(H55>=80,"A-",IF(H55>=75,"B+",IF(H55>=70,"B",IF(H55>=65,"B-",IF(H55>=60,"C+",IF(H55>=55,"C",IF(H55>=50,"D","F"))))))))) -> A | J55: SJSQ | K55: AI-Assisted Visual Programming Environment For C
A56: 52 | B56: 223014182 | C56: Divya Jyoti Bagchi | D56: =CSE4098B_Spring2026_Report!AB56 -> 32.38 | E56: =MIN(45, IF(CSE4098B_Spring2026_Presentatio!Z56>1, CSE4098B_Spring2026_Presentatio!Z56, CSE4098B_Spring2026_Presentatio!Z56*45)) -> 39.78 | F56: 5 | G56: 9 | H56: =SUM(D56:G56) -> 86.16 | I56: =IF(H56>=95,"A+",IF(H56>=85,"A",IF(H56>=80,"A-",IF(H56>=75,"B+",IF(H56>=70,"B",IF(H56>=65,"B-",IF(H56>=60,"C+",IF(H56>=55,"C",IF(H56>=50,"D","F"))))))))) -> A
A57: 53 | B57: 223014127 | C57: Naznine Sultana Nitu | D57: =CSE4098B_Spring2026_Report!AB57 -> 32.38 | E57: =MIN(45, IF(CSE4098B_Spring2026_Presentatio!Z57>1, CSE4098B_Spring2026_Presentatio!Z57, CSE4098B_Spring2026_Presentatio!Z57*45)) -> 39.78 | F57: 4 | G57: 9 | H57: =SUM(D57:G57) -> 85.16 | I57: =IF(H57>=95,"A+",IF(H57>=85,"A",IF(H57>=80,"A-",IF(H57>=75,"B+",IF(H57>=70,"B",IF(H57>=65,"B-",IF(H57>=60,"C+",IF(H57>=55,"C",IF(H57>=50,"D","F"))))))))) -> A
A58: 54 | B58: 223014011 | C58: Fabiha Fayruj | D58: =CSE4098B_Spring2026_Report!AB58 -> 32.38 | E58: =MIN(45, IF(CSE4098B_Spring2026_Presentatio!Z58>1, CSE4098B_Spring2026_Presentatio!Z58, CSE4098B_Spring2026_Presentatio!Z58*45)) -> 40.44 | F58: 4 | G58: 8 | H58: =SUM(D58:G58) -> 84.82 | I58: =IF(H58>=95,"A+",IF(H58>=85,"A",IF(H58>=80,"A-",IF(H58>=75,"B+",IF(H58>=70,"B",IF(H58>=65,"B-",IF(H58>=60,"C+",IF(H58>=55,"C",IF(H58>=50,"D","F"))))))))) -> A-
A59: 55 | B59: 231014007 | C59: Abdullah Al Baki | D59: =CSE4098B_Spring2026_Report!AB59 -> 32.38 | E59: =MIN(45, IF(CSE4098B_Spring2026_Presentatio!Z59>1, CSE4098B_Spring2026_Presentatio!Z59, CSE4098B_Spring2026_Presentatio!Z59*45)) -> 39.78 | F59: 4 | G59: 8 | H59: =SUM(D59:G59) -> 84.16 | I59: =IF(H59>=95,"A+",IF(H59>=85,"A",IF(H59>=80,"A-",IF(H59>=75,"B+",IF(H59>=70,"B",IF(H59>=65,"B-",IF(H59>=60,"C+",IF(H59>=55,"C",IF(H59>=50,"D","F"))))))))) -> A-
A60: 56 | B60: 222014072 | C60: Md. Rahat Pervez | D60: =CSE4098B_Spring2026_Report!AB60 -> 28.57 | E60: =MIN(45, IF(CSE4098B_Spring2026_Presentatio!Z60>1, CSE4098B_Spring2026_Presentatio!Z60, CSE4098B_Spring2026_Presentatio!Z60*45)) -> 28.44 | F60: 4 | G60: 7 | H60: =SUM(D60:G60) -> 68.01 | I60: =IF(H60>=95,"A+",IF(H60>=85,"A",IF(H60>=80,"A-",IF(H60>=75,"B+",IF(H60>=70,"B",IF(H60>=65,"B-",IF(H60>=60,"C+",IF(H60>=55,"C",IF(H60>=50,"D","F"))))))))) -> B- | J60: NUA | K60: CareerLense – A Lens into CareerFit
A61: 57 | B61: 222014097 | C61: Md. Abul Hashem | D61: =CSE4098B_Spring2026_Report!AB61 -> 28.57 | E61: =MIN(45, IF(CSE4098B_Spring2026_Presentatio!Z61>1, CSE4098B_Spring2026_Presentatio!Z61, CSE4098B_Spring2026_Presentatio!Z61*45)) -> 26.74 | F61: 4 | G61: 7 | H61: =SUM(D61:G61) -> 66.31 | I61: =IF(H61>=95,"A+",IF(H61>=85,"A",IF(H61>=80,"A-",IF(H61>=75,"B+",IF(H61>=70,"B",IF(H61>=65,"B-",IF(H61>=60,"C+",IF(H61>=55,"C",IF(H61>=50,"D","F"))))))))) -> B-
A62: 58 | B62: 222014040 | C62: Md. Fiaz Anam Tasfi | D62: =CSE4098B_Spring2026_Report!AB62 -> 28.57 | E62: =MIN(45, IF(CSE4098B_Spring2026_Presentatio!Z62>1, CSE4098B_Spring2026_Presentatio!Z62, CSE4098B_Spring2026_Presentatio!Z62*45)) -> 26.15 | F62: 3 | G62: 6 | H62: =SUM(D62:G62) -> 63.72 | I62: =IF(H62>=95,"A+",IF(H62>=85,"A",IF(H62>=80,"A-",IF(H62>=75,"B+",IF(H62>=70,"B",IF(H62>=65,"B-",IF(H62>=60,"C+",IF(H62>=55,"C",IF(H62>=50,"D","F"))))))))) -> C+
A63: 59 | B63: 222014071 | C63: Kasfia Hossain | D63: =CSE4098B_Spring2026_Report!AB63 -> 28.57 | E63: =MIN(45, IF(CSE4098B_Spring2026_Presentatio!Z63>1, CSE4098B_Spring2026_Presentatio!Z63, CSE4098B_Spring2026_Presentatio!Z63*45)) -> 25.85 | F63: 3 | G63: 6 | H63: =SUM(D63:G63) -> 63.42 | I63: =IF(H63>=95,"A+",IF(H63>=85,"A",IF(H63>=80,"A-",IF(H63>=75,"B+",IF(H63>=70,"B",IF(H63>=65,"B-",IF(H63>=60,"C+",IF(H63>=55,"C",IF(H63>=50,"D","F"))))))))) -> C+
A64: 60 | B64: 223014195 | C64: Md. Rashedul Islam | D64: =CSE4098B_Spring2026_Report!AB64 -> 28.57 | E64: =MIN(45, IF(CSE4098B_Spring2026_Presentatio!Z64>1, CSE4098B_Spring2026_Presentatio!Z64, CSE4098B_Spring2026_Presentatio!Z64*45)) -> 25.85 | F64: 3 | G64: 6 | H64: =SUM(D64:G64) -> 63.42 | I64: =IF(H64>=95,"A+",IF(H64>=85,"A",IF(H64>=80,"A-",IF(H64>=75,"B+",IF(H64>=70,"B",IF(H64>=65,"B-",IF(H64>=60,"C+",IF(H64>=55,"C",IF(H64>=50,"D","F"))))))))) -> C+
A65: 61 | B65: 223014110 | C65: Md. Maruf Hossain | D65: =CSE4098B_Spring2026_Report!AB65 -> 31.81 | E65: =MIN(45, IF(CSE4098B_Spring2026_Presentatio!Z65>1, CSE4098B_Spring2026_Presentatio!Z65, CSE4098B_Spring2026_Presentatio!Z65*45)) -> 40.74 | F65: 5 | G65: 9 | H65: =SUM(D65:G65) -> 86.55 | I65: =IF(H65>=95,"A+",IF(H65>=85,"A",IF(H65>=80,"A-",IF(H65>=75,"B+",IF(H65>=70,"B",IF(H65>=65,"B-",IF(H65>=60,"C+",IF(H65>=55,"C",IF(H65>=50,"D","F"))))))))) -> A | J65: NUA | K65: OceanSense: An AI-Powered ENSO Early Disaster Warning System
A66: 62 | B66: 223014135 | C66: Rakibul Hasan | D66: =CSE4098B_Spring2026_Report!AB66 -> 31.81 | E66: =MIN(45, IF(CSE4098B_Spring2026_Presentatio!Z66>1, CSE4098B_Spring2026_Presentatio!Z66, CSE4098B_Spring2026_Presentatio!Z66*45)) -> 40.44 | F66: 5 | G66: 10 | H66: =SUM(D66:G66) -> 87.25 | I66: =IF(H66>=95,"A+",IF(H66>=85,"A",IF(H66>=80,"A-",IF(H66>=75,"B+",IF(H66>=70,"B",IF(H66>=65,"B-",IF(H66>=60,"C+",IF(H66>=55,"C",IF(H66>=50,"D","F"))))))))) -> A
A67: 63 | B67: 223014122 | C67: Rabbi Sadnan Khan | D67: =CSE4098B_Spring2026_Report!AB67 -> 31.81 | E67: =MIN(45, IF(CSE4098B_Spring2026_Presentatio!Z67>1, CSE4098B_Spring2026_Presentatio!Z67, CSE4098B_Spring2026_Presentatio!Z67*45)) -> 41.04 | F67: 5 | G67: 10 | H67: =SUM(D67:G67) -> 87.85 | I67: =IF(H67>=95,"A+",IF(H67>=85,"A",IF(H67>=80,"A-",IF(H67>=75,"B+",IF(H67>=70,"B",IF(H67>=65,"B-",IF(H67>=60,"C+",IF(H67>=55,"C",IF(H67>=50,"D","F"))))))))) -> A
A68: 64 | B68: 212014030 | C68: Faria Islam Sara | D68: =CSE4098B_Spring2026_Report!AB68 -> 31.81 | E68: =MIN(45, IF(CSE4098B_Spring2026_Presentatio!Z68>1, CSE4098B_Spring2026_Presentatio!Z68, CSE4098B_Spring2026_Presentatio!Z68*45)) -> 40.74 | F68: 5 | G68: 10 | H68: =SUM(D68:G68) -> 87.55 | I68: =IF(H68>=95,"A+",IF(H68>=85,"A",IF(H68>=80,"A-",IF(H68>=75,"B+",IF(H68>=70,"B",IF(H68>=65,"B-",IF(H68>=60,"C+",IF(H68>=55,"C",IF(H68>=50,"D","F"))))))))) -> A
A69: 65 | B69: 221014083 | C69: Salina Akhter | D69: =CSE4098B_Spring2026_Report!AB69 -> 5.33 | E69: =MIN(45, IF(CSE4098B_Spring2026_Presentatio!Z69>1, CSE4098B_Spring2026_Presentatio!Z69, CSE4098B_Spring2026_Presentatio!Z69*45)) -> 0 | F69: 0 | G69: 5 | H69: =SUM(D69:G69) -> 10.33 | I69: =IF(H69>=95,"A+",IF(H69>=85,"A",IF(H69>=80,"A-",IF(H69>=75,"B+",IF(H69>=70,"B",IF(H69>=65,"B-",IF(H69>=60,"C+",IF(H69>=55,"C",IF(H69>=50,"D","F"))))))))) -> F | J69: NafM | K69: Design and Implementation of a Memory-Augmented LLM-Based Adaptive Tutoring System
A70: 66 | B70: 221014104 | C70: Rownak Salsabil | D70: =CSE4098B_Spring2026_Report!AB70 -> 5.33 | E70: =MIN(45, IF(CSE4098B_Spring2026_Presentatio!Z70>1, CSE4098B_Spring2026_Presentatio!Z70, CSE4098B_Spring2026_Presentatio!Z70*45)) -> 12 | F70: 2 | G70: 5 | H70: =SUM(D70:G70) -> 24.33 | I70: =IF(H70>=95,"A+",IF(H70>=85,"A",IF(H70>=80,"A-",IF(H70>=75,"B+",IF(H70>=70,"B",IF(H70>=65,"B-",IF(H70>=60,"C+",IF(H70>=55,"C",IF(H70>=50,"D","F"))))))))) -> F
A71: 67 | B71: 221014077 | C71: Adnan Chowdhury | D71: =CSE4098B_Spring2026_Report!AB71 -> 5.33 | E71: =MIN(45, IF(CSE4098B_Spring2026_Presentatio!Z71>1, CSE4098B_Spring2026_Presentatio!Z71, CSE4098B_Spring2026_Presentatio!Z71*45)) -> 12 | F71: 1 | G71: 5 | H71: =SUM(D71:G71) -> 23.33 | I71: =IF(H71>=95,"A+",IF(H71>=85,"A",IF(H71>=80,"A-",IF(H71>=75,"B+",IF(H71>=70,"B",IF(H71>=65,"B-",IF(H71>=60,"C+",IF(H71>=55,"C",IF(H71>=50,"D","F"))))))))) -> F
A72: 68 | B72: 221014085 | C72: Sheikh Nusaibah Noor | D72: =CSE4098B_Spring2026_Report!AB72 -> 5.33 | E72: =MIN(45, IF(CSE4098B_Spring2026_Presentatio!Z72>1, CSE4098B_Spring2026_Presentatio!Z72, CSE4098B_Spring2026_Presentatio!Z72*45)) -> 12 | F72: 2 | G72: 5 | H72: =SUM(D72:G72) -> 24.33 | I72: =IF(H72>=95,"A+",IF(H72>=85,"A",IF(H72>=80,"A-",IF(H72>=75,"B+",IF(H72>=70,"B",IF(H72>=65,"B-",IF(H72>=60,"C+",IF(H72>=55,"C",IF(H72>=50,"D","F"))))))))) -> F
G78: Grade Summery
G79: A+ | H79: =COUNTIF(I5:I72, "A+") -> 5
G80: A | H80: =COUNTIF(I5:I72, "A") -> 20
G81: A- | H81: =COUNTIF(I5:I72, "A-") -> 17
G82: B+ | H82: =COUNTIF(I5:I72, "B+") -> 4
G83: B | H83: =COUNTIF(I5:I72, "B") -> 8
G84: B- | H84: =COUNTIF(I5:I72, "B-") -> 3
G85: C+ | H85: =COUNTIF(I5:I72, "C+") -> 3
G86: C | H86: =COUNTIF(I5:I72, "C") -> 0
G87: D | H87: =COUNTIF(I5:I72, "D") -> 0
G88: F | H88: =COUNTIF(I5:I72, "F") -> 8
G89: Total | H89: =SUM(H79:H88) -> 68
C97: Muhammad Golam Kibria
C98: CSE 4098 B

Sheet CO Report Evaluation
F1: Evaluator 01 | P1: Evaluator 02 | Z1: Supervisor | AI1: Final
A2: S/N | B2: Student ID | C2: Student Name | F2: CO1 | G2: CO2 | H2: CO3 | I2: CO4 | J2: CO5 | K2: CO6 | L2: CO7 | M2: CO8 | N2: CO9 | P2: CO1 | Q2: CO2 | R2: CO3 | S2: CO4 | T2: CO5 | U2: CO6 | V2: CO7 | W2: CO8 | X2: CO9 | Z2: CO1 | AA2: CO2 | AB2: CO3 | AC2: CO4 | AD2: CO5 | AE2: CO6 | AF2: CO7 | AG2: CO8 | AH2: CO9 | AI2: CO1 | AJ2: CO2 | AK2: CO3 | AL2: CO4 | AM2: CO5 | AN2: CO6 | AO2: CO7 | AP2: CO8 | AQ2: CO9
A3: 1 | B3: =CSE4098B_Spring2026_Grade!B5 -> 223014152 | C3: =CSE4098B_Spring2026_Grade!C5 -> Ahadul Islam Rahul | F3: 4 | G3: 2 | H3: 3 | I3: 3 | J3: 3 | K3: 4 | L3: 3 | M3: 3 | N3: 3 | P3: 4 | Q3: 2 | R3: 3 | S3: 3 | T3: 2 | U3: 4 | V3: 2 | W3: 3 | X3: 2 | Z3: 6 | AA3: 3 | AB3: 3 | AC3: 3 | AD3: 2 | AE3: 5 | AF3: 3 | AG3: 3 | AH3: 3 | AI3: =(F3+P3+Z3)/3 -> 4.6666667 | AJ3: =(AA3+Q3+G3)/3 -> 2.3333333 | AK3: =(H3+R3+AB3)/3 -> 3 | AL3: =(I3+S3+AC3)/3 -> 3 | AM3: =(J3+T3+AD3)/3 -> 2.3333333 | AN3: =(K3+U3+AE3)/3 -> 4.3333333 | AO3: =(L3+V3+AF3)/3 -> 2.6666667 | AP3: =(M3+W3+AG3)/3 -> 3 | AQ3: =(N3+X3+AH3)/3 -> 2.6666667
A4: 2 | B4: =CSE4098B_Spring2026_Grade!B6 -> 223014049 | C4: =CSE4098B_Spring2026_Grade!C6 -> Md. Sojib Al Hasan | F4: 4 | G4: 2 | H4: 3 | I4: 3 | J4: 3 | K4: 4 | L4: 3 | M4: 3 | N4: 3 | P4: 4 | Q4: 2 | R4: 3 | S4: 3 | T4: 2 | U4: 4 | V4: 2 | W4: 3 | X4: 2 | Z4: 6 | AA4: 3 | AB4: 3 | AC4: 3 | AD4: 2 | AE4: 5 | AF4: 3 | AG4: 3 | AH4: 3 | AI4: =(F4+P4+Z4)/3 -> 4.6666667 | AJ4: =(AA4+Q4+G4)/3 -> 2.3333333 | AK4: =(H4+R4+AB4)/3 -> 3 | AL4: =(I4+S4+AC4)/3 -> 3 | AM4: =(J4+T4+AD4)/3 -> 2.3333333 | AN4: =(K4+U4+AE4)/3 -> 4.3333333 | AO4: =(L4+V4+AF4)/3 -> 2.6666667 | AP4: =(M4+W4+AG4)/3 -> 3 | AQ4: =(N4+X4+AH4)/3 -> 2.6666667
A5: 3 | B5: =CSE4098B_Spring2026_Grade!B7 -> 222014039 | C5: =CSE4098B_Spring2026_Grade!C7 -> Nadia Akter Jui | F5: 4 | G5: 2 | H5: 3 | I5: 3 | J5: 3 | K5: 4 | L5: 3 | M5: 3 | N5: 3 | P5: 4 | Q5: 2 | R5: 3 | S5: 3 | T5: 2 | U5: 4 | V5: 2 | W5: 3 | X5: 2 | Z5: 6 | AA5: 3 | AB5: 3 | AC5: 3 | AD5: 2 | AE5: 5 | AF5: 3 | AG5: 3 | AH5: 3 | AI5: =(F5+P5+Z5)/3 -> 4.6666667 | AJ5: =(AA5+Q5+G5)/3 -> 2.3333333 | AK5: =(H5+R5+AB5)/3 -> 3 | AL5: =(I5+S5+AC5)/3 -> 3 | AM5: =(J5+T5+AD5)/3 -> 2.3333333 | AN5: =(K5+U5+AE5)/3 -> 4.3333333 | AO5: =(L5+V5+AF5)/3 -> 2.6666667 | AP5: =(M5+W5+AG5)/3 -> 3 | AQ5: =(N5+X5+AH5)/3 -> 2.6666667
A6: 4 | B6: =CSE4098B_Spring2026_Grade!B8 -> 222014012 | C6: =CSE4098B_Spring2026_Grade!C8 -> Md. Minhazul Islam | F6: 4 | G6: 2 | H6: 3 | I6: 3 | J6: 3 | K6: 4 | L6: 3 | M6: 3 | N6: 3 | P6: 4 | Q6: 2 | R6: 3 | S6: 3 | T6: 2 | U6: 4 | V6: 2 | W6: 3 | X6: 2 | Z6: 6 | AA6: 3 | AB6: 3 | AC6: 3 | AD6: 2 | AE6: 5 | AF6: 3 | AG6: 3 | AH6: 3 | AI6: =(F6+P6+Z6)/3 -> 4.6666667 | AJ6: =(AA6+Q6+G6)/3 -> 2.3333333 | AK6: =(H6+R6+AB6)/3 -> 3 | AL6: =(I6+S6+AC6)/3 -> 3 | AM6: =(J6+T6+AD6)/3 -> 2.3333333 | AN6: =(K6+U6+AE6)/3 -> 4.3333333 | AO6: =(L6+V6+AF6)/3 -> 2.6666667 | AP6: =(M6+W6+AG6)/3 -> 3 | AQ6: =(N6+X6+AH6)/3 -> 2.6666667
A7: 5 | B7: =CSE4098B_Spring2026_Grade!B9 -> 222014096 | C7: =CSE4098B_Spring2026_Grade!C9 -> Md. Shams Arefin | F7: 4 | G7: 2 | H7: 3 | I7: 3 | J7: 3 | K7: 4 | L7: 3 | M7: 3 | N7: 3 | P7: 4 | Q7: 2 | R7: 3 | S7: 3 | T7: 2 | U7: 4 | V7: 2 | W7: 3 | X7: 2 | Z7: 6 | AA7: 3 | AB7: 3 | AC7: 3 | AD7: 2 | AE7: 5 | AF7: 3 | AG7: 3 | AH7: 3 | AI7: =(F7+P7+Z7)/3 -> 4.6666667 | AJ7: =(AA7+Q7+G7)/3 -> 2.3333333 | AK7: =(H7+R7+AB7)/3 -> 3 | AL7: =(I7+S7+AC7)/3 -> 3 | AM7: =(J7+T7+AD7)/3 -> 2.3333333 | AN7: =(K7+U7+AE7)/3 -> 4.3333333 | AO7: =(L7+V7+AF7)/3 -> 2.6666667 | AP7: =(M7+W7+AG7)/3 -> 3 | AQ7: =(N7+X7+AH7)/3 -> 2.6666667
A8: 6 | B8: =CSE4098B_Spring2026_Grade!B10 -> 222014052 | C8: =CSE4098B_Spring2026_Grade!C10 -> Redwan Ahamad Samir | F8: 5 | G8: 3 | H8: 2 | I8: 3 | J8: 3 | K8: 6 | L8: 2 | M8: 2 | N8: 2 | P8: 5 | Q8: 3 | R8: 2 | S8: 2 | T8: 2 | U8: 5 | V8: 1 | W8: 1 | X8: 2 | Z8: 5 | AA8: 2 | AB8: 3 | AC8: 3 | AD8: 3 | AE8: 4 | AF8: 3 | AG8: 3 | AH8: 3 | AI8: =(F8+P8+Z8)/3 -> 5 | AJ8: =(AA8+Q8+G8)/3 -> 2.6666667 | AK8: =(H8+R8+AB8)/3 -> 2.3333333 | AL8: =(I8+S8+AC8)/3 -> 2.6666667 | AM8: =(J8+T8+AD8)/3 -> 2.6666667 | AN8: =(K8+U8+AE8)/3 -> 5 | AO8: =(L8+V8+AF8)/3 -> 2 | AP8: =(M8+W8+AG8)/3 -> 2 | AQ8: =(N8+X8+AH8)/3 -> 2.3333333
A9: 7 | B9: =CSE4098B_Spring2026_Grade!B11 -> 222014009 | C9: =CSE4098B_Spring2026_Grade!C11 -> Samia Rahman | F9: 5 | G9: 3 | H9: 2 | I9: 3 | J9: 3 | K9: 6 | L9: 2 | M9: 2 | N9: 2 | P9: 5 | Q9: 3 | R9: 2 | S9: 2 | T9: 2 | U9: 5 | V9: 1 | W9: 1 | X9: 2 | Z9: 5 | AA9: 2 | AB9: 3 | AC9: 3 | AD9: 3 | AE9: 4 | AF9: 3 | AG9: 3 | AH9: 3 | AI9: =(F9+P9+Z9)/3 -> 5 | AJ9: =(AA9+Q9+G9)/3 -> 2.6666667 | AK9: =(H9+R9+AB9)/3 -> 2.3333333 | AL9: =(I9+S9+AC9)/3 -> 2.6666667 | AM9: =(J9+T9+AD9)/3 -> 2.6666667 | AN9: =(K9+U9+AE9)/3 -> 5 | AO9: =(L9+V9+AF9)/3 -> 2 | AP9: =(M9+W9+AG9)/3 -> 2 | AQ9: =(N9+X9+AH9)/3 -> 2.3333333
A10: 8 | B10: =CSE4098B_Spring2026_Grade!B12 -> 222014088 | C10: =CSE4098B_Spring2026_Grade!C12 -> Md. Omur Faruk | F10: 5 | G10: 3 | H10: 2 | I10: 3 | J10: 3 | K10: 6 | L10: 2 | M10: 2 | N10: 2 | P10: 5 | Q10: 3 | R10: 2 | S10: 2 | T10: 2 | U10: 5 | V10: 1 | W10: 1 | X10: 2 | Z10: 5 | AA10: 2 | AB10: 3 | AC10: 3 | AD10: 3 | AE10: 4 | AF10: 3 | AG10: 3 | AH10: 3 | AI10: =(F10+P10+Z10)/3 -> 5 | AJ10: =(AA10+Q10+G10)/3 -> 2.6666667 | AK10: =(H10+R10+AB10)/3 -> 2.3333333 | AL10: =(I10+S10+AC10)/3 -> 2.6666667 | AM10: =(J10+T10+AD10)/3 -> 2.6666667 | AN10: =(K10+U10+AE10)/3 -> 5 | AO10: =(L10+V10+AF10)/3 -> 2 | AP10: =(M10+W10+AG10)/3 -> 2 | AQ10: =(N10+X10+AH10)/3 -> 2.3333333
A11: 9 | B11: =CSE4098B_Spring2026_Grade!B13 -> 231014021 | C11: =CSE4098B_Spring2026_Grade!C13 -> Raiyan Islam | F11: 5 | G11: 3 | H11: 2 | I11: 3 | J11: 3 | K11: 6 | L11: 2 | M11: 2 | N11: 2 | P11: 5 | Q11: 3 | R11: 2 | S11: 2 | T11: 2 | U11: 5 | V11: 1 | W11: 1 | X11: 2 | Z11: 5 | AA11: 2 | AB11: 3 | AC11: 3 | AD11: 3 | AE11: 4 | AF11: 3 | AG11: 3 | AH11: 3 | AI11: =(F11+P11+Z11)/3 -> 5 | AJ11: =(AA11+Q11+G11)/3 -> 2.6666667 | AK11: =(H11+R11+AB11)/3 -> 2.3333333 | AL11: =(I11+S11+AC11)/3 -> 2.6666667 | AM11: =(J11+T11+AD11)/3 -> 2.6666667 | AN11: =(K11+U11+AE11)/3 -> 5 | AO11: =(L11+V11+AF11)/3 -> 2 | AP11: =(M11+W11+AG11)/3 -> 2 | AQ11: =(N11+X11+AH11)/3 -> 2.3333333
A12: 10 | B12: =CSE4098B_Spring2026_Grade!B14 -> 223014142 | C12: =CSE4098B_Spring2026_Grade!C14 -> Tamanna Akter | F12: 5 | G12: 3 | H12: 3 | I12: 3 | J12: 5 | K12: 2 | L12: 3 | M12: 2 | N12: 2 | P12: 5 | Q12: 3 | R12: 3 | S12: 3 | T12: 5 | U12: 2 | V12: 3 | W12: 2 | X12: 2 | Z12: 5 | AA12: 2 | AB12: 2 | AC12: 3 | AD12: 3 | AE12: 4 | AF12: 2 | AG12: 2 | AH12: 2 | AI12: =(F12+P12+Z12)/3 -> 5 | AJ12: =(AA12+Q12+G12)/3 -> 2.6666667 | AK12: =(H12+R12+AB12)/3 -> 2.6666667 | AL12: =(I12+S12+AC12)/3 -> 3 | AM12: =(J12+T12+AD12)/3 -> 4.3333333 | AN12: =(K12+U12+AE12)/3 -> 2.6666667 | AO12: =(L12+V12+AF12)/3 -> 2.6666667 | AP12: =(M12+W12+AG12)/3 -> 2 | AQ12: =(N12+X12+AH12)/3 -> 2
A13: 11 | B13: =CSE4098B_Spring2026_Grade!B15 -> 223014204 | C13: =CSE4098B_Spring2026_Grade!C15 -> Ashrafun Nahar Rahi | F13: 5 | G13: 3 | H13: 3 | I13: 3 | J13: 5 | K13: 2 | L13: 3 | M13: 2 | N13: 2 | P13: 5 | Q13: 3 | R13: 3 | S13: 3 | T13: 5 | U13: 2 | V13: 3 | W13: 2 | X13: 2 | Z13: 5 | AA13: 2 | AB13: 2 | AC13: 3 | AD13: 3 | AE13: 4 | AF13: 2 | AG13: 2 | AH13: 2 | AI13: =(F13+P13+Z13)/3 -> 5 | AJ13: =(AA13+Q13+G13)/3 -> 2.6666667 | AK13: =(H13+R13+AB13)/3 -> 2.6666667 | AL13: =(I13+S13+AC13)/3 -> 3 | AM13: =(J13+T13+AD13)/3 -> 4.3333333 | AN13: =(K13+U13+AE13)/3 -> 2.6666667 | AO13: =(L13+V13+AF13)/3 -> 2.6666667 | AP13: =(M13+W13+AG13)/3 -> 2 | AQ13: =(N13+X13+AH13)/3 -> 2
A14: 12 | B14: =CSE4098B_Spring2026_Grade!B16 -> 213014052 | C14: =CSE4098B_Spring2026_Grade!C16 -> Khuslima Fardush Mony | F14: 5 | G14: 3 | H14: 3 | I14: 3 | J14: 5 | K14: 2 | L14: 3 | M14: 2 | N14: 2 | P14: 5 | Q14: 3 | R14: 3 | S14: 3 | T14: 5 | U14: 2 | V14: 3 | W14: 2 | X14: 2 | Z14: 5 | AA14: 2 | AB14: 2 | AC14: 3 | AD14: 3 | AE14: 4 | AF14: 2 | AG14: 2 | AH14: 2 | AI14: =(F14+P14+Z14)/3 -> 5 | AJ14: =(AA14+Q14+G14)/3 -> 2.6666667 | AK14: =(H14+R14+AB14)/3 -> 2.6666667 | AL14: =(I14+S14+AC14)/3 -> 3 | AM14: =(J14+T14+AD14)/3 -> 4.3333333 | AN14: =(K14+U14+AE14)/3 -> 2.6666667 | AO14: =(L14+V14+AF14)/3 -> 2.6666667 | AP14: =(M14+W14+AG14)/3 -> 2 | AQ14: =(N14+X14+AH14)/3 -> 2
A15: 13 | B15: =CSE4098B_Spring2026_Grade!B17 -> 221014035 | C15: =CSE4098B_Spring2026_Grade!C17 -> Md. Alif Hossain | F15: 5 | G15: 3 | H15: 3 | I15: 3 | J15: 5 | K15: 2 | L15: 3 | M15: 2 | N15: 2 | P15: 5 | Q15: 3 | R15: 3 | S15: 3 | T15: 5 | U15: 2 | V15: 3 | W15: 2 | X15: 2 | Z15: 5 | AA15: 2 | AB15: 2 | AC15: 3 | AD15: 3 | AE15: 4 | AF15: 2 | AG15: 2 | AH15: 2 | AI15: =(F15+P15+Z15)/3 -> 5 | AJ15: =(AA15+Q15+G15)/3 -> 2.6666667 | AK15: =(H15+R15+AB15)/3 -> 2.6666667 | AL15: =(I15+S15+AC15)/3 -> 3 | AM15: =(J15+T15+AD15)/3 -> 4.3333333 | AN15: =(K15+U15+AE15)/3 -> 2.6666667 | AO15: =(L15+V15+AF15)/3 -> 2.6666667 | AP15: =(M15+W15+AG15)/3 -> 2 | AQ15: =(N15+X15+AH15)/3 -> 2
A16: 14 | B16: =CSE4098B_Spring2026_Grade!B18 -> 223014074 | C16: =CSE4098B_Spring2026_Grade!C18 -> Salvir Rahman Ratul | F16: 5 | G16: 3 | H16: 2 | I16: 3 | J16: 2 | K16: 5 | L16: 2 | M16: 3 | N16: 2 | Z16: 6 | AA16: 3 | AB16: 3 | AC16: 3 | AD16: 3 | AE16: 5 | AF16: 2 | AG16: 3 | AH16: 2 | AI16: =(F16+P16+Z16)/3 -> 3.6666667 | AJ16: =(AA16+Q16+G16)/3 -> 2 | AK16: =(H16+R16+AB16)/3 -> 1.6666667 | AL16: =(I16+S16+AC16)/3 -> 2 | AM16: =(J16+T16+AD16)/3 -> 1.6666667 | AN16: =(K16+U16+AE16)/3 -> 3.3333333 | AO16: =(L16+V16+AF16)/3 -> 1.3333333 | AP16: =(M16+W16+AG16)/3 -> 2 | AQ16: =(N16+X16+AH16)/3 -> 1.3333333
A17: 15 | B17: =CSE4098B_Spring2026_Grade!B19 -> 223014133 | C17: =CSE4098B_Spring2026_Grade!C19 -> Nancy Drong | F17: 5 | G17: 3 | H17: 2 | I17: 3 | J17: 2 | K17: 5 | L17: 2 | M17: 3 | N17: 2 | Z17: 6 | AA17: 3 | AB17: 3 | AC17: 3 | AD17: 3 | AE17: 5 | AF17: 2 | AG17: 3 | AH17: 2 | AI17: =(F17+P17+Z17)/3 -> 3.6666667 | AJ17: =(AA17+Q17+G17)/3 -> 2 | AK17: =(H17+R17+AB17)/3 -> 1.6666667 | AL17: =(I17+S17+AC17)/3 -> 2 | AM17: =(J17+T17+AD17)/3 -> 1.6666667 | AN17: =(K17+U17+AE17)/3 -> 3.3333333 | AO17: =(L17+V17+AF17)/3 -> 1.3333333 | AP17: =(M17+W17+AG17)/3 -> 2 | AQ17: =(N17+X17+AH17)/3 -> 1.3333333
A18: 16 | B18: =CSE4098B_Spring2026_Grade!B20 -> 223014052 | C18: =CSE4098B_Spring2026_Grade!C20 -> Argho Das | F18: 5 | G18: 3 | H18: 2 | I18: 3 | J18: 2 | K18: 5 | L18: 2 | M18: 3 | N18: 2 | Z18: 6 | AA18: 3 | AB18: 3 | AC18: 3 | AD18: 3 | AE18: 5 | AF18: 2 | AG18: 3 | AH18: 2 | AI18: =(F18+P18+Z18)/3 -> 3.6666667 | AJ18: =(AA18+Q18+G18)/3 -> 2 | AK18: =(H18+R18+AB18)/3 -> 1.6666667 | AL18: =(I18+S18+AC18)/3 -> 2 | AM18: =(J18+T18+AD18)/3 -> 1.6666667 | AN18: =(K18+U18+AE18)/3 -> 3.3333333 | AO18: =(L18+V18+AF18)/3 -> 1.3333333 | AP18: =(M18+W18+AG18)/3 -> 2 | AQ18: =(N18+X18+AH18)/3 -> 1.3333333
A19: 17 | B19: =CSE4098B_Spring2026_Grade!B21 -> 223014105 | C19: =CSE4098B_Spring2026_Grade!C21 -> Navid Rahman | F19: 5 | G19: 3 | H19: 2 | I19: 3 | J19: 2 | K19: 5 | L19: 2 | M19: 3 | N19: 2 | Z19: 6 | AA19: 3 | AB19: 3 | AC19: 3 | AD19: 3 | AE19: 5 | AF19: 2 | AG19: 3 | AH19: 2 | AI19: =(F19+P19+Z19)/3 -> 3.6666667 | AJ19: =(AA19+Q19+G19)/3 -> 2 | AK19: =(H19+R19+AB19)/3 -> 1.6666667 | AL19: =(I19+S19+AC19)/3 -> 2 | AM19: =(J19+T19+AD19)/3 -> 1.6666667 | AN19: =(K19+U19+AE19)/3 -> 3.3333333 | AO19: =(L19+V19+AF19)/3 -> 1.3333333 | AP19: =(M19+W19+AG19)/3 -> 2 | AQ19: =(N19+X19+AH19)/3 -> 1.3333333
A20: 18 | B20: =CSE4098B_Spring2026_Grade!B22 -> 223014196 | C20: =CSE4098B_Spring2026_Grade!C22 -> Shafwan Shadid Khan | F20: 5 | G20: 3 | H20: 2 | I20: 3 | J20: 2 | K20: 5 | L20: 2 | M20: 3 | N20: 2 | Z20: 6 | AA20: 3 | AB20: 3 | AC20: 3 | AD20: 3 | AE20: 5 | AF20: 2 | AG20: 3 | AH20: 2 | AI20: =(F20+P20+Z20)/3 -> 3.6666667 | AJ20: =(AA20+Q20+G20)/3 -> 2 | AK20: =(H20+R20+AB20)/3 -> 1.6666667 | AL20: =(I20+S20+AC20)/3 -> 2 | AM20: =(J20+T20+AD20)/3 -> 1.6666667 | AN20: =(K20+U20+AE20)/3 -> 3.3333333 | AO20: =(L20+V20+AF20)/3 -> 1.3333333 | AP20: =(M20+W20+AG20)/3 -> 2 | AQ20: =(N20+X20+AH20)/3 -> 1.3333333
A21: 19 | B21: =CSE4098B_Spring2026_Grade!B23 -> 223014213 | C21: =CSE4098B_Spring2026_Grade!C23 -> Md. Minhazul Islam | F21: 5 | G21: 2 | H21: 2 | I21: 3 | J21: 3 | K21: 4 | L21: 2 | M21: 2 | N21: 2 | P21: 5 | Q21: 2 | R21: 3 | S21: 3 | T21: 3 | U21: 5 | V21: 2 | W21: 3 | X21: 2 | Z21: 6 | AA21: 3 | AB21: 3 | AC21: 3 | AD21: 3 | AE21: 5 | AF21: 2 | AG21: 3 | AH21: 2 | AI21: =(F21+P21+Z21)/3 -> 5.3333333 | AJ21: =(AA21+Q21+G21)/3 -> 2.3333333 | AK21: =(H21+R21+AB21)/3 -> 2.6666667 | AL21: =(I21+S21+AC21)/3 -> 3 | AM21: =(J21+T21+AD21)/3 -> 3 | AN21: =(K21+U21+AE21)/3 -> 4.6666667 | AO21: =(L21+V21+AF21)/3 -> 2 | AP21: =(M21+W21+AG21)/3 -> 2.6666667 | AQ21: =(N21+X21+AH21)/3 -> 2
A22: 20 | B22: =CSE4098B_Spring2026_Grade!B24 -> 223014078 | C22: =CSE4098B_Spring2026_Grade!C24 -> Shakhar Das Rony | F22: 5 | G22: 2 | H22: 2 | I22: 3 | J22: 3 | K22: 4 | L22: 2 | M22: 2 | N22: 2 | P22: 5 | Q22: 2 | R22: 3 | S22: 3 | T22: 3 | U22: 5 | V22: 2 | W22: 3 | X22: 2 | Z22: 6 | AA22: 3 | AB22: 3 | AC22: 3 | AD22: 3 | AE22: 5 | AF22: 2 | AG22: 3 | AH22: 2 | AI22: =(F22+P22+Z22)/3 -> 5.3333333 | AJ22: =(AA22+Q22+G22)/3 -> 2.3333333 | AK22: =(H22+R22+AB22)/3 -> 2.6666667 | AL22: =(I22+S22+AC22)/3 -> 3 | AM22: =(J22+T22+AD22)/3 -> 3 | AN22: =(K22+U22+AE22)/3 -> 4.6666667 | AO22: =(L22+V22+AF22)/3 -> 2 | AP22: =(M22+W22+AG22)/3 -> 2.6666667 | AQ22: =(N22+X22+AH22)/3 -> 2
A23: 21 | B23: =CSE4098B_Spring2026_Grade!B25 -> 223014212 | C23: =CSE4098B_Spring2026_Grade!C25 -> Md. Tamim Hasan | F23: 5 | G23: 2 | H23: 2 | I23: 3 | J23: 3 | K23: 4 | L23: 2 | M23: 2 | N23: 2 | P23: 5 | Q23: 2 | R23: 3 | S23: 3 | T23: 3 | U23: 5 | V23: 2 | W23: 3 | X23: 2 | Z23: 6 | AA23: 3 | AB23: 3 | AC23: 3 | AD23: 3 | AE23: 5 | AF23: 2 | AG23: 3 | AH23: 2 | AI23: =(F23+P23+Z23)/3 -> 5.3333333 | AJ23: =(AA23+Q23+G23)/3 -> 2.3333333 | AK23: =(H23+R23+AB23)/3 -> 2.6666667 | AL23: =(I23+S23+AC23)/3 -> 3 | AM23: =(J23+T23+AD23)/3 -> 3 | AN23: =(K23+U23+AE23)/3 -> 4.6666667 | AO23: =(L23+V23+AF23)/3 -> 2 | AP23: =(M23+W23+AG23)/3 -> 2.6666667 | AQ23: =(N23+X23+AH23)/3 -> 2
A24: 22 | B24: =CSE4098B_Spring2026_Grade!B26 -> 231014049 | C24: =CSE4098B_Spring2026_Grade!C26 -> Kazi Noor E Saba | F24: 5 | G24: 3 | H24: 3 | I24: 2 | J24: 3 | K24: 5 | L24: 3 | M24: 2 | N24: 3 | P24: 6 | Q24: 3 | R24: 3 | S24: 2 | T24: 2 | U24: 5 | V24: 3 | W24: 3 | X24: 3 | AI24: =(F24+P24+Z24)/3 -> 3.6666667 | AJ24: =(AA24+Q24+G24)/3 -> 2 | AK24: =(H24+R24+AB24)/3 -> 2 | AL24: =(I24+S24+AC24)/3 -> 1.3333333 | AM24: =(J24+T24+AD24)/3 -> 1.6666667 | AN24: =(K24+U24+AE24)/3 -> 3.3333333 | AO24: =(L24+V24+AF24)/3 -> 2 | AP24: =(M24+W24+AG24)/3 -> 1.6666667 | AQ24: =(N24+X24+AH24)/3 -> 2
A25: 23 | B25: =CSE4098B_Spring2026_Grade!B27 -> 231014016 | C25: =CSE4098B_Spring2026_Grade!C27 -> Md. Akib Al Mahmud Dihan | F25: 5 | G25: 3 | H25: 3 | I25: 2 | J25: 3 | K25: 5 | L25: 3 | M25: 2 | N25: 3 | P25: 6 | Q25: 3 | R25: 3 | S25: 2 | T25: 2 | U25: 5 | V25: 3 | W25: 3 | X25: 3 | AI25: =(F25+P25+Z25)/3 -> 3.6666667 | AJ25: =(AA25+Q25+G25)/3 -> 2 | AK25: =(H25+R25+AB25)/3 -> 2 | AL25: =(I25+S25+AC25)/3 -> 1.3333333 | AM25: =(J25+T25+AD25)/3 -> 1.6666667 | AN25: =(K25+U25+AE25)/3 -> 3.3333333 | AO25: =(L25+V25+AF25)/3 -> 2 | AP25: =(M25+W25+AG25)/3 -> 1.6666667 | AQ25: =(N25+X25+AH25)/3 -> 2
A26: 24 | B26: =CSE4098B_Spring2026_Grade!B28 -> 231014125 | C26: =CSE4098B_Spring2026_Grade!C28 -> Jumana Muntaha | F26: 5 | G26: 3 | H26: 3 | I26: 2 | J26: 3 | K26: 5 | L26: 3 | M26: 2 | N26: 3 | P26: 6 | Q26: 3 | R26: 3 | S26: 2 | T26: 2 | U26: 5 | V26: 3 | W26: 3 | X26: 3 | AI26: =(F26+P26+Z26)/3 -> 3.6666667 | AJ26: =(AA26+Q26+G26)/3 -> 2 | AK26: =(H26+R26+AB26)/3 -> 2 | AL26: =(I26+S26+AC26)/3 -> 1.3333333 | AM26: =(J26+T26+AD26)/3 -> 1.6666667 | AN26: =(K26+U26+AE26)/3 -> 3.3333333 | AO26: =(L26+V26+AF26)/3 -> 2 | AP26: =(M26+W26+AG26)/3 -> 1.6666667 | AQ26: =(N26+X26+AH26)/3 -> 2
A27: 25 | B27: =CSE4098B_Spring2026_Grade!B29 -> 231014142 | C27: =CSE4098B_Spring2026_Grade!C29 -> Abida Binte Asif | F27: 5 | G27: 3 | H27: 3 | I27: 2 | J27: 3 | K27: 5 | L27: 3 | M27: 2 | N27: 3 | P27: 6 | Q27: 3 | R27: 3 | S27: 2 | T27: 2 | U27: 5 | V27: 3 | W27: 3 | X27: 3 | AI27: =(F27+P27+Z27)/3 -> 3.6666667 | AJ27: =(AA27+Q27+G27)/3 -> 2 | AK27: =(H27+R27+AB27)/3 -> 2 | AL27: =(I27+S27+AC27)/3 -> 1.3333333 | AM27: =(J27+T27+AD27)/3 -> 1.6666667 | AN27: =(K27+U27+AE27)/3 -> 3.3333333 | AO27: =(L27+V27+AF27)/3 -> 2 | AP27: =(M27+W27+AG27)/3 -> 1.6666667 | AQ27: =(N27+X27+AH27)/3 -> 2
A28: 26 | B28: =CSE4098B_Spring2026_Grade!B30 -> 223014146 | C28: =CSE4098B_Spring2026_Grade!C30 -> Sami Hossain | F28: 5 | G28: 3 | H28: 3 | I28: 2 | J28: 3 | K28: 5 | L28: 3 | M28: 2 | N28: 3 | P28: 6 | Q28: 3 | R28: 3 | S28: 2 | T28: 2 | U28: 5 | V28: 3 | W28: 3 | X28: 3 | AI28: =(F28+P28+Z28)/3 -> 3.6666667 | AJ28: =(AA28+Q28+G28)/3 -> 2 | AK28: =(H28+R28+AB28)/3 -> 2 | AL28: =(I28+S28+AC28)/3 -> 1.3333333 | AM28: =(J28+T28+AD28)/3 -> 1.6666667 | AN28: =(K28+U28+AE28)/3 -> 3.3333333 | AO28: =(L28+V28+AF28)/3 -> 2 | AP28: =(M28+W28+AG28)/3 -> 1.6666667 | AQ28: =(N28+X28+AH28)/3 -> 2
A29: 27 | B29: =CSE4098B_Spring2026_Grade!B31 -> 231014024 | C29: =CSE4098B_Spring2026_Grade!C31 -> Md. Shohanoor Rahman | F29: 5 | G29: 3 | H29: 3 | I29: 3 | J29: 3 | K29: 2 | L29: 2 | M29: 1 | N29: 3 | P29: 5 | Q29: 3 | R29: 3 | S29: 2 | T29: 3 | U29: 5 | V29: 3 | W29: 2 | X29: 3 | AI29: =(F29+P29+Z29)/3 -> 3.3333333 | AJ29: =(AA29+Q29+G29)/3 -> 2 | AK29: =(H29+R29+AB29)/3 -> 2 | AL29: =(I29+S29+AC29)/3 -> 1.6666667 | AM29: =(J29+T29+AD29)/3 -> 2 | AN29: =(K29+U29+AE29)/3 -> 2.3333333 | AO29: =(L29+V29+AF29)/3 -> 1.6666667 | AP29: =(M29+W29+AG29)/3 -> 1 | AQ29: =(N29+X29+AH29)/3 -> 2
A30: 28 | B30: =CSE4098B_Spring2026_Grade!B32 -> 231014064 | C30: =CSE4098B_Spring2026_Grade!C32 -> Pranto Sikder | F30: 5 | G30: 3 | H30: 3 | I30: 3 | J30: 3 | K30: 2 | L30: 2 | M30: 1 | N30: 3 | P30: 5 | Q30: 3 | R30: 3 | S30: 2 | T30: 3 | U30: 5 | V30: 3 | W30: 2 | X30: 3 | AI30: =(F30+P30+Z30)/3 -> 3.3333333 | AJ30: =(AA30+Q30+G30)/3 -> 2 | AK30: =(H30+R30+AB30)/3 -> 2 | AL30: =(I30+S30+AC30)/3 -> 1.6666667 | AM30: =(J30+T30+AD30)/3 -> 2 | AN30: =(K30+U30+AE30)/3 -> 2.3333333 | AO30: =(L30+V30+AF30)/3 -> 1.6666667 | AP30: =(M30+W30+AG30)/3 -> 1 | AQ30: =(N30+X30+AH30)/3 -> 2
A31: 29 | B31: =CSE4098B_Spring2026_Grade!B33 -> 231014050 | C31: =CSE4098B_Spring2026_Grade!C33 -> Mahmudul Hasan Zeshan | F31: 5 | G31: 3 | H31: 3 | I31: 3 | J31: 3 | K31: 2 | L31: 2 | M31: 1 | N31: 3 | P31: 5 | Q31: 3 | R31: 3 | S31: 2 | T31: 3 | U31: 5 | V31: 3 | W31: 2 | X31: 3 | AI31: =(F31+P31+Z31)/3 -> 3.3333333 | AJ31: =(AA31+Q31+G31)/3 -> 2 | AK31: =(H31+R31+AB31)/3 -> 2 | AL31: =(I31+S31+AC31)/3 -> 1.6666667 | AM31: =(J31+T31+AD31)/3 -> 2 | AN31: =(K31+U31+AE31)/3 -> 2.3333333 | AO31: =(L31+V31+AF31)/3 -> 1.6666667 | AP31: =(M31+W31+AG31)/3 -> 1 | AQ31: =(N31+X31+AH31)/3 -> 2
A32: 30 | B32: =CSE4098B_Spring2026_Grade!B34 -> 231014160 | C32: =CSE4098B_Spring2026_Grade!C34 -> Aysha Siddika Methila | F32: 5 | G32: 3 | H32: 3 | I32: 3 | J32: 3 | K32: 2 | L32: 2 | M32: 1 | N32: 3 | P32: 5 | Q32: 3 | R32: 3 | S32: 2 | T32: 3 | U32: 5 | V32: 3 | W32: 2 | X32: 3 | AI32: =(F32+P32+Z32)/3 -> 3.3333333 | AJ32: =(AA32+Q32+G32)/3 -> 2 | AK32: =(H32+R32+AB32)/3 -> 2 | AL32: =(I32+S32+AC32)/3 -> 1.6666667 | AM32: =(J32+T32+AD32)/3 -> 2 | AN32: =(K32+U32+AE32)/3 -> 2.3333333 | AO32: =(L32+V32+AF32)/3 -> 1.6666667 | AP32: =(M32+W32+AG32)/3 -> 1 | AQ32: =(N32+X32+AH32)/3 -> 2
A33: 31 | B33: =CSE4098B_Spring2026_Grade!B35 -> 231014116 | C33: =CSE4098B_Spring2026_Grade!C35 -> Sukanta Majumder | F33: 5 | G33: 3 | H33: 3 | I33: 3 | J33: 3 | K33: 2 | L33: 2 | M33: 1 | N33: 3 | P33: 5 | Q33: 3 | R33: 3 | S33: 2 | T33: 3 | U33: 5 | V33: 3 | W33: 2 | X33: 3 | AI33: =(F33+P33+Z33)/3 -> 3.3333333 | AJ33: =(AA33+Q33+G33)/3 -> 2 | AK33: =(H33+R33+AB33)/3 -> 2 | AL33: =(I33+S33+AC33)/3 -> 1.6666667 | AM33: =(J33+T33+AD33)/3 -> 2 | AN33: =(K33+U33+AE33)/3 -> 2.3333333 | AO33: =(L33+V33+AF33)/3 -> 1.6666667 | AP33: =(M33+W33+AG33)/3 -> 1 | AQ33: =(N33+X33+AH33)/3 -> 2
A34: 32 | B34: =CSE4098B_Spring2026_Grade!B36 -> 212014015 | C34: =CSE4098B_Spring2026_Grade!C36 -> Md. Arif Hossain Mir | P34: 6 | Q34: 2 | R34: 2 | S34: 2 | T34: 3 | U34: 4 | V34: 2 | W34: 3 | X34: 3 | Z34: 6 | AA34: 2 | AB34: 2 | AC34: 3 | AD34: 2 | AE34: 6 | AF34: 2 | AG34: 2 | AH34: 3 | AI34: =(F34+P34+Z34)/3 -> 4 | AJ34: =(AA34+Q34+G34)/3 -> 1.3333333 | AK34: =(H34+R34+AB34)/3 -> 1.3333333 | AL34: =(I34+S34+AC34)/3 -> 1.6666667 | AM34: =(J34+T34+AD34)/3 -> 1.6666667 | AN34: =(K34+U34+AE34)/3 -> 3.3333333 | AO34: =(L34+V34+AF34)/3 -> 1.3333333 | AP34: =(M34+W34+AG34)/3 -> 1.6666667 | AQ34: =(N34+X34+AH34)/3 -> 2
A35: 33 | B35: =CSE4098B_Spring2026_Grade!B37 -> 223014050 | C35: =CSE4098B_Spring2026_Grade!C37 -> Isnat Jahan Ome | P35: 6 | Q35: 2 | R35: 2 | S35: 2 | T35: 3 | U35: 4 | V35: 2 | W35: 3 | X35: 3 | Z35: 6 | AA35: 2 | AB35: 2 | AC35: 3 | AD35: 2 | AE35: 6 | AF35: 2 | AG35: 2 | AH35: 3 | AI35: =(F35+P35+Z35)/3 -> 4 | AJ35: =(AA35+Q35+G35)/3 -> 1.3333333 | AK35: =(H35+R35+AB35)/3 -> 1.3333333 | AL35: =(I35+S35+AC35)/3 -> 1.6666667 | AM35: =(J35+T35+AD35)/3 -> 1.6666667 | AN35: =(K35+U35+AE35)/3 -> 3.3333333 | AO35: =(L35+V35+AF35)/3 -> 1.3333333 | AP35: =(M35+W35+AG35)/3 -> 1.6666667 | AQ35: =(N35+X35+AH35)/3 -> 2
A36: 34 | B36: =CSE4098B_Spring2026_Grade!B38 -> 231014075 | C36: =CSE4098B_Spring2026_Grade!C38 -> Hasib Mahmud | P36: 6 | Q36: 2 | R36: 2 | S36: 2 | T36: 3 | U36: 4 | V36: 2 | W36: 3 | X36: 3 | Z36: 6 | AA36: 2 | AB36: 2 | AC36: 3 | AD36: 2 | AE36: 6 | AF36: 2 | AG36: 2 | AH36: 3 | AI36: =(F36+P36+Z36)/3 -> 4 | AJ36: =(AA36+Q36+G36)/3 -> 1.3333333 | AK36: =(H36+R36+AB36)/3 -> 1.3333333 | AL36: =(I36+S36+AC36)/3 -> 1.6666667 | AM36: =(J36+T36+AD36)/3 -> 1.6666667 | AN36: =(K36+U36+AE36)/3 -> 3.3333333 | AO36: =(L36+V36+AF36)/3 -> 1.3333333 | AP36: =(M36+W36+AG36)/3 -> 1.6666667 | AQ36: =(N36+X36+AH36)/3 -> 2
A37: 35 | B37: =CSE4098B_Spring2026_Grade!B39 -> 221014135 | C37: =CSE4098B_Spring2026_Grade!C39 -> Aminul Islam | F37: 4 | G37: 2 | H37: 2 | I37: 2 | J37: 2 | K37: 4 | L37: 2 | M37: 2 | N37: 2 | P37: 4 | Q37: 2 | R37: 2 | S37: 3 | T37: 3 | U37: 4 | V37: 2 | W37: 3 | X37: 3 | Z37: 6 | AA37: 2 | AB37: 2 | AC37: 2 | AD37: 3 | AE37: 5 | AF37: 3 | AG37: 3 | AH37: 3 | AI37: =(F37+P37+Z37)/3 -> 4.6666667 | AJ37: =(AA37+Q37+G37)/3 -> 2 | AK37: =(H37+R37+AB37)/3 -> 2 | AL37: =(I37+S37+AC37)/3 -> 2.3333333 | AM37: =(J37+T37+AD37)/3 -> 2.6666667 | AN37: =(K37+U37+AE37)/3 -> 4.3333333 | AO37: =(L37+V37+AF37)/3 -> 2.3333333 | AP37: =(M37+W37+AG37)/3 -> 2.6666667 | AQ37: =(N37+X37+AH37)/3 -> 2.6666667
A38: 36 | B38: =CSE4098B_Spring2026_Grade!B40 -> 221014018 | C38: =CSE4098B_Spring2026_Grade!C40 -> Israfill Hossain Mehedi | F38: 4 | G38: 2 | H38: 2 | I38: 2 | J38: 2 | K38: 4 | L38: 2 | M38: 2 | N38: 2 | P38: 4 | Q38: 2 | R38: 2 | S38: 3 | T38: 3 | U38: 4 | V38: 2 | W38: 3 | X38: 3 | Z38: 6 | AA38: 2 | AB38: 2 | AC38: 2 | AD38: 3 | AE38: 5 | AF38: 3 | AG38: 3 | AH38: 3 | AI38: =(F38+P38+Z38)/3 -> 4.6666667 | AJ38: =(AA38+Q38+G38)/3 -> 2 | AK38: =(H38+R38+AB38)/3 -> 2 | AL38: =(I38+S38+AC38)/3 -> 2.3333333 | AM38: =(J38+T38+AD38)/3 -> 2.6666667 | AN38: =(K38+U38+AE38)/3 -> 4.3333333 | AO38: =(L38+V38+AF38)/3 -> 2.3333333 | AP38: =(M38+W38+AG38)/3 -> 2.6666667 | AQ38: =(N38+X38+AH38)/3 -> 2.6666667
A39: 37 | B39: =CSE4098B_Spring2026_Grade!B41 -> 221014008 | C39: =CSE4098B_Spring2026_Grade!C41 -> Mahmudul Hasan Dipto | F39: 4 | G39: 2 | H39: 2 | I39: 2 | J39: 2 | K39: 4 | L39: 2 | M39: 2 | N39: 2 | P39: 4 | Q39: 2 | R39: 2 | S39: 3 | T39: 3 | U39: 4 | V39: 2 | W39: 3 | X39: 3 | Z39: 6 | AA39: 2 | AB39: 2 | AC39: 2 | AD39: 3 | AE39: 5 | AF39: 3 | AG39: 3 | AH39: 3 | AI39: =(F39+P39+Z39)/3 -> 4.6666667 | AJ39: =(AA39+Q39+G39)/3 -> 2 | AK39: =(H39+R39+AB39)/3 -> 2 | AL39: =(I39+S39+AC39)/3 -> 2.3333333 | AM39: =(J39+T39+AD39)/3 -> 2.6666667 | AN39: =(K39+U39+AE39)/3 -> 4.3333333 | AO39: =(L39+V39+AF39)/3 -> 2.3333333 | AP39: =(M39+W39+AG39)/3 -> 2.6666667 | AQ39: =(N39+X39+AH39)/3 -> 2.6666667
A40: 38 | B40: =CSE4098B_Spring2026_Grade!B42 -> 223014086 | C40: =CSE4098B_Spring2026_Grade!C42 -> Talat Mahmud Lam | F40: 5 | G40: 3 | H40: 2 | I40: 3 | J40: 2 | K40: 2 | L40: 2 | M40: 2 | N40: 2 | P40: 5 | Q40: 2 | R40: 2 | S40: 2 | T40: 3 | U40: 4 | V40: 3 | W40: 3 | X40: 3 | Z40: 6 | AA40: 3 | AB40: 3 | AC40: 3 | AD40: 2 | AE40: 5 | AF40: 3 | AG40: 3 | AH40: 3 | AI40: =(F40+P40+Z40)/3 -> 5.3333333 | AJ40: =(AA40+Q40+G40)/3 -> 2.6666667 | AK40: =(H40+R40+AB40)/3 -> 2.3333333 | AL40: =(I40+S40+AC40)/3 -> 2.6666667 | AM40: =(J40+T40+AD40)/3 -> 2.3333333 | AN40: =(K40+U40+AE40)/3 -> 3.6666667 | AO40: =(L40+V40+AF40)/3 -> 2.6666667 | AP40: =(M40+W40+AG40)/3 -> 2.6666667 | AQ40: =(N40+X40+AH40)/3 -> 2.6666667
A41: 39 | B41: =CSE4098B_Spring2026_Grade!B43 -> 223014033 | C41: =CSE4098B_Spring2026_Grade!C43 -> Sadia Nuzat Prova | F41: 5 | G41: 3 | H41: 2 | I41: 3 | J41: 2 | K41: 2 | L41: 2 | M41: 2 | N41: 2 | P41: 5 | Q41: 2 | R41: 2 | S41: 2 | T41: 3 | U41: 4 | V41: 3 | W41: 3 | X41: 3 | Z41: 6 | AA41: 3 | AB41: 3 | AC41: 3 | AD41: 2 | AE41: 5 | AF41: 3 | AG41: 3 | AH41: 3 | AI41: =(F41+P41+Z41)/3 -> 5.3333333 | AJ41: =(AA41+Q41+G41)/3 -> 2.6666667 | AK41: =(H41+R41+AB41)/3 -> 2.3333333 | AL41: =(I41+S41+AC41)/3 -> 2.6666667 | AM41: =(J41+T41+AD41)/3 -> 2.3333333 | AN41: =(K41+U41+AE41)/3 -> 3.6666667 | AO41: =(L41+V41+AF41)/3 -> 2.6666667 | AP41: =(M41+W41+AG41)/3 -> 2.6666667 | AQ41: =(N41+X41+AH41)/3 -> 2.6666667
A42: 40 | B42: =CSE4098B_Spring2026_Grade!B44 -> 223014042 | C42: =CSE4098B_Spring2026_Grade!C44 -> Shahin Alam | F42: 5 | G42: 3 | H42: 2 | I42: 3 | J42: 2 | K42: 2 | L42: 2 | M42: 2 | N42: 2 | P42: 5 | Q42: 2 | R42: 2 | S42: 2 | T42: 3 | U42: 4 | V42: 3 | W42: 3 | X42: 3 | Z42: 6 | AA42: 3 | AB42: 3 | AC42: 3 | AD42: 2 | AE42: 5 | AF42: 3 | AG42: 3 | AH42: 3 | AI42: =(F42+P42+Z42)/3 -> 5.3333333 | AJ42: =(AA42+Q42+G42)/3 -> 2.6666667 | AK42: =(H42+R42+AB42)/3 -> 2.3333333 | AL42: =(I42+S42+AC42)/3 -> 2.6666667 | AM42: =(J42+T42+AD42)/3 -> 2.3333333 | AN42: =(K42+U42+AE42)/3 -> 3.6666667 | AO42: =(L42+V42+AF42)/3 -> 2.6666667 | AP42: =(M42+W42+AG42)/3 -> 2.6666667 | AQ42: =(N42+X42+AH42)/3 -> 2.6666667
A43: 41 | B43: =CSE4098B_Spring2026_Grade!B45 -> 223014040 | C43: =CSE4098B_Spring2026_Grade!C45 -> Umme Asma Busra | F43: 5 | G43: 3 | H43: 2 | I43: 3 | J43: 2 | K43: 2 | L43: 2 | M43: 2 | N43: 2 | P43: 5 | Q43: 2 | R43: 2 | S43: 2 | T43: 3 | U43: 4 | V43: 3 | W43: 3 | X43: 3 | Z43: 6 | AA43: 3 | AB43: 3 | AC43: 3 | AD43: 2 | AE43: 5 | AF43: 3 | AG43: 3 | AH43: 3 | AI43: =(F43+P43+Z43)/3 -> 5.3333333 | AJ43: =(AA43+Q43+G43)/3 -> 2.6666667 | AK43: =(H43+R43+AB43)/3 -> 2.3333333 | AL43: =(I43+S43+AC43)/3 -> 2.6666667 | AM43: =(J43+T43+AD43)/3 -> 2.3333333 | AN43: =(K43+U43+AE43)/3 -> 3.6666667 | AO43: =(L43+V43+AF43)/3 -> 2.6666667 | AP43: =(M43+W43+AG43)/3 -> 2.6666667 | AQ43: =(N43+X43+AH43)/3 -> 2.6666667
A44: 42 | B44: =CSE4098B_Spring2026_Grade!B46 -> 223014054 | C44: =CSE4098B_Spring2026_Grade!C46 -> Golam Munem Zarif | F44: 5 | G44: 3 | H44: 2 | I44: 3 | J44: 2 | K44: 2 | L44: 2 | M44: 2 | N44: 2 | P44: 5 | Q44: 2 | R44: 2 | S44: 2 | T44: 3 | U44: 4 | V44: 3 | W44: 3 | X44: 3 | Z44: 6 | AA44: 3 | AB44: 3 | AC44: 3 | AD44: 2 | AE44: 5 | AF44: 3 | AG44: 3 | AH44: 3 | AI44: =(F44+P44+Z44)/3 -> 5.3333333 | AJ44: =(AA44+Q44+G44)/3 -> 2.6666667 | AK44: =(H44+R44+AB44)/3 -> 2.3333333 | AL44: =(I44+S44+AC44)/3 -> 2.6666667 | AM44: =(J44+T44+AD44)/3 -> 2.3333333 | AN44: =(K44+U44+AE44)/3 -> 3.6666667 | AO44: =(L44+V44+AF44)/3 -> 2.6666667 | AP44: =(M44+W44+AG44)/3 -> 2.6666667 | AQ44: =(N44+X44+AH44)/3 -> 2.6666667
A45: 43 | B45: =CSE4098B_Spring2026_Grade!B47 -> 223014176 | C45: =CSE4098B_Spring2026_Grade!C47 -> MD.Samiul Alam | F45: 2 | G45: 1 | H45: 1 | I45: 1 | J45: 1 | K45: 2 | L45: 1 | M45: 1 | N45: 1 | P45: 3 | Q45: 2 | R45: 2 | S45: 2 | T45: 2 | U45: 4 | V45: 3 | W45: 3 | X45: 2 | Z45: 2 | AA45: 1 | AB45: 1 | AC45: 1 | AD45: 1 | AE45: 2 | AF45: 2 | AG45: 1 | AH45: 1 | AI45: =(F45+P45+Z45)/3 -> 2.3333333 | AJ45: =(AA45+Q45+G45)/3 -> 1.3333333 | AK45: =(H45+R45+AB45)/3 -> 1.3333333 | AL45: =(I45+S45+AC45)/3 -> 1.3333333 | AM45: =(J45+T45+AD45)/3 -> 1.3333333 | AN45: =(K45+U45+AE45)/3 -> 2.6666667 | AO45: =(L45+V45+AF45)/3 -> 2 | AP45: =(M45+W45+AG45)/3 -> 1.6666667 | AQ45: =(N45+X45+AH45)/3 -> 1.3333333
A46: 44 | B46: =CSE4098B_Spring2026_Grade!B48 -> 223014199 | C46: =CSE4098B_Spring2026_Grade!C48 -> MD.Hafiz Ullah | F46: 2 | G46: 1 | H46: 1 | I46: 1 | J46: 1 | K46: 2 | L46: 1 | M46: 1 | N46: 1 | P46: 3 | Q46: 2 | R46: 2 | S46: 2 | T46: 2 | U46: 4 | V46: 3 | W46: 3 | X46: 2 | AI46: =(F46+P46+Z46)/3 -> 1.6666667 | AJ46: =(AA46+Q46+G46)/3 -> 1 | AK46: =(H46+R46+AB46)/3 -> 1 | AL46: =(I46+S46+AC46)/3 -> 1 | AM46: =(J46+T46+AD46)/3 -> 1 | AN46: =(K46+U46+AE46)/3 -> 2 | AO46: =(L46+V46+AF46)/3 -> 1.3333333 | AP46: =(M46+W46+AG46)/3 -> 1.3333333 | AQ46: =(N46+X46+AH46)/3 -> 1
A47: 45 | B47: =CSE4098B_Spring2026_Grade!B49 -> 223014012 | C47: =CSE4098B_Spring2026_Grade!C49 -> MD.Yusuf | F47: 2 | G47: 1 | H47: 1 | I47: 1 | J47: 1 | K47: 2 | L47: 1 | M47: 1 | N47: 1 | P47: 3 | Q47: 2 | R47: 2 | S47: 2 | T47: 2 | U47: 4 | V47: 3 | W47: 3 | X47: 2 | AI47: =(F47+P47+Z47)/3 -> 1.6666667 | AJ47: =(AA47+Q47+G47)/3 -> 1 | AK47: =(H47+R47+AB47)/3 -> 1 | AL47: =(I47+S47+AC47)/3 -> 1 | AM47: =(J47+T47+AD47)/3 -> 1 | AN47: =(K47+U47+AE47)/3 -> 2 | AO47: =(L47+V47+AF47)/3 -> 1.3333333 | AP47: =(M47+W47+AG47)/3 -> 1.3333333 | AQ47: =(N47+X47+AH47)/3 -> 1
A48: 46 | B48: =CSE4098B_Spring2026_Grade!B50 -> 211014030 | C48: =CSE4098B_Spring2026_Grade!C50 -> Mahfuzur Rahman | F48: 2 | G48: 1 | H48: 1 | I48: 1 | J48: 1 | K48: 2 | L48: 1 | M48: 1 | N48: 1 | P48: 3 | Q48: 2 | R48: 2 | S48: 2 | T48: 2 | U48: 4 | V48: 3 | W48: 3 | X48: 2 | AI48: =(F48+P48+Z48)/3 -> 1.6666667 | AJ48: =(AA48+Q48+G48)/3 -> 1 | AK48: =(H48+R48+AB48)/3 -> 1 | AL48: =(I48+S48+AC48)/3 -> 1 | AM48: =(J48+T48+AD48)/3 -> 1 | AN48: =(K48+U48+AE48)/3 -> 2 | AO48: =(L48+V48+AF48)/3 -> 1.3333333 | AP48: =(M48+W48+AG48)/3 -> 1.3333333 | AQ48: =(N48+X48+AH48)/3 -> 1
A49: 47 | B49: =CSE4098B_Spring2026_Grade!B51 -> 223014143 | C49: =CSE4098B_Spring2026_Grade!C51 -> Upoma Paul | F49: 4 | G49: 2 | H49: 2 | I49: 3 | J49: 3 | K49: 5 | L49: 3 | M49: 3 | N49: 3 | P49: 4 | Q49: 1 | R49: 1 | S49: 2 | T49: 1 | U49: 3 | V49: 1 | W49: 1 | X49: 1 | Z49: 4 | AA49: 2 | AB49: 2 | AC49: 3 | AD49: 3 | AE49: 5 | AF49: 3 | AG49: 3 | AH49: 3 | AI49: =(F49+P49+Z49)/3 -> 4 | AJ49: =(AA49+Q49+G49)/3 -> 1.6666667 | AK49: =(H49+R49+AB49)/3 -> 1.6666667 | AL49: =(I49+S49+AC49)/3 -> 2.6666667 | AM49: =(J49+T49+AD49)/3 -> 2.3333333 | AN49: =(K49+U49+AE49)/3 -> 4.3333333 | AO49: =(L49+V49+AF49)/3 -> 2.3333333 | AP49: =(M49+W49+AG49)/3 -> 2.3333333 | AQ49: =(N49+X49+AH49)/3 -> 2.3333333
A50: 48 | B50: =CSE4098B_Spring2026_Grade!B52 -> 231014167 | C50: =CSE4098B_Spring2026_Grade!C52 -> Fariha Ahmed | F50: 4 | G50: 2 | H50: 2 | I50: 3 | J50: 3 | K50: 5 | L50: 3 | M50: 3 | N50: 3 | P50: 4 | Q50: 1 | R50: 1 | S50: 2 | T50: 1 | U50: 3 | V50: 1 | W50: 1 | X50: 1 | Z50: 4 | AA50: 2 | AB50: 2 | AC50: 3 | AD50: 3 | AE50: 5 | AF50: 3 | AG50: 3 | AH50: 3 | AI50: =(F50+P50+Z50)/3 -> 4 | AJ50: =(AA50+Q50+G50)/3 -> 1.6666667 | AK50: =(H50+R50+AB50)/3 -> 1.6666667 | AL50: =(I50+S50+AC50)/3 -> 2.6666667 | AM50: =(J50+T50+AD50)/3 -> 2.3333333 | AN50: =(K50+U50+AE50)/3 -> 4.3333333 | AO50: =(L50+V50+AF50)/3 -> 2.3333333 | AP50: =(M50+W50+AG50)/3 -> 2.3333333 | AQ50: =(N50+X50+AH50)/3 -> 2.3333333
A51: 49 | B51: =CSE4098B_Spring2026_Grade!B53 -> 231014073 | C51: =CSE4098B_Spring2026_Grade!C53 -> Amifat Juhad Pranto | F51: 4 | G51: 2 | H51: 2 | I51: 3 | J51: 3 | K51: 5 | L51: 3 | M51: 3 | N51: 3 | P51: 4 | Q51: 1 | R51: 1 | S51: 2 | T51: 1 | U51: 3 | V51: 1 | W51: 1 | X51: 1 | Z51: 4 | AA51: 2 | AB51: 2 | AC51: 3 | AD51: 3 | AE51: 5 | AF51: 3 | AG51: 3 | AH51: 3 | AI51: =(F51+P51+Z51)/3 -> 4 | AJ51: =(AA51+Q51+G51)/3 -> 1.6666667 | AK51: =(H51+R51+AB51)/3 -> 1.6666667 | AL51: =(I51+S51+AC51)/3 -> 2.6666667 | AM51: =(J51+T51+AD51)/3 -> 2.3333333 | AN51: =(K51+U51+AE51)/3 -> 4.3333333 | AO51: =(L51+V51+AF51)/3 -> 2.3333333 | AP51: =(M51+W51+AG51)/3 -> 2.3333333 | AQ51: =(N51+X51+AH51)/3 -> 2.3333333
A52: 50 | B52: =CSE4098B_Spring2026_Grade!B54 -> 232014058 | C52: =CSE4098B_Spring2026_Grade!C54 -> Tasnia Kabir Mahia | F52: 4 | G52: 2 | H52: 2 | I52: 3 | J52: 3 | K52: 5 | L52: 3 | M52: 3 | N52: 3 | P52: 4 | Q52: 1 | R52: 1 | S52: 2 | T52: 1 | U52: 3 | V52: 1 | W52: 1 | X52: 1 | Z52: 4 | AA52: 2 | AB52: 2 | AC52: 3 | AD52: 3 | AE52: 5 | AF52: 3 | AG52: 3 | AH52: 3 | AI52: =(F52+P52+Z52)/3 -> 4 | AJ52: =(AA52+Q52+G52)/3 -> 1.6666667 | AK52: =(H52+R52+AB52)/3 -> 1.6666667 | AL52: =(I52+S52+AC52)/3 -> 2.6666667 | AM52: =(J52+T52+AD52)/3 -> 2.3333333 | AN52: =(K52+U52+AE52)/3 -> 4.3333333 | AO52: =(L52+V52+AF52)/3 -> 2.3333333 | AP52: =(M52+W52+AG52)/3 -> 2.3333333 | AQ52: =(N52+X52+AH52)/3 -> 2.3333333
A53: 51 | B53: =CSE4098B_Spring2026_Grade!B55 -> 223014183 | C53: =CSE4098B_Spring2026_Grade!C55 -> Mahbuba Akter Chowdhury | F53: 4 | G53: 3 | H53: 2 | I53: 2 | J53: 2 | K53: 5 | L53: 2 | M53: 2 | N53: 2 | P53: 4 | Q53: 2 | R53: 2 | S53: 2 | T53: 1 | U53: 2 | V53: 2 | W53: 2 | X53: 2 | Z53: 6 | AA53: 3 | AB53: 2 | AC53: 3 | AD53: 3 | AE53: 5 | AF53: 3 | AG53: 3 | AH53: 3 | AI53: =(F53+P53+Z53)/3 -> 4.6666667 | AJ53: =(AA53+Q53+G53)/3 -> 2.6666667 | AK53: =(H53+R53+AB53)/3 -> 2 | AL53: =(I53+S53+AC53)/3 -> 2.3333333 | AM53: =(J53+T53+AD53)/3 -> 2 | AN53: =(K53+U53+AE53)/3 -> 4 | AO53: =(L53+V53+AF53)/3 -> 2.3333333 | AP53: =(M53+W53+AG53)/3 -> 2.3333333 | AQ53: =(N53+X53+AH53)/3 -> 2.3333333
A54: 52 | B54: =CSE4098B_Spring2026_Grade!B56 -> 223014182 | C54: =CSE4098B_Spring2026_Grade!C56 -> Divya Jyoti Bagchi | F54: 4 | G54: 3 | H54: 2 | I54: 2 | J54: 2 | K54: 5 | L54: 2 | M54: 2 | N54: 2 | P54: 4 | Q54: 2 | R54: 2 | S54: 2 | T54: 1 | U54: 2 | V54: 2 | W54: 2 | X54: 2 | Z54: 6 | AA54: 3 | AB54: 2 | AC54: 3 | AD54: 3 | AE54: 5 | AF54: 3 | AG54: 3 | AH54: 3 | AI54: =(F54+P54+Z54)/3 -> 4.6666667 | AJ54: =(AA54+Q54+G54)/3 -> 2.6666667 | AK54: =(H54+R54+AB54)/3 -> 2 | AL54: =(I54+S54+AC54)/3 -> 2.3333333 | AM54: =(J54+T54+AD54)/3 -> 2 | AN54: =(K54+U54+AE54)/3 -> 4 | AO54: =(L54+V54+AF54)/3 -> 2.3333333 | AP54: =(M54+W54+AG54)/3 -> 2.3333333 | AQ54: =(N54+X54+AH54)/3 -> 2.3333333
A55: 53 | B55: =CSE4098B_Spring2026_Grade!B57 -> 223014127 | C55: =CSE4098B_Spring2026_Grade!C57 -> Naznine Sultana Nitu | F55: 4 | G55: 3 | H55: 2 | I55: 2 | J55: 2 | K55: 5 | L55: 2 | M55: 2 | N55: 2 | P55: 4 | Q55: 2 | R55: 2 | S55: 2 | T55: 1 | U55: 2 | V55: 2 | W55: 2 | X55: 2 | Z55: 6 | AA55: 3 | AB55: 2 | AC55: 3 | AD55: 3 | AE55: 5 | AF55: 3 | AG55: 3 | AH55: 3 | AI55: =(F55+P55+Z55)/3 -> 4.6666667 | AJ55: =(AA55+Q55+G55)/3 -> 2.6666667 | AK55: =(H55+R55+AB55)/3 -> 2 | AL55: =(I55+S55+AC55)/3 -> 2.3333333 | AM55: =(J55+T55+AD55)/3 -> 2 | AN55: =(K55+U55+AE55)/3 -> 4 | AO55: =(L55+V55+AF55)/3 -> 2.3333333 | AP55: =(M55+W55+AG55)/3 -> 2.3333333 | AQ55: =(N55+X55+AH55)/3 -> 2.3333333
A56: 54 | B56: =CSE4098B_Spring2026_Grade!B58 -> 223014011 | C56: =CSE4098B_Spring2026_Grade!C58 -> Fabiha Fayruj | F56: 4 | G56: 3 | H56: 2 | I56: 2 | J56: 2 | K56: 5 | L56: 2 | M56: 2 | N56: 2 | P56: 4 | Q56: 2 | R56: 2 | S56: 2 | T56: 1 | U56: 2 | V56: 2 | W56: 2 | X56: 2 | Z56: 6 | AA56: 3 | AB56: 2 | AC56: 3 | AD56: 3 | AE56: 5 | AF56: 3 | AG56: 3 | AH56: 3 | AI56: =(F56+P56+Z56)/3 -> 4.6666667 | AJ56: =(AA56+Q56+G56)/3 -> 2.6666667 | AK56: =(H56+R56+AB56)/3 -> 2 | AL56: =(I56+S56+AC56)/3 -> 2.3333333 | AM56: =(J56+T56+AD56)/3 -> 2 | AN56: =(K56+U56+AE56)/3 -> 4 | AO56: =(L56+V56+AF56)/3 -> 2.3333333 | AP56: =(M56+W56+AG56)/3 -> 2.3333333 | AQ56: =(N56+X56+AH56)/3 -> 2.3333333
A57: 55 | B57: =CSE4098B_Spring2026_Grade!B59 -> 231014007 | C57: =CSE4098B_Spring2026_Grade!C59 -> Abdullah Al Baki | F57: 4 | G57: 3 | H57: 2 | I57: 2 | J57: 2 | K57: 5 | L57: 2 | M57: 2 | N57: 2 | P57: 4 | Q57: 2 | R57: 2 | S57: 2 | T57: 1 | U57: 2 | V57: 2 | W57: 2 | X57: 2 | Z57: 6 | AA57: 3 | AB57: 2 | AC57: 3 | AD57: 3 | AE57: 5 | AF57: 3 | AG57: 3 | AH57: 3 | AI57: =(F57+P57+Z57)/3 -> 4.6666667 | AJ57: =(AA57+Q57+G57)/3 -> 2.6666667 | AK57: =(H57+R57+AB57)/3 -> 2 | AL57: =(I57+S57+AC57)/3 -> 2.3333333 | AM57: =(J57+T57+AD57)/3 -> 2 | AN57: =(K57+U57+AE57)/3 -> 4 | AO57: =(L57+V57+AF57)/3 -> 2.3333333 | AP57: =(M57+W57+AG57)/3 -> 2.3333333 | AQ57: =(N57+X57+AH57)/3 -> 2.3333333
A58: 56 | B58: =CSE4098B_Spring2026_Grade!B60 -> 222014072 | C58: =CSE4098B_Spring2026_Grade!C60 -> Md. Rahat Pervez | F58: 4 | G58: 2 | H58: 2 | I58: 3 | J58: 2 | K58: 4 | L58: 2 | M58: 2 | N58: 3 | P58: 4 | Q58: 2 | R58: 2 | S58: 3 | T58: 2 | U58: 4 | V58: 2 | W58: 2 | X58: 3 | Z58: 4 | AA58: 2 | AB58: 2 | AC58: 3 | AD58: 2 | AE58: 4 | AF58: 2 | AG58: 2 | AH58: 3 | AI58: =(F58+P58+Z58)/3 -> 4 | AJ58: =(AA58+Q58+G58)/3 -> 2 | AK58: =(H58+R58+AB58)/3 -> 2 | AL58: =(I58+S58+AC58)/3 -> 3 | AM58: =(J58+T58+AD58)/3 -> 2 | AN58: =(K58+U58+AE58)/3 -> 4 | AO58: =(L58+V58+AF58)/3 -> 2 | AP58: =(M58+W58+AG58)/3 -> 2 | AQ58: =(N58+X58+AH58)/3 -> 3
A59: 57 | B59: =CSE4098B_Spring2026_Grade!B61 -> 222014097 | C59: =CSE4098B_Spring2026_Grade!C61 -> Md. Abul Hashem | F59: 4 | G59: 2 | H59: 2 | I59: 3 | J59: 2 | K59: 4 | L59: 2 | M59: 2 | N59: 3 | P59: 4 | Q59: 2 | R59: 2 | S59: 3 | T59: 2 | U59: 4 | V59: 2 | W59: 2 | X59: 3 | Z59: 4 | AA59: 2 | AB59: 2 | AC59: 3 | AD59: 2 | AE59: 4 | AF59: 2 | AG59: 2 | AH59: 3 | AI59: =(F59+P59+Z59)/3 -> 4 | AJ59: =(AA59+Q59+G59)/3 -> 2 | AK59: =(H59+R59+AB59)/3 -> 2 | AL59: =(I59+S59+AC59)/3 -> 3 | AM59: =(J59+T59+AD59)/3 -> 2 | AN59: =(K59+U59+AE59)/3 -> 4 | AO59: =(L59+V59+AF59)/3 -> 2 | AP59: =(M59+W59+AG59)/3 -> 2 | AQ59: =(N59+X59+AH59)/3 -> 3
A60: 58 | B60: =CSE4098B_Spring2026_Grade!B62 -> 222014040 | C60: =CSE4098B_Spring2026_Grade!C62 -> Md. Fiaz Anam Tasfi | F60: 4 | G60: 2 | H60: 2 | I60: 3 | J60: 2 | K60: 4 | L60: 2 | M60: 2 | N60: 3 | P60: 4 | Q60: 2 | R60: 2 | S60: 3 | T60: 2 | U60: 4 | V60: 2 | W60: 2 | X60: 3 | Z60: 4 | AA60: 2 | AB60: 2 | AC60: 3 | AD60: 2 | AE60: 4 | AF60: 2 | AG60: 2 | AH60: 3 | AI60: =(F60+P60+Z60)/3 -> 4 | AJ60: =(AA60+Q60+G60)/3 -> 2 | AK60: =(H60+R60+AB60)/3 -> 2 | AL60: =(I60+S60+AC60)/3 -> 3 | AM60: =(J60+T60+AD60)/3 -> 2 | AN60: =(K60+U60+AE60)/3 -> 4 | AO60: =(L60+V60+AF60)/3 -> 2 | AP60: =(M60+W60+AG60)/3 -> 2 | AQ60: =(N60+X60+AH60)/3 -> 3
... A63: 61 | B63: =CSE4098B_Spring2026_Grade!B65 -> 223014110 | C63: =CSE4098B_Spring2026_Grade!C65 -> Md. Maruf Hossain | F63: 4 | G63: 2 | H63: 2 | I63: 2 | J63: 2 | K63: 5 | L63: 2 | M63: 3 | N63: 2 | P63: 2 | Q63: 1 | R63: 2 | S63: 2 | T63: 1 | U63: 2 | V63: 2 | W63: 2 | X63: 1 | Z63: 6 | AA63: 3 | AB63: 3 | AC63: 3 | AD63: 3 | AE63: 3 | AF63: 6 | AG63: 3 | AH63: 3 | AI63: =(F63+P63+Z63)/3 -> 4 | AJ63: =(AA63+Q63+G63)/3 -> 2 | AK63: =(H63+R63+AB63)/3 -> 2.3333333 | AL63: =(I63+S63+AC63)/3 -> 2.3333333 | AM63: =(J63+T63+AD63)/3 -> 2 | AN63: =(K63+U63+AE63)/3 -> 3.3333333 | AO63: =(L63+V63+AF63)/3 -> 3.3333333 | AP63: =(M63+W63+AG63)/3 -> 2.6666667 | AQ63: =(N63+X63+AH63)/3 -> 2
A64: 62 | B64: =CSE4098B_Spring2026_Grade!B66 -> 223014135 | C64: =CSE4098B_Spring2026_Grade!C66 -> Rakibul Hasan | F64: 4 | G64: 2 | H64: 2 | I64: 2 | J64: 2 | K64: 5 | L64: 2 | M64: 3 | N64: 2 | Z64: 6 | AA64: 3 | AB64: 3 | AC64: 3 | AD64: 3 | AE64: 3 | AF64: 6 | AG64: 3 | AH64: 3 | AI64: =(F64+P64+Z64)/3 -> 3.3333333 | AJ64: =(AA64+Q64+G64)/3 -> 1.6666667 | AK64: =(H64+R64+AB64)/3 -> 1.6666667 | AL64: =(I64+S64+AC64)/3 -> 1.6666667 | AM64: =(J64+T64+AD64)/3 -> 1.6666667 | AN64: =(K64+U64+AE64)/3 -> 2.6666667 | AO64: =(L64+V64+AF64)/3 -> 2.6666667 | AP64: =(M64+W64+AG64)/3 -> 2 | AQ64: =(N64+X64+AH64)/3 -> 1.6666667
A65: 63 | B65: =CSE4098B_Spring2026_Grade!B67 -> 223014122 | C65: =CSE4098B_Spring2026_Grade!C67 -> Rabbi Sadnan Khan | F65: 4 | G65: 2 | H65: 2 | I65: 2 | J65: 2 | K65: 5 | L65: 2 | M65: 3 | N65: 2 | Z65: 6 | AA65: 3 | AB65: 3 | AC65: 3 | AD65: 3 | AE65: 3 | AF65: 6 | AG65: 3 | AH65: 3 | AI65: =(F65+P65+Z65)/3 -> 3.3333333 | AJ65: =(AA65+Q65+G65)/3 -> 1.6666667 | AK65: =(H65+R65+AB65)/3 -> 1.6666667 | AL65: =(I65+S65+AC65)/3 -> 1.6666667 | AM65: =(J65+T65+AD65)/3 -> 1.6666667 | AN65: =(K65+U65+AE65)/3 -> 2.6666667 | AO65: =(L65+V65+AF65)/3 -> 2.6666667 | AP65: =(M65+W65+AG65)/3 -> 2 | AQ65: =(N65+X65+AH65)/3 -> 1.6666667
A66: 64 | B66: =CSE4098B_Spring2026_Grade!B68 -> 212014030 | C66: =CSE4098B_Spring2026_Grade!C68 -> Faria Islam Sara | F66: 4 | G66: 2 | H66: 2 | I66: 2 | J66: 2 | K66: 5 | L66: 2 | M66: 3 | N66: 2 | Z66: 6 | AA66: 3 | AB66: 3 | AC66: 3 | AD66: 3 | AE66: 3 | AF66: 6 | AG66: 3 | AH66: 3 | AI66: =(F66+P66+Z66)/3 -> 3.3333333 | AJ66: =(AA66+Q66+G66)/3 -> 1.6666667 | AK66: =(H66+R66+AB66)/3 -> 1.6666667 | AL66: =(I66+S66+AC66)/3 -> 1.6666667 | AM66: =(J66+T66+AD66)/3 -> 1.6666667 | AN66: =(K66+U66+AE66)/3 -> 2.6666667 | AO66: =(L66+V66+AF66)/3 -> 2.6666667 | AP66: =(M66+W66+AG66)/3 -> 2 | AQ66: =(N66+X66+AH66)/3 -> 1.6666667
A67: 65 | B67: =CSE4098B_Spring2026_Grade!B69 -> 221014083 | C67: =CSE4098B_Spring2026_Grade!C69 -> Salina Akhter | AI67: =(F67+P67+Z67)/3 -> 0 | AJ67: =(AA67+Q67+G67)/3 -> 0 | AK67: =(H67+R67+AB67)/3 -> 0 | AL67: =(I67+S67+AC67)/3 -> 0 | AM67: =(J67+T67+AD67)/3 -> 0 | AN67: =(K67+U67+AE67)/3 -> 0 | AO67: =(L67+V67+AF67)/3 -> 0 | AP67: =(M67+W67+AG67)/3 -> 0 | AQ67: =(N67+X67+AH67)/3 -> 0
A68: 66 | B68: =CSE4098B_Spring2026_Grade!B70 -> 221014104 | C68: =CSE4098B_Spring2026_Grade!C70 -> Rownak Salsabil | AI68: =(F68+P68+Z68)/3 -> 0 | AJ68: =(AA68+Q68+G68)/3 -> 0 | AK68: =(H68+R68+AB68)/3 -> 0 | AL68: =(I68+S68+AC68)/3 -> 0 | AM68: =(J68+T68+AD68)/3 -> 0 | AN68: =(K68+U68+AE68)/3 -> 0 | AO68: =(L68+V68+AF68)/3 -> 0 | AP68: =(M68+W68+AG68)/3 -> 0 | AQ68: =(N68+X68+AH68)/3 -> 0
A69: 67 | B69: =CSE4098B_Spring2026_Grade!B71 -> 221014077 | C69: =CSE4098B_Spring2026_Grade!C71 -> Adnan Chowdhury | AI69: =(F69+P69+Z69)/3 -> 0 | AJ69: =(AA69+Q69+G69)/3 -> 0 | AK69: =(H69+R69+AB69)/3 -> 0 | AL69: =(I69+S69+AC69)/3 -> 0 | AM69: =(J69+T69+AD69)/3 -> 0 | AN69: =(K69+U69+AE69)/3 -> 0 | AO69: =(L69+V69+AF69)/3 -> 0 | AP69: =(M69+W69+AG69)/3 -> 0 | AQ69: =(N69+X69+AH69)/3 -> 0
A70: 68 | B70: =CSE4098B_Spring2026_Grade!B72 -> 221014085 | C70: =CSE4098B_Spring2026_Grade!C72 -> Sheikh Nusaibah Noor | AI70: =(F70+P70+Z70)/3 -> 0 | AJ70: =(AA70+Q70+G70)/3 -> 0 | AK70: =(H70+R70+AB70)/3 -> 0 | AL70: =(I70+S70+AC70)/3 -> 0 | AM70: =(J70+T70+AD70)/3 -> 0 | AN70: =(K70+U70+AE70)/3 -> 0 | AO70: =(L70+V70+AF70)/3 -> 0 | AP70: =(M70+W70+AG70)/3 -> 0 | AQ70: =(N70+X70+AH70)/3 -> 0
AI71: =(F71+P71+Z71)/3 -> 0 | AJ71: =(AA71+Q71+G71)/3 -> 0 | AK71: =(H71+R71+AB71)/3 -> 0 | AL71: =(I71+S71+AC71)/3 -> 0 | AM71: =(J71+T71+AD71)/3 -> 0 | AN71: =(K71+U71+AE71)/3 -> 0 | AO71: =(L71+V71+AF71)/3 -> 0 | AP71: =(M71+W71+AG71)/3 -> 0 | AQ71: =(N71+X71+AH71)/3 -> 0
AI72: =(F72+P72+Z72)/3 -> 0 | AJ72: =(AA72+Q72+G72)/3 -> 0 | AK72: =(H72+R72+AB72)/3 -> 0 | AL72: =(I72+S72+AC72)/3 -> 0 | AM72: =(J72+T72+AD72)/3 -> 0 | AN72: =(K72+U72+AE72)/3 -> 0 | AO72: =(L72+V72+AF72)/3 -> 0 | AP72: =(M72+W72+AG72)/3 -> 0 | AQ72: =(N72+X72+AH72)/3 -> 0

Sheet CO-PO Attainment Analysis
BB1: Mapping of COs to POs
C2: Assessment Items | D2: CO1 | E2: CO2 | F2: CO3 | G2: CO4 | H2: CO5 | I2: CO6 | J2: CO7 | K2: CO8 | L2: CO9 | M2: CO10 | N2: CO11 | BA2: PO1 | BB2: PO2 | BC2: PO3 | BD2: PO4 | BE2: PO5 | BF2: PO6 | BG2: PO7 | BH2: PO8 | BI2: PO9 | BJ2: PO10 | BK2: PO11 | BL2: PO12
C3: Report | D3: 6 | E3: 3 | F3: 3 | G3: 3 | H3: 3 | I3: 6 | J3: 3 | K3: 3 | L3: 3 | AZ3: CO1 | BA3: 0 | BB3: 0 | BC3: 0 | BD3: 0 | BE3: 0 | BF3: 0 | BG3: 0 | BH3: 0 | BI3: 0 | BJ3: 0 | BK3: 0 | BL3: 1
C4: Peer | M4: 5 | AZ4: CO2 | BA4: 0 | BB4: 1 | BC4: 0 | BD4: 0 | BE4: 0 | BF4: 0 | BG4: 0 | BH4: 0 | BI4: 0 | BJ4: 0 | BK4: 0 | BL4: 0
C5: Term Final Presentation | N5: 10 | AZ5: CO3 | BA5: 0 | BB5: 0 | BC5: 0 | BD5: 0 | BE5: 0 | BF5: 0 | BG5: 0 | BH5: 0 | BI5: 0 | BJ5: 0 | BK5: 1 | BL5: 0
AZ6: CO4 | BA6: 0 | BB6: 0 | BC6: 0 | BD6: 0 | BE6: 1 | BF6: 0 | BG6: 0 | BH6: 0 | BI6: 0 | BJ6: 0 | BK6: 0 | BL6: 0
C7: Total | D7: =SUM(D3:D6) -> 6 | E7: =SUM(E3:E6) -> 3 | F7: =SUM(F3:F6) -> 3 | G7: =SUM(G3:G6) -> 3 | H7: =SUM(H3:H6) -> 3 | I7: =SUM(I3:I6) -> 6 | J7: =SUM(J3:J6) -> 3 | K7: =SUM(K3:K6) -> 3 | ... N7: =SUM(N3:N6) -> 10 | AZ7: CO5 | BA7: 0 | BB7: 0 | BC7: 1 | BD7: 0 | BE7: 0 | BF7: 0 | BG7: 0 | BH7: 0 | BI7: 0 | BJ7: 0 | BK7: 0 | BL7: 0
AZ8: CO6 | BA8: 0 | BB8: 0 | BC8: 0 | BD8: 1 | BE8: 0 | BF8: 0 | BG8: 0 | BH8: 0 | BI8: 0 | BJ8: 0 | BK8: 0 | BL8: 0
AZ9: CO7 | BA9: 0 | BB9: 0 | BC9: 0 | BD9: 0 | BE9: 0 | BF9: 1 | BG9: 0 | BH9: 0 | BI9: 0 | BJ9: 0 | BK9: 0 | BL9: 0
AZ10: CO8 | BA10: 0 | BB10: 0 | BC10: 0 | BD10: 0 | BE10: 0 | BF10: 0 | BG10: 1 | BH10: 0 | BI10: 0 | BJ10: 0 | BK10: 0 | BL10: 0
AZ11: CO9 | BA11: 0 | BB11: 0 | BC11: 0 | BD11: 0 | BE11: 0 | BF11: 0 | BG11: 0 | BH11: 1 | BI11: 0 | BJ11: 0 | BK11: 0 | BL11: 0
AZ12: CO10 | BA12: 0 | BB12: 0 | BC12: 0 | BD12: 0 | BE12: 0 | BF12: 0 | BG12: 0 | BH12: 0 | BI12: 1 | BJ12: 0 | BK12: 0 | BL12: 0
AZ13: CO11 | BA13: 0 | BB13: 0 | BC13: 0 | BD13: 0 | BE13: 0 | BF13: 0 | BG13: 0 | BH13: 0 | BI13: 0 | BJ13: 1 | BK13: 0 | BL13: 0
AZ14: Total | BA14: =SUM(BA3:BA13) -> 0 | BB14: =SUM(BB3:BB13) -> 1 | BC14: =SUM(BC3:BC13) -> 1 | BD14: =SUM(BD3:BD13) -> 1 | BE14: =SUM(BE3:BE13) -> 1 | BF14: =SUM(BF3:BF13) -> 1 | BG14: =SUM(BG3:BG13) -> 1 | BH14: =SUM(BH3:BH13) -> 1 | ... BL14: =SUM(BL3:BL13) -> 1
A16: CO Attainment Analysis CSE 4098B [Spring 2026] | T16: CO Attainment Analysis | BB16: PO Attainment Analysis
D17: =C3 -> Report | M17: =C4 -> Peer | S17: =C5 -> Term Final Presentation | T17: Total Marks | AE17: Percentage | AP17: CO Attainment | BB17: Percentage | BN17: PO Attainment
D18: CO1 | E18: CO2 | F18: CO3 | G18: CO4 | H18: CO5 | I18: CO6 | J18: CO7 | K18: CO8 | L18: CO9 | M18: CO1 | N18: CO2 | O18: CO3 | P18: CO4 | Q18: CO5 | R18: CO10 | S18: CO11 | T18: CO1 | U18: CO2 | V18: CO3 | W18: CO4 | X18: CO5 | Y18: CO6 | Z18: CO7 | AA18: CO8 | AB18: CO9 | AC18: CO10 | AD18: CO11 | AE18: CO1 | AF18: CO2 | AG18: CO3 | AH18: CO4 | AI18: CO5 | AJ18: CO6 | AK18: CO7 | AL18: CO8 | AM18: CO9 | AN18: CO10 | AO18: CO11 | AP18: CO1 | AQ18: CO2 | AR18: CO3 | AS18: CO4 | AT18: CO5 | AU18: CO6 | AV18: CO7 | AW18: CO8 | AX18: CO9 | AY18: CO10 | AZ18: CO11 | BB18: PO1 | BC18: PO2 | BD18: PO3 | BE18: PO4 | BF18: PO5 | BG18: PO6 | BH18: PO7 | BI18: PO8 | BJ18: PO9 | BK18: PO10 | BL18: PO11 | BM18: PO12 | BN18: PO1 | BO18: PO2 | BP18: PO3 | BQ18: PO4 | BR18: PO5 | BS18: PO6 | BT18: PO7 | BU18: PO8 | BV18: PO9 | BW18: PO10 | BX18: PO11 | BY18: PO12
A19: S/N | B19: Student ID | C19: Name | D19: =D3 -> 6 | E19: =E3 -> 3 | F19: =F3 -> 3 | G19: =G3 -> 3 | H19: =H3 -> 3 | I19: =I3 -> 6 | J19: =J3 -> 3 | K19: =K3 -> 3 | L19: =L3 -> 3 | M19: =D4 | N19: =E4 | O19: =F4 | P19: =G4 | Q19: =H4 | R19: =M4 -> 5 | S19: =N5 -> 10 | T19: =D19 -> 6 | U19: =E19 -> 3 | V19: =F19 -> 3 | W19: =G19 -> 3 | X19: =H19 -> 3 | Y19: =I19 -> 6 | Z19: =J19 -> 3 | AA19: =K19 -> 3 | AB19: =L19 -> 3 | AC19: =R19 -> 5 | AD19: =S19 -> 10 | AE19: 1 | AF19: 1 | AG19: 1 | AH19: 1 | AI19: 1 | AJ19: 1 | AK19: 1 | AL19: 1 | AM19: 1 | AN19: 1 | AO19: 1 | AP19: If CO achieved (≥55%) then 1, else 0 | BB19: 1 | BC19: 1 | BD19: 1 | BE19: 1 | BF19: 1 | BG19: 1 | BH19: 1 | BI19: 1 | BJ19: 1 | BK19: 1 | BL19: 1 | BM19: 1 | BN19: If PO achieved (≥55%) then 1, else 0
A20: 1 | B20: =CSE4098B_Spring2026_Grade!B5 -> 223014152 | C20: =CSE4098B_Spring2026_Grade!C5 -> Ahadul Islam Rahul | D20: ='CO Report Evaluation'!AI3 -> 4.6666667 | E20: ='CO Report Evaluation'!AJ3 -> 2.3333333 | F20: ='CO Report Evaluation'!AK3 -> 3 | G20: ='CO Report Evaluation'!AL3 -> 3 | H20: ='CO Report Evaluation'!AM3 -> 2.3333333 | I20: ='CO Report Evaluation'!AN3 -> 4.3333333 | J20: ='CO Report Evaluation'!AO3 -> 2.6666667 | K20: ='CO Report Evaluation'!AP3 -> 3 | L20: ='CO Report Evaluation'!AQ3 -> 2.6666667 | R20: =CSE4098B_Spring2026_Grade!F5 -> 2 | S20: =((CSE4098B_Spring2026_Grade!E5)*10)/45 -> 8.1977778 | T20: =D20 -> 4.6666667 | U20: =E20 -> 2.3333333 | V20: =F20 -> 3 | W20: =G20 -> 3 | X20: =H20 -> 2.3333333 | Y20: =I20 -> 4.3333333 | Z20: =J20 -> 2.6666667 | AA20: =K20 -> 3 | AB20: =L20 -> 2.6666667 | AC20: =R20 -> 2 | AD20: =S20 -> 8.1977778 | AE20: =IF(T20 = 0, 0, T20/T$19) -> 0.77777778 | AF20: =IF(U20 = 0, 0, U20/U$19) -> 0.77777778 | AG20: =IF(V20 = 0, 0, V20/V$19) -> 1 | AH20: =IF(W20 = 0, 0, W20/W$19) -> 1 | AI20: =IF(X20 = 0, 0, X20/X$19) -> 0.77777778 | AJ20: =IF(Y20 = 0, 0, Y20/Y$19) -> 0.72222222 | AK20: =IF(Z20 = 0, 0, Z20/Z$19) -> 0.88888889 | AL20: =IF(AA20 = 0, 0, AA20/AA$19) -> 1 | ... AO20: =IF(AD20 = 0, 0, AD20/AD$19) -> 0.81977778 | AP20: =IF(OR(CSE4098B_Spring2026_Grade!$I5="W (Withdrawn)", CSE4098B_Spring2026_Grade!$I5="I (Incomplete)"), 0, IF(AE20>=55%, 1, 0)) -> 1 | AQ20: =IF(OR(CSE4098B_Spring2026_Grade!$I5="W (Withdrawn)", CSE4098B_Spring2026_Grade!$I5="I (Incomplete)"), 0, IF(AF20>=55%, 1, 0)) -> 1 | AR20: =IF(OR(CSE4098B_Spring2026_Grade!$I5="W (Withdrawn)", CSE4098B_Spring2026_Grade!$I5="I (Incomplete)"), 0, IF(AG20>=55%, 1, 0)) -> 1 | AS20: =IF(OR(CSE4098B_Spring2026_Grade!$I5="W (Withdrawn)", CSE4098B_Spring2026_Grade!$I5="I (Incomplete)"), 0, IF(AH20>=55%, 1, 0)) -> 1 | AT20: =IF(OR(CSE4098B_Spring2026_Grade!$I5="W (Withdrawn)", CSE4098B_Spring2026_Grade!$I5="I (Incomplete)"), 0, IF(AI20>=55%, 1, 0)) -> 1 | AU20: =IF(OR(CSE4098B_Spring2026_Grade!$I5="W (Withdrawn)", CSE4098B_Spring2026_Grade!$I5="I (Incomplete)"), 0, IF(AJ20>=55%, 1, 0)) -> 1 | AV20: =IF(OR(CSE4098B_Spring2026_Grade!$I5="W (Withdrawn)", CSE4098B_Spring2026_Grade!$I5="I (Incomplete)"), 0, IF(AK20>=55%, 1, 0)) -> 1 | AW20: =IF(OR(CSE4098B_Spring2026_Grade!$I5="W (Withdrawn)", CSE4098B_Spring2026_Grade!$I5="I (Incomplete)"), 0, IF(AL20>=55%, 1, 0)) -> 1 | ... AZ20: =IF(OR(CSE4098B_Spring2026_Grade!$I5="W (Withdrawn)", CSE4098B_Spring2026_Grade!$I5="I (Incomplete)"), 0, IF(AO20>=55%, 1, 0)) -> 1 | BB20: =IF($BA$14=0,0,MMULT($AE20:$AO20, BA$3:BA$13)/$BA$14) -> 0 | BC20: =IF($BB$14=0,0,MMULT($AE20:$AO20, BB$3:BB$13)/$BB$14) -> 0.77777778 | BD20: {=IF($BC$14=0,0,MMULT($AE20:$AO20, BC$3:BC$13)/$BC$14)} -> 0.77777778 | BE20: {=IF($BD$14=0,0,MMULT($AE20:$AO20, BD$3:BD$13)/$BD$14)} -> 0.72222222 | BF20: =IF($BE$14=0,0,MMULT($AE20:$AO20, BE$3:BE$13)/$BE$14) -> 1 | BG20: {=IF($BF$14=0,0,MMULT($AE20:$AO20, BF$3:BF$13)/$BF$14)} -> 0.88888889 | BH20: {=IF($BG$14=0,0,MMULT($AE20:$AO20, BG$3:BG$13)/$BG$14)} -> 1 | BI20: {=IF($BH$14=0,0,MMULT($AE20:$AO20, BH$3:BH$13)/$BH$14)} -> 0.88888889 | BJ20: {=IF($BI$14=0,0,MMULT($AE20:$AO20, BI$3:BI$13)/$BI$14)} -> 0.4 | BK20: {=IF($BJ$14=0,0,MMULT($AE20:$AO20, BJ$3:BJ$13)/$BJ$14)} -> 0.81977778 | BL20: =IF($BK$14=0,0,MMULT($AE20:$AO20, BK$3:BK$13)/$BK$14) -> 1 | BM20: =IF($BL$14=0,0,MMULT($AE20:$AO20, BL$3:BL$13)/$BL$14) -> 0.77777778 | BN20: =IF(OR(CSE4098B_Spring2026_Grade!$I5="W (Withdrawn)", CSE4098B_Spring2026_Grade!$I5="I (Incomplete)"), 0, IF(BB20>=55%, 1, 0)) -> 0 | BO20: =IF(OR(CSE4098B_Spring2026_Grade!$I5="W (Withdrawn)", CSE4098B_Spring2026_Grade!$I5="I (Incomplete)"), 0, IF(BC20>=55%, 1, 0)) -> 1 | BP20: =IF(OR(CSE4098B_Spring2026_Grade!$I5="W (Withdrawn)", CSE4098B_Spring2026_Grade!$I5="I (Incomplete)"), 0, IF(BD20>=55%, 1, 0)) -> 1 | BQ20: =IF(OR(CSE4098B_Spring2026_Grade!$I5="W (Withdrawn)", CSE4098B_Spring2026_Grade!$I5="I (Incomplete)"), 0, IF(BE20>=55%, 1, 0)) -> 1 | BR20: =IF(OR(CSE4098B_Spring2026_Grade!$I5="W (Withdrawn)", CSE4098B_Spring2026_Grade!$I5="I (Incomplete)"), 0, IF(BF20>=55%, 1, 0)) -> 1 | BS20: =IF(OR(CSE4098B_Spring2026_Grade!$I5="W (Withdrawn)", CSE4098B_Spring2026_Grade!$I5="I (Incomplete)"), 0, IF(BG20>=55%, 1, 0)) -> 1 | BT20: =IF(OR(CSE4098B_Spring2026_Grade!$I5="W (Withdrawn)", CSE4098B_Spring2026_Grade!$I5="I (Incomplete)"), 0, IF(BH20>=55%, 1, 0)) -> 1 | BU20: =IF(OR(CSE4098B_Spring2026_Grade!$I5="W (Withdrawn)", CSE4098B_Spring2026_Grade!$I5="I (Incomplete)"), 0, IF(BI20>=55%, 1, 0)) -> 1 | ... BY20: =IF(OR(CSE4098B_Spring2026_Grade!$I5="W (Withdrawn)", CSE4098B_Spring2026_Grade!$I5="I (Incomplete)"), 0, IF(BM20>=55%, 1, 0)) -> 1
A21: 2 | B21: =CSE4098B_Spring2026_Grade!B6 -> 223014049 | C21: =CSE4098B_Spring2026_Grade!C6 -> Md. Sojib Al Hasan | D21: ='CO Report Evaluation'!AI4 -> 4.6666667 | E21: ='CO Report Evaluation'!AJ4 -> 2.3333333 | F21: ='CO Report Evaluation'!AK4 -> 3 | G21: ='CO Report Evaluation'!AL4 -> 3 | H21: ='CO Report Evaluation'!AM4 -> 2.3333333 | I21: ='CO Report Evaluation'!AN4 -> 4.3333333 | J21: ='CO Report Evaluation'!AO4 -> 2.6666667 | K21: ='CO Report Evaluation'!AP4 -> 3 | L21: ='CO Report Evaluation'!AQ4 -> 2.6666667 | R21: =CSE4098B_Spring2026_Grade!F6 -> 3 | S21: =((CSE4098B_Spring2026_Grade!E6)*10)/45 -> 8.8155556 | T21: =D21 -> 4.6666667 | U21: =E21 -> 2.3333333 | V21: =F21 -> 3 | W21: =G21 -> 3 | X21: =H21 -> 2.3333333 | Y21: =I21 -> 4.3333333 | Z21: =J21 -> 2.6666667 | AA21: =K21 -> 3 | AB21: =L21 -> 2.6666667 | AC21: =R21 -> 3 | AD21: =S21 -> 8.8155556 | AE21: =IF(T21 = 0, 0, T21/T$19) -> 0.77777778 | AF21: =IF(U21 = 0, 0, U21/U$19) -> 0.77777778 | AG21: =IF(V21 = 0, 0, V21/V$19) -> 1 | AH21: =IF(W21 = 0, 0, W21/W$19) -> 1 | AI21: =IF(X21 = 0, 0, X21/X$19) -> 0.77777778 | AJ21: =IF(Y21 = 0, 0, Y21/Y$19) -> 0.72222222 | AK21: =IF(Z21 = 0, 0, Z21/Z$19) -> 0.88888889 | AL21: =IF(AA21 = 0, 0, AA21/AA$19) -> 1 | ... AO21: =IF(AD21 = 0, 0, AD21/AD$19) -> 0.88155556 | AP21: =IF(OR(CSE4098B_Spring2026_Grade!$I6="W (Withdrawn)", CSE4098B_Spring2026_Grade!$I6="I (Incomplete)"), 0, IF(AE21>=55%, 1, 0)) -> 1 | AQ21: =IF(OR(CSE4098B_Spring2026_Grade!$I6="W (Withdrawn)", CSE4098B_Spring2026_Grade!$I6="I (Incomplete)"), 0, IF(AF21>=55%, 1, 0)) -> 1 | AR21: =IF(OR(CSE4098B_Spring2026_Grade!$I6="W (Withdrawn)", CSE4098B_Spring2026_Grade!$I6="I (Incomplete)"), 0, IF(AG21>=55%, 1, 0)) -> 1 | AS21: =IF(OR(CSE4098B_Spring2026_Grade!$I6="W (Withdrawn)", CSE4098B_Spring2026_Grade!$I6="I (Incomplete)"), 0, IF(AH21>=55%, 1, 0)) -> 1 | AT21: =IF(OR(CSE4098B_Spring2026_Grade!$I6="W (Withdrawn)", CSE4098B_Spring2026_Grade!$I6="I (Incomplete)"), 0, IF(AI21>=55%, 1, 0)) -> 1 | AU21: =IF(OR(CSE4098B_Spring2026_Grade!$I6="W (Withdrawn)", CSE4098B_Spring2026_Grade!$I6="I (Incomplete)"), 0, IF(AJ21>=55%, 1, 0)) -> 1 | AV21: =IF(OR(CSE4098B_Spring2026_Grade!$I6="W (Withdrawn)", CSE4098B_Spring2026_Grade!$I6="I (Incomplete)"), 0, IF(AK21>=55%, 1, 0)) -> 1 | AW21: =IF(OR(CSE4098B_Spring2026_Grade!$I6="W (Withdrawn)", CSE4098B_Spring2026_Grade!$I6="I (Incomplete)"), 0, IF(AL21>=55%, 1, 0)) -> 1 | ... AZ21: =IF(OR(CSE4098B_Spring2026_Grade!$I6="W (Withdrawn)", CSE4098B_Spring2026_Grade!$I6="I (Incomplete)"), 0, IF(AO21>=55%, 1, 0)) -> 1 | BB21: =IF($BA$14=0,0,MMULT($AE21:$AO21, BA$3:BA$13)/$BA$14) -> 0 | BC21: =IF($BB$14=0,0,MMULT($AE21:$AO21, BB$3:BB$13)/$BB$14) -> 0.77777778 | BD21: {=IF($BC$14=0,0,MMULT($AE21:$AO21, BC$3:BC$13)/$BC$14)} -> 0.77777778 | BE21: {=IF($BD$14=0,0,MMULT($AE21:$AO21, BD$3:BD$13)/$BD$14)} -> 0.72222222 | BF21: =IF($BE$14=0,0,MMULT($AE21:$AO21, BE$3:BE$13)/$BE$14) -> 1 | BG21: {=IF($BF$14=0,0,MMULT($AE21:$AO21, BF$3:BF$13)/$BF$14)} -> 0.88888889 | BH21: {=IF($BG$14=0,0,MMULT($AE21:$AO21, BG$3:BG$13)/$BG$14)} -> 1 | BI21: {=IF($BH$14=0,0,MMULT($AE21:$AO21, BH$3:BH$13)/$BH$14)} -> 0.88888889 | BJ21: {=IF($BI$14=0,0,MMULT($AE21:$AO21, BI$3:BI$13)/$BI$14)} -> 0.6 | BK21: {=IF($BJ$14=0,0,MMULT($AE21:$AO21, BJ$3:BJ$13)/$BJ$14)} -> 0.88155556 | BL21: =IF($BK$14=0,0,MMULT($AE21:$AO21, BK$3:BK$13)/$BK$14) -> 1 | BM21: =IF($BL$14=0,0,MMULT($AE21:$AO21, BL$3:BL$13)/$BL$14) -> 0.77777778 | BN21: =IF(OR(CSE4098B_Spring2026_Grade!$I6="W (Withdrawn)", CSE4098B_Spring2026_Grade!$I6="I (Incomplete)"), 0, IF(BB21>=55%, 1, 0)) -> 0 | BO21: =IF(OR(CSE4098B_Spring2026_Grade!$I6="W (Withdrawn)", CSE4098B_Spring2026_Grade!$I6="I (Incomplete)"), 0, IF(BC21>=55%, 1, 0)) -> 1 | BP21: =IF(OR(CSE4098B_Spring2026_Grade!$I6="W (Withdrawn)", CSE4098B_Spring2026_Grade!$I6="I (Incomplete)"), 0, IF(BD21>=55%, 1, 0)) -> 1 | BQ21: =IF(OR(CSE4098B_Spring2026_Grade!$I6="W (Withdrawn)", CSE4098B_Spring2026_Grade!$I6="I (Incomplete)"), 0, IF(BE21>=55%, 1, 0)) -> 1 | BR21: =IF(OR(CSE4098B_Spring2026_Grade!$I6="W (Withdrawn)", CSE4098B_Spring2026_Grade!$I6="I (Incomplete)"), 0, IF(BF21>=55%, 1, 0)) -> 1 | BS21: =IF(OR(CSE4098B_Spring2026_Grade!$I6="W (Withdrawn)", CSE4098B_Spring2026_Grade!$I6="I (Incomplete)"), 0, IF(BG21>=55%, 1, 0)) -> 1 | BT21: =IF(OR(CSE4098B_Spring2026_Grade!$I6="W (Withdrawn)", CSE4098B_Spring2026_Grade!$I6="I (Incomplete)"), 0, IF(BH21>=55%, 1, 0)) -> 1 | BU21: =IF(OR(CSE4098B_Spring2026_Grade!$I6="W (Withdrawn)", CSE4098B_Spring2026_Grade!$I6="I (Incomplete)"), 0, IF(BI21>=55%, 1, 0)) -> 1 | ... BY21: =IF(OR(CSE4098B_Spring2026_Grade!$I6="W (Withdrawn)", CSE4098B_Spring2026_Grade!$I6="I (Incomplete)"), 0, IF(BM21>=55%, 1, 0)) -> 1
A22: 3 | B22: =CSE4098B_Spring2026_Grade!B7 -> 222014039 | C22: =CSE4098B_Spring2026_Grade!C7 -> Nadia Akter Jui | D22: ='CO Report Evaluation'!AI5 -> 4.6666667 | E22: ='CO Report Evaluation'!AJ5 -> 2.3333333 | F22: ='CO Report Evaluation'!AK5 -> 3 | G22: ='CO Report Evaluation'!AL5 -> 3 | H22: ='CO Report Evaluation'!AM5 -> 2.3333333 | I22: ='CO Report Evaluation'!AN5 -> 4.3333333 | J22: ='CO Report Evaluation'!AO5 -> 2.6666667 | K22: ='CO Report Evaluation'!AP5 -> 3 | L22: ='CO Report Evaluation'!AQ5 -> 2.6666667 | R22: =CSE4098B_Spring2026_Grade!F7 -> 2 | S22: =((CSE4098B_Spring2026_Grade!E7)*10)/45 -> 7.2088889 | T22: =D22 -> 4.6666667 | U22: =E22 -> 2.3333333 | V22: =F22 -> 3 | W22: =G22 -> 3 | X22: =H22 -> 2.3333333 | Y22: =I22 -> 4.3333333 | Z22: =J22 -> 2.6666667 | AA22: =K22 -> 3 | AB22: =L22 -> 2.6666667 | AC22: =R22 -> 2 | AD22: =S22 -> 7.2088889 | AE22: =IF(T22 = 0, 0, T22/T$19) -> 0.77777778 | AF22: =IF(U22 = 0, 0, U22/U$19) -> 0.77777778 | AG22: =IF(V22 = 0, 0, V22/V$19) -> 1 | AH22: =IF(W22 = 0, 0, W22/W$19) -> 1 | AI22: =IF(X22 = 0, 0, X22/X$19) -> 0.77777778 | AJ22: =IF(Y22 = 0, 0, Y22/Y$19) -> 0.72222222 | AK22: =IF(Z22 = 0, 0, Z22/Z$19) -> 0.88888889 | AL22: =IF(AA22 = 0, 0, AA22/AA$19) -> 1 | ... AO22: =IF(AD22 = 0, 0, AD22/AD$19) -> 0.72088889 | AP22: =IF(OR(CSE4098B_Spring2026_Grade!$I7="W (Withdrawn)", CSE4098B_Spring2026_Grade!$I7="I (Incomplete)"), 0, IF(AE22>=55%, 1, 0)) -> 1 | AQ22: =IF(OR(CSE4098B_Spring2026_Grade!$I7="W (Withdrawn)", CSE4098B_Spring2026_Grade!$I7="I (Incomplete)"), 0, IF(AF22>=55%, 1, 0)) -> 1 | AR22: =IF(OR(CSE4098B_Spring2026_Grade!$I7="W (Withdrawn)", CSE4098B_Spring2026_Grade!$I7="I (Incomplete)"), 0, IF(AG22>=55%, 1, 0)) -> 1 | AS22: =IF(OR(CSE4098B_Spring2026_Grade!$I7="W (Withdrawn)", CSE4098B_Spring2026_Grade!$I7="I (Incomplete)"), 0, IF(AH22>=55%, 1, 0)) -> 1 | AT22: =IF(OR(CSE4098B_Spring2026_Grade!$I7="W (Withdrawn)", CSE4098B_Spring2026_Grade!$I7="I (Incomplete)"), 0, IF(AI22>=55%, 1, 0)) -> 1 | AU22: =IF(OR(CSE4098B_Spring2026_Grade!$I7="W (Withdrawn)", CSE4098B_Spring2026_Grade!$I7="I (Incomplete)"), 0, IF(AJ22>=55%, 1, 0)) -> 1 | AV22: =IF(OR(CSE4098B_Spring2026_Grade!$I7="W (Withdrawn)", CSE4098B_Spring2026_Grade!$I7="I (Incomplete)"), 0, IF(AK22>=55%, 1, 0)) -> 1 | AW22: =IF(OR(CSE4098B_Spring2026_Grade!$I7="W (Withdrawn)", CSE4098B_Spring2026_Grade!$I7="I (Incomplete)"), 0, IF(AL22>=55%, 1, 0)) -> 1 | ... AZ22: =IF(OR(CSE4098B_Spring2026_Grade!$I7="W (Withdrawn)", CSE4098B_Spring2026_Grade!$I7="I (Incomplete)"), 0, IF(AO22>=55%, 1, 0)) -> 1 | BB22: =IF($BA$14=0,0,MMULT($AE22:$AO22, BA$3:BA$13)/$BA$14) -> 0 | BC22: =IF($BB$14=0,0,MMULT($AE22:$AO22, BB$3:BB$13)/$BB$14) -> 0.77777778 | BD22: {=IF($BC$14=0,0,MMULT($AE22:$AO22, BC$3:BC$13)/$BC$14)} -> 0.77777778 | BE22: {=IF($BD$14=0,0,MMULT($AE22:$AO22, BD$3:BD$13)/$BD$14)} -> 0.72222222 | BF22: =IF($BE$14=0,0,MMULT($AE22:$AO22, BE$3:BE$13)/$BE$14) -> 1 | BG22: {=IF($BF$14=0,0,MMULT($AE22:$AO22, BF$3:BF$13)/$BF$14)} -> 0.88888889 | BH22: {=IF($BG$14=0,0,MMULT($AE22:$AO22, BG$3:BG$13)/$BG$14)} -> 1 | BI22: {=IF($BH$14=0,0,MMULT($AE22:$AO22, BH$3:BH$13)/$BH$14)} -> 0.88888889 | BJ22: {=IF($BI$14=0,0,MMULT($AE22:$AO22, BI$3:BI$13)/$BI$14)} -> 0.4 | BK22: {=IF($BJ$14=0,0,MMULT($AE22:$AO22, BJ$3:BJ$13)/$BJ$14)} -> 0.72088889 | BL22: =IF($BK$14=0,0,MMULT($AE22:$AO22, BK$3:BK$13)/$BK$14) -> 1 | BM22: =IF($BL$14=0,0,MMULT($AE22:$AO22, BL$3:BL$13)/$BL$14) -> 0.77777778 | BN22: =IF(OR(CSE4098B_Spring2026_Grade!$I7="W (Withdrawn)", CSE4098B_Spring2026_Grade!$I7="I (Incomplete)"), 0, IF(BB22>=55%, 1, 0)) -> 0 | BO22: =IF(OR(CSE4098B_Spring2026_Grade!$I7="W (Withdrawn)", CSE4098B_Spring2026_Grade!$I7="I (Incomplete)"), 0, IF(BC22>=55%, 1, 0)) -> 1 | BP22: =IF(OR(CSE4098B_Spring2026_Grade!$I7="W (Withdrawn)", CSE4098B_Spring2026_Grade!$I7="I (Incomplete)"), 0, IF(BD22>=55%, 1, 0)) -> 1 | BQ22: =IF(OR(CSE4098B_Spring2026_Grade!$I7="W (Withdrawn)", CSE4098B_Spring2026_Grade!$I7="I (Incomplete)"), 0, IF(BE22>=55%, 1, 0)) -> 1 | BR22: =IF(OR(CSE4098B_Spring2026_Grade!$I7="W (Withdrawn)", CSE4098B_Spring2026_Grade!$I7="I (Incomplete)"), 0, IF(BF22>=55%, 1, 0)) -> 1 | BS22: =IF(OR(CSE4098B_Spring2026_Grade!$I7="W (Withdrawn)", CSE4098B_Spring2026_Grade!$I7="I (Incomplete)"), 0, IF(BG22>=55%, 1, 0)) -> 1 | BT22: =IF(OR(CSE4098B_Spring2026_Grade!$I7="W (Withdrawn)", CSE4098B_Spring2026_Grade!$I7="I (Incomplete)"), 0, IF(BH22>=55%, 1, 0)) -> 1 | BU22: =IF(OR(CSE4098B_Spring2026_Grade!$I7="W (Withdrawn)", CSE4098B_Spring2026_Grade!$I7="I (Incomplete)"), 0, IF(BI22>=55%, 1, 0)) -> 1 | ... BY22: =IF(OR(CSE4098B_Spring2026_Grade!$I7="W (Withdrawn)", CSE4098B_Spring2026_Grade!$I7="I (Incomplete)"), 0, IF(BM22>=55%, 1, 0)) -> 1
A23: 4 | B23: =CSE4098B_Spring2026_Grade!B8 -> 222014012 | C23: =CSE4098B_Spring2026_Grade!C8 -> Md. Minhazul Islam | D23: ='CO Report Evaluation'!AI6 -> 4.6666667 | E23: ='CO Report Evaluation'!AJ6 -> 2.3333333 | F23: ='CO Report Evaluation'!AK6 -> 3 | G23: ='CO Report Evaluation'!AL6 -> 3 | H23: ='CO Report Evaluation'!AM6 -> 2.3333333 | I23: ='CO Report Evaluation'!AN6 -> 4.3333333 | J23: ='CO Report Evaluation'!AO6 -> 2.6666667 | K23: ='CO Report Evaluation'!AP6 -> 3 | L23: ='CO Report Evaluation'!AQ6 -> 2.6666667 | R23: =CSE4098B_Spring2026_Grade!F8 -> 2 | S23: =((CSE4098B_Spring2026_Grade!E8)*10)/45 -> 7.3088889 | T23: =D23 -> 4.6666667 | U23: =E23 -> 2.3333333 | V23: =F23 -> 3 | W23: =G23 -> 3 | X23: =H23 -> 2.3333333 | Y23: =I23 -> 4.3333333 | Z23: =J23 -> 2.6666667 | AA23: =K23 -> 3 | AB23: =L23 -> 2.6666667 | AC23: =R23 -> 2 | AD23: =S23 -> 7.3088889 | AE23: =IF(T23 = 0, 0, T23/T$19) -> 0.77777778 | AF23: =IF(U23 = 0, 0, U23/U$19) -> 0.77777778 | AG23: =IF(V23 = 0, 0, V23/V$19) -> 1 | AH23: =IF(W23 = 0, 0, W23/W$19) -> 1 | AI23: =IF(X23 = 0, 0, X23/X$19) -> 0.77777778 | AJ23: =IF(Y23 = 0, 0, Y23/Y$19) -> 0.72222222 | AK23: =IF(Z23 = 0, 0, Z23/Z$19) -> 0.88888889 | AL23: =IF(AA23 = 0, 0, AA23/AA$19) -> 1 | ... AO23: =IF(AD23 = 0, 0, AD23/AD$19) -> 0.73088889 | AP23: =IF(OR(CSE4098B_Spring2026_Grade!$I8="W (Withdrawn)", CSE4098B_Spring2026_Grade!$I8="I (Incomplete)"), 0, IF(AE23>=55%, 1, 0)) -> 1 | AQ23: =IF(OR(CSE4098B_Spring2026_Grade!$I8="W (Withdrawn)", CSE4098B_Spring2026_Grade!$I8="I (Incomplete)"), 0, IF(AF23>=55%, 1, 0)) -> 1 | AR23: =IF(OR(CSE4098B_Spring2026_Grade!$I8="W (Withdrawn)", CSE4098B_Spring2026_Grade!$I8="I (Incomplete)"), 0, IF(AG23>=55%, 1, 0)) -> 1 | AS23: =IF(OR(CSE4098B_Spring2026_Grade!$I8="W (Withdrawn)", CSE4098B_Spring2026_Grade!$I8="I (Incomplete)"), 0, IF(AH23>=55%, 1, 0)) -> 1 | AT23: =IF(OR(CSE4098B_Spring2026_Grade!$I8="W (Withdrawn)", CSE4098B_Spring2026_Grade!$I8="I (Incomplete)"), 0, IF(AI23>=55%, 1, 0)) -> 1 | AU23: =IF(OR(CSE4098B_Spring2026_Grade!$I8="W (Withdrawn)", CSE4098B_Spring2026_Grade!$I8="I (Incomplete)"), 0, IF(AJ23>=55%, 1, 0)) -> 1 | AV23: =IF(OR(CSE4098B_Spring2026_Grade!$I8="W (Withdrawn)", CSE4098B_Spring2026_Grade!$I8="I (Incomplete)"), 0, IF(AK23>=55%, 1, 0)) -> 1 | AW23: =IF(OR(CSE4098B_Spring2026_Grade!$I8="W (Withdrawn)", CSE4098B_Spring2026_Grade!$I8="I (Incomplete)"), 0, IF(AL23>=55%, 1, 0)) -> 1 | ... AZ23: =IF(OR(CSE4098B_Spring2026_Grade!$I8="W (Withdrawn)", CSE4098B_Spring2026_Grade!$I8="I (Incomplete)"), 0, IF(AO23>=55%, 1, 0)) -> 1 | BB23: =IF($BA$14=0,0,MMULT($AE23:$AO23, BA$3:BA$13)/$BA$14) -> 0 | BC23: =IF($BB$14=0,0,MMULT($AE23:$AO23, BB$3:BB$13)/$BB$14) -> 0.77777778 | BD23: {=IF($BC$14=0,0,MMULT($AE23:$AO23, BC$3:BC$13)/$BC$14)} -> 0.77777778 | BE23: {=IF($BD$14=0,0,MMULT($AE23:$AO23, BD$3:BD$13)/$BD$14)} -> 0.72222222 | BF23: =IF($BE$14=0,0,MMULT($AE23:$AO23, BE$3:BE$13)/$BE$14) -> 1 | BG23: {=IF($BF$14=0,0,MMULT($AE23:$AO23, BF$3:BF$13)/$BF$14)} -> 0.88888889 | BH23: {=IF($BG$14=0,0,MMULT($AE23:$AO23, BG$3:BG$13)/$BG$14)} -> 1 | BI23: {=IF($BH$14=0,0,MMULT($AE23:$AO23, BH$3:BH$13)/$BH$14)} -> 0.88888889 | BJ23: {=IF($BI$14=0,0,MMULT($AE23:$AO23, BI$3:BI$13)/$BI$14)} -> 0.4 | BK23: {=IF($BJ$14=0,0,MMULT($AE23:$AO23, BJ$3:BJ$13)/$BJ$14)} -> 0.73088889 | BL23: =IF($BK$14=0,0,MMULT($AE23:$AO23, BK$3:BK$13)/$BK$14) -> 1 | BM23: =IF($BL$14=0,0,MMULT($AE23:$AO23, BL$3:BL$13)/$BL$14) -> 0.77777778 | BN23: =IF(OR(CSE4098B_Spring2026_Grade!$I8="W (Withdrawn)", CSE4098B_Spring2026_Grade!$I8="I (Incomplete)"), 0, IF(BB23>=55%, 1, 0)) -> 0 | BO23: =IF(OR(CSE4098B_Spring2026_Grade!$I8="W (Withdrawn)", CSE4098B_Spring2026_Grade!$I8="I (Incomplete)"), 0, IF(BC23>=55%, 1, 0)) -> 1 | BP23: =IF(OR(CSE4098B_Spring2026_Grade!$I8="W (Withdrawn)", CSE4098B_Spring2026_Grade!$I8="I (Incomplete)"), 0, IF(BD23>=55%, 1, 0)) -> 1 | BQ23: =IF(OR(CSE4098B_Spring2026_Grade!$I8="W (Withdrawn)", CSE4098B_Spring2026_Grade!$I8="I (Incomplete)"), 0, IF(BE23>=55%, 1, 0)) -> 1 | BR23: =IF(OR(CSE4098B_Spring2026_Grade!$I8="W (Withdrawn)", CSE4098B_Spring2026_Grade!$I8="I (Incomplete)"), 0, IF(BF23>=55%, 1, 0)) -> 1 | BS23: =IF(OR(CSE4098B_Spring2026_Grade!$I8="W (Withdrawn)", CSE4098B_Spring2026_Grade!$I8="I (Incomplete)"), 0, IF(BG23>=55%, 1, 0)) -> 1 | BT23: =IF(OR(CSE4098B_Spring2026_Grade!$I8="W (Withdrawn)", CSE4098B_Spring2026_Grade!$I8="I (Incomplete)"), 0, IF(BH23>=55%, 1, 0)) -> 1 | BU23: =IF(OR(CSE4098B_Spring2026_Grade!$I8="W (Withdrawn)", CSE4098B_Spring2026_Grade!$I8="I (Incomplete)"), 0, IF(BI23>=55%, 1, 0)) -> 1 | ... BY23: =IF(OR(CSE4098B_Spring2026_Grade!$I8="W (Withdrawn)", CSE4098B_Spring2026_Grade!$I8="I (Incomplete)"), 0, IF(BM23>=55%, 1, 0)) -> 1
A24: 5 | B24: =CSE4098B_Spring2026_Grade!B9 -> 222014096 | C24: =CSE4098B_Spring2026_Grade!C9 -> Md. Shams Arefin | D24: ='CO Report Evaluation'!AI7 -> 4.6666667 | E24: ='CO Report Evaluation'!AJ7 -> 2.3333333 | F24: ='CO Report Evaluation'!AK7 -> 3 | G24: ='CO Report Evaluation'!AL7 -> 3 | H24: ='CO Report Evaluation'!AM7 -> 2.3333333 | I24: ='CO Report Evaluation'!AN7 -> 4.3333333 | J24: ='CO Report Evaluation'!AO7 -> 2.6666667 | K24: ='CO Report Evaluation'!AP7 -> 3 | L24: ='CO Report Evaluation'!AQ7 -> 2.6666667 | R24: =CSE4098B_Spring2026_Grade!F9 -> 4 | S24: =((CSE4098B_Spring2026_Grade!E9)*10)/45 -> 9.2088889 | T24: =D24 -> 4.6666667 | U24: =E24 -> 2.3333333 | V24: =F24 -> 3 | W24: =G24 -> 3 | X24: =H24 -> 2.3333333 | Y24: =I24 -> 4.3333333 | Z24: =J24 -> 2.6666667 | AA24: =K24 -> 3 | AB24: =L24 -> 2.6666667 | AC24: =R24 -> 4 | AD24: =S24 -> 9.2088889 | AE24: =IF(T24 = 0, 0, T24/T$19) -> 0.77777778 | AF24: =IF(U24 = 0, 0, U24/U$19) -> 0.77777778 | AG24: =IF(V24 = 0, 0, V24/V$19) -> 1 | AH24: =IF(W24 = 0, 0, W24/W$19) -> 1 | AI24: =IF(X24 = 0, 0, X24/X$19) -> 0.77777778 | AJ24: =IF(Y24 = 0, 0, Y24/Y$19) -> 0.72222222 | AK24: =IF(Z24 = 0, 0, Z24/Z$19) -> 0.88888889 | AL24: =IF(AA24 = 0, 0, AA24/AA$19) -> 1 | ... AO24: =IF(AD24 = 0, 0, AD24/AD$19) -> 0.92088889 | AP24: =IF(OR(CSE4098B_Spring2026_Grade!$I9="W (Withdrawn)", CSE4098B_Spring2026_Grade!$I9="I (Incomplete)"), 0, IF(AE24>=55%, 1, 0)) -> 1 | AQ24: =IF(OR(CSE4098B_Spring2026_Grade!$I9="W (Withdrawn)", CSE4098B_Spring2026_Grade!$I9="I (Incomplete)"), 0, IF(AF24>=55%, 1, 0)) -> 1 | AR24: =IF(OR(CSE4098B_Spring2026_Grade!$I9="W (Withdrawn)", CSE4098B_Spring2026_Grade!$I9="I (Incomplete)"), 0, IF(AG24>=55%, 1, 0)) -> 1 | AS24: =IF(OR(CSE4098B_Spring2026_Grade!$I9="W (Withdrawn)", CSE4098B_Spring2026_Grade!$I9="I (Incomplete)"), 0, IF(AH24>=55%, 1, 0)) -> 1 | AT24: =IF(OR(CSE4098B_Spring2026_Grade!$I9="W (Withdrawn)", CSE4098B_Spring2026_Grade!$I9="I (Incomplete)"), 0, IF(AI24>=55%, 1, 0)) -> 1 | AU24: =IF(OR(CSE4098B_Spring2026_Grade!$I9="W (Withdrawn)", CSE4098B_Spring2026_Grade!$I9="I (Incomplete)"), 0, IF(AJ24>=55%, 1, 0)) -> 1 | AV24: =IF(OR(CSE4098B_Spring2026_Grade!$I9="W (Withdrawn)", CSE4098B_Spring2026_Grade!$I9="I (Incomplete)"), 0, IF(AK24>=55%, 1, 0)) -> 1 | AW24: =IF(OR(CSE4098B_Spring2026_Grade!$I9="W (Withdrawn)", CSE4098B_Spring2026_Grade!$I9="I (Incomplete)"), 0, IF(AL24>=55%, 1, 0)) -> 1 | ... AZ24: =IF(OR(CSE4098B_Spring2026_Grade!$I9="W (Withdrawn)", CSE4098B_Spring2026_Grade!$I9="I (Incomplete)"), 0, IF(AO24>=55%, 1, 0)) -> 1 | BB24: =IF($BA$14=0,0,MMULT($AE24:$AO24, BA$3:BA$13)/$BA$14) -> 0 | BC24: =IF($BB$14=0,0,MMULT($AE24:$AO24, BB$3:BB$13)/$BB$14) -> 0.77777778 | BD24: {=IF($BC$14=0,0,MMULT($AE24:$AO24, BC$3:BC$13)/$BC$14)} -> 0.77777778 | BE24: {=IF($BD$14=0,0,MMULT($AE24:$AO24, BD$3:BD$13)/$BD$14)} -> 0.72222222 | BF24: =IF($BE$14=0,0,MMULT($AE24:$AO24, BE$3:BE$13)/$BE$14) -> 1 | BG24: {=IF($BF$14=0,0,MMULT($AE24:$AO24, BF$3:BF$13)/$BF$14)} -> 0.88888889 | BH24: {=IF($BG$14=0,0,MMULT($AE24:$AO24, BG$3:BG$13)/$BG$14)} -> 1 | BI24: {=IF($BH$14=0,0,MMULT($AE24:$AO24, BH$3:BH$13)/$BH$14)} -> 0.88888889 | BJ24: {=IF($BI$14=0,0,MMULT($AE24:$AO24, BI$3:BI$13)/$BI$14)} -> 0.8 | BK24: {=IF($BJ$14=0,0,MMULT($AE24:$AO24, BJ$3:BJ$13)/$BJ$14)} -> 0.92088889 | BL24: =IF($BK$14=0,0,MMULT($AE24:$AO24, BK$3:BK$13)/$BK$14) -> 1 | BM24: =IF($BL$14=0,0,MMULT($AE24:$AO24, BL$3:BL$13)/$BL$14) -> 0.77777778 | BN24: =IF(OR(CSE4098B_Spring2026_Grade!$I9="W (Withdrawn)", CSE4098B_Spring2026_Grade!$I9="I (Incomplete)"), 0, IF(BB24>=55%, 1, 0)) -> 0 | BO24: =IF(OR(CSE4098B_Spring2026_Grade!$I9="W (Withdrawn)", CSE4098B_Spring2026_Grade!$I9="I (Incomplete)"), 0, IF(BC24>=55%, 1, 0)) -> 1 | BP24: =IF(OR(CSE4098B_Spring2026_Grade!$I9="W (Withdrawn)", CSE4098B_Spring2026_Grade!$I9="I (Incomplete)"), 0, IF(BD24>=55%, 1, 0)) -> 1 | BQ24: =IF(OR(CSE4098B_Spring2026_Grade!$I9="W (Withdrawn)", CSE4098B_Spring2026_Grade!$I9="I (Incomplete)"), 0, IF(BE24>=55%, 1, 0)) -> 1 | BR24: =IF(OR(CSE4098B_Spring2026_Grade!$I9="W (Withdrawn)", CSE4098B_Spring2026_Grade!$I9="I (Incomplete)"), 0, IF(BF24>=55%, 1, 0)) -> 1 | BS24: =IF(OR(CSE4098B_Spring2026_Grade!$I9="W (Withdrawn)", CSE4098B_Spring2026_Grade!$I9="I (Incomplete)"), 0, IF(BG24>=55%, 1, 0)) -> 1 | BT24: =IF(OR(CSE4098B_Spring2026_Grade!$I9="W (Withdrawn)", CSE4098B_Spring2026_Grade!$I9="I (Incomplete)"), 0, IF(BH24>=55%, 1, 0)) -> 1 | BU24: =IF(OR(CSE4098B_Spring2026_Grade!$I9="W (Withdrawn)", CSE4098B_Spring2026_Grade!$I9="I (Incomplete)"), 0, IF(BI24>=55%, 1, 0)) -> 1 | ... BY24: =IF(OR(CSE4098B_Spring2026_Grade!$I9="W (Withdrawn)", CSE4098B_Spring2026_Grade!$I9="I (Incomplete)"), 0, IF(BM24>=55%, 1, 0)) -> 1
A25: 6 | B25: =CSE4098B_Spring2026_Grade!B10 -> 222014052 | C25: =CSE4098B_Spring2026_Grade!C10 -> Redwan Ahamad Samir | D25: ='CO Report Evaluation'!AI8 -> 5 | E25: ='CO Report Evaluation'!AJ8 -> 2.6666667 | F25: ='CO Report Evaluation'!AK8 -> 2.3333333 | G25: ='CO Report Evaluation'!AL8 -> 2.6666667 | H25: ='CO Report Evaluation'!AM8 -> 2.6666667 | I25: ='CO Report Evaluation'!AN8 -> 5 | J25: ='CO Report Evaluation'!AO8 -> 2 | K25: ='CO Report Evaluation'!AP8 -> 2 | L25: ='CO Report Evaluation'!AQ8 -> 2.3333333 | R25: =CSE4098B_Spring2026_Grade!F10 -> 4 | S25: =((CSE4098B_Spring2026_Grade!E10)*10)/45 -> 9.4822222 | T25: =D25 -> 5 | U25: =E25 -> 2.6666667 | V25: =F25 -> 2.3333333 | W25: =G25 -> 2.6666667 | X25: =H25 -> 2.6666667 | Y25: =I25 -> 5 | Z25: =J25 -> 2 | AA25: =K25 -> 2 | AB25: =L25 -> 2.3333333 | AC25: =R25 -> 4 | AD25: =S25 -> 9.4822222 | AE25: =IF(T25 = 0, 0, T25/T$19) -> 0.83333333 | AF25: =IF(U25 = 0, 0, U25/U$19) -> 0.88888889 | AG25: =IF(V25 = 0, 0, V25/V$19) -> 0.77777778 | AH25: =IF(W25 = 0, 0, W25/W$19) -> 0.88888889 | AI25: =IF(X25 = 0, 0, X25/X$19) -> 0.88888889 | AJ25: =IF(Y25 = 0, 0, Y25/Y$19) -> 0.83333333 | AK25: =IF(Z25 = 0, 0, Z25/Z$19) -> 0.66666667 | AL25: =IF(AA25 = 0, 0, AA25/AA$19) -> 0.66666667 | ... AO25: =IF(AD25 = 0, 0, AD25/AD$19) -> 0.94822222 | AP25: =IF(OR(CSE4098B_Spring2026_Grade!$I10="W (Withdrawn)", CSE4098B_Spring2026_Grade!$I10="I (Incomplete)"), 0, IF(AE25>=55%, 1, 0)) -> 1 | AQ25: =IF(OR(CSE4098B_Spring2026_Grade!$I10="W (Withdrawn)", CSE4098B_Spring2026_Grade!$I10="I (Incomplete)"), 0, IF(AF25>=55%, 1, 0)) -> 1 | AR25: =IF(OR(CSE4098B_Spring2026_Grade!$I10="W (Withdrawn)", CSE4098B_Spring2026_Grade!$I10="I (Incomplete)"), 0, IF(AG25>=55%, 1, 0)) -> 1 | AS25: =IF(OR(CSE4098B_Spring2026_Grade!$I10="W (Withdrawn)", CSE4098B_Spring2026_Grade!$I10="I (Incomplete)"), 0, IF(AH25>=55%, 1, 0)) -> 1 | AT25: =IF(OR(CSE4098B_Spring2026_Grade!$I10="W (Withdrawn)", CSE4098B_Spring2026_Grade!$I10="I (Incomplete)"), 0, IF(AI25>=55%, 1, 0)) -> 1 | AU25: =IF(OR(CSE4098B_Spring2026_Grade!$I10="W (Withdrawn)", CSE4098B_Spring2026_Grade!$I10="I (Incomplete)"), 0, IF(AJ25>=55%, 1, 0)) -> 1 | AV25: =IF(OR(CSE4098B_Spring2026_Grade!$I10="W (Withdrawn)", CSE4098B_Spring2026_Grade!$I10="I (Incomplete)"), 0, IF(AK25>=55%, 1, 0)) -> 1 | AW25: =IF(OR(CSE4098B_Spring2026_Grade!$I10="W (Withdrawn)", CSE4098B_Spring2026_Grade!$I10="I (Incomplete)"), 0, IF(AL25>=55%, 1, 0)) -> 1 | ... AZ25: =IF(OR(CSE4098B_Spring2026_Grade!$I10="W (Withdrawn)", CSE4098B_Spring2026_Grade!$I10="I (Incomplete)"), 0, IF(AO25>=55%, 1, 0)) -> 1 | BB25: =IF($BA$14=0,0,MMULT($AE25:$AO25, BA$3:BA$13)/$BA$14) -> 0 | BC25: =IF($BB$14=0,0,MMULT($AE25:$AO25, BB$3:BB$13)/$BB$14) -> 0.88888889 | BD25: {=IF($BC$14=0,0,MMULT($AE25:$AO25, BC$3:BC$13)/$BC$14)} -> 0.88888889 | BE25: {=IF($BD$14=0,0,MMULT($AE25:$AO25, BD$3:BD$13)/$BD$14)} -> 0.83333333 | BF25: =IF($BE$14=0,0,MMULT($AE25:$AO25, BE$3:BE$13)/$BE$14) -> 0.88888889 | BG25: {=IF($BF$14=0,0,MMULT($AE25:$AO25, BF$3:BF$13)/$BF$14)} -> 0.66666667 | BH25: {=IF($BG$14=0,0,MMULT($AE25:$AO25, BG$3:BG$13)/$BG$14)} -> 0.66666667 | BI25: {=IF($BH$14=0,0,MMULT($AE25:$AO25, BH$3:BH$13)/$BH$14)} -> 0.77777778 | BJ25: {=IF($BI$14=0,0,MMULT($AE25:$AO25, BI$3:BI$13)/$BI$14)} -> 0.8 | BK25: {=IF($BJ$14=0,0,MMULT($AE25:$AO25, BJ$3:BJ$13)/$BJ$14)} -> 0.94822222 | BL25: =IF($BK$14=0,0,MMULT($AE25:$AO25, BK$3:BK$13)/$BK$14) -> 0.77777778 | BM25: =IF($BL$14=0,0,MMULT($AE25:$AO25, BL$3:BL$13)/$BL$14) -> 0.83333333 | BN25: =IF(OR(CSE4098B_Spring2026_Grade!$I10="W (Withdrawn)", CSE4098B_Spring2026_Grade!$I10="I (Incomplete)"), 0, IF(BB25>=55%, 1, 0)) -> 0 | BO25: =IF(OR(CSE4098B_Spring2026_Grade!$I10="W (Withdrawn)", CSE4098B_Spring2026_Grade!$I10="I (Incomplete)"), 0, IF(BC25>=55%, 1, 0)) -> 1 | BP25: =IF(OR(CSE4098B_Spring2026_Grade!$I10="W (Withdrawn)", CSE4098B_Spring2026_Grade!$I10="I (Incomplete)"), 0, IF(BD25>=55%, 1, 0)) -> 1 | BQ25: =IF(OR(CSE4098B_Spring2026_Grade!$I10="W (Withdrawn)", CSE4098B_Spring2026_Grade!$I10="I (Incomplete)"), 0, IF(BE25>=55%, 1, 0)) -> 1 | BR25: =IF(OR(CSE4098B_Spring2026_Grade!$I10="W (Withdrawn)", CSE4098B_Spring2026_Grade!$I10="I (Incomplete)"), 0, IF(BF25>=55%, 1, 0)) -> 1 | BS25: =IF(OR(CSE4098B_Spring2026_Grade!$I10="W (Withdrawn)", CSE4098B_Spring2026_Grade!$I10="I (Incomplete)"), 0, IF(BG25>=55%, 1, 0)) -> 1 | BT25: =IF(OR(CSE4098B_Spring2026_Grade!$I10="W (Withdrawn)", CSE4098B_Spring2026_Grade!$I10="I (Incomplete)"), 0, IF(BH25>=55%, 1, 0)) -> 1 | BU25: =IF(OR(CSE4098B_Spring2026_Grade!$I10="W (Withdrawn)", CSE4098B_Spring2026_Grade!$I10="I (Incomplete)"), 0, IF(BI25>=55%, 1, 0)) -> 1 | ... BY25: =IF(OR(CSE4098B_Spring2026_Grade!$I10="W (Withdrawn)", CSE4098B_Spring2026_Grade!$I10="I (Incomplete)"), 0, IF(BM25>=55%, 1, 0)) -> 1
A26: 7 | B26: =CSE4098B_Spring2026_Grade!B11 -> 222014009 | C26: =CSE4098B_Spring2026_Grade!C11 -> Samia Rahman | D26: ='CO Report Evaluation'!AI9 -> 5 | E26: ='CO Report Evaluation'!AJ9 -> 2.6666667 | F26: ='CO Report Evaluation'!AK9 -> 2.3333333 | G26: ='CO Report Evaluation'!AL9 -> 2.6666667 | H26: ='CO Report Evaluation'!AM9 -> 2.6666667 | I26: ='CO Report Evaluation'!AN9 -> 5 | J26: ='CO Report Evaluation'!AO9 -> 2 | K26: ='CO Report Evaluation'!AP9 -> 2 | L26: ='CO Report Evaluation'!AQ9 -> 2.3333333 | R26: =CSE4098B_Spring2026_Grade!F11 -> 3 | S26: =((CSE4098B_Spring2026_Grade!E11)*10)/45 -> 9.0377778 | T26: =D26 -> 5 | U26: =E26 -> 2.6666667 | V26: =F26 -> 2.3333333 | W26: =G26 -> 2.6666667 | X26: =H26 -> 2.6666667 | Y26: =I26 -> 5 | Z26: =J26 -> 2 | AA26: =K26 -> 2 | AB26: =L26 -> 2.3333333 | AC26: =R26 -> 3 | AD26: =S26 -> 9.0377778 | AE26: =IF(T26 = 0, 0, T26/T$19) -> 0.83333333 | AF26: =IF(U26 = 0, 0, U26/U$19) -> 0.88888889 | AG26: =IF(V26 = 0, 0, V26/V$19) -> 0.77777778 | AH26: =IF(W26 = 0, 0, W26/W$19) -> 0.88888889 | AI26: =IF(X26 = 0, 0, X26/X$19) -> 0.88888889 | AJ26: =IF(Y26 = 0, 0, Y26/Y$19) -> 0.83333333 | AK26: =IF(Z26 = 0, 0, Z26/Z$19) -> 0.66666667 | AL26: =IF(AA26 = 0, 0, AA26/AA$19) -> 0.66666667 | ... AO26: =IF(AD26 = 0, 0, AD26/AD$19) -> 0.90377778 | AP26: =IF(OR(CSE4098B_Spring2026_Grade!$I11="W (Withdrawn)", CSE4098B_Spring2026_Grade!$I11="I (Incomplete)"), 0, IF(AE26>=55%, 1, 0)) -> 1 | AQ26: =IF(OR(CSE4098B_Spring2026_Grade!$I11="W (Withdrawn)", CSE4098B_Spring2026_Grade!$I11="I (Incomplete)"), 0, IF(AF26>=55%, 1, 0)) -> 1 | AR26: =IF(OR(CSE4098B_Spring2026_Grade!$I11="W (Withdrawn)", CSE4098B_Spring2026_Grade!$I11="I (Incomplete)"), 0, IF(AG26>=55%, 1, 0)) -> 1 | AS26: =IF(OR(CSE4098B_Spring2026_Grade!$I11="W (Withdrawn)", CSE4098B_Spring2026_Grade!$I11="I (Incomplete)"), 0, IF(AH26>=55%, 1, 0)) -> 1 | AT26: =IF(OR(CSE4098B_Spring2026_Grade!$I11="W (Withdrawn)", CSE4098B_Spring2026_Grade!$I11="I (Incomplete)"), 0, IF(AI26>=55%, 1, 0)) -> 1 | AU26: =IF(OR(CSE4098B_Spring2026_Grade!$I11="W (Withdrawn)", CSE4098B_Spring2026_Grade!$I11="I (Incomplete)"), 0, IF(AJ26>=55%, 1, 0)) -> 1 | AV26: =IF(OR(CSE4098B_Spring2026_Grade!$I11="W (Withdrawn)", CSE4098B_Spring2026_Grade!$I11="I (Incomplete)"), 0, IF(AK26>=55%, 1, 0)) -> 1 | AW26: =IF(OR(CSE4098B_Spring2026_Grade!$I11="W (Withdrawn)", CSE4098B_Spring2026_Grade!$I11="I (Incomplete)"), 0, IF(AL26>=55%, 1, 0)) -> 1 | ... AZ26: =IF(OR(CSE4098B_Spring2026_Grade!$I11="W (Withdrawn)", CSE4098B_Spring2026_Grade!$I11="I (Incomplete)"), 0, IF(AO26>=55%, 1, 0)) -> 1 | BB26: =IF($BA$14=0,0,MMULT($AE26:$AO26, BA$3:BA$13)/$BA$14) -> 0 | BC26: =IF($BB$14=0,0,MMULT($AE26:$AO26, BB$3:BB$13)/$BB$14) -> 0.88888889 | BD26: {=IF($BC$14=0,0,MMULT($AE26:$AO26, BC$3:BC$13)/$BC$14)} -> 0.88888889 | BE26: {=IF($BD$14=0,0,MMULT($AE26:$AO26, BD$3:BD$13)/$BD$14)} -> 0.83333333 | BF26: =IF($BE$14=0,0,MMULT($AE26:$AO26, BE$3:BE$13)/$BE$14) -> 0.88888889 | BG26: {=IF($BF$14=0,0,MMULT($AE26:$AO26, BF$3:BF$13)/$BF$14)} -> 0.66666667 | BH26: {=IF($BG$14=0,0,MMULT($AE26:$AO26, BG$3:BG$13)/$BG$14)} -> 0.66666667 | BI26: {=IF($BH$14=0,0,MMULT($AE26:$AO26, BH$3:BH$13)/$BH$14)} -> 0.77777778 | BJ26: {=IF($BI$14=0,0,MMULT($AE26:$AO26, BI$3:BI$13)/$BI$14)} -> 0.6 | BK26: {=IF($BJ$14=0,0,MMULT($AE26:$AO26, BJ$3:BJ$13)/$BJ$14)} -> 0.90377778 | BL26: =IF($BK$14=0,0,MMULT($AE26:$AO26, BK$3:BK$13)/$BK$14) -> 0.77777778 | BM26: =IF($BL$14=0,0,MMULT($AE26:$AO26, BL$3:BL$13)/$BL$14) -> 0.83333333 | BN26: =IF(OR(CSE4098B_Spring2026_Grade!$I11="W (Withdrawn)", CSE4098B_Spring2026_Grade!$I11="I (Incomplete)"), 0, IF(BB26>=55%, 1, 0)) -> 0 | BO26: =IF(OR(CSE4098B_Spring2026_Grade!$I11="W (Withdrawn)", CSE4098B_Spring2026_Grade!$I11="I (Incomplete)"), 0, IF(BC26>=55%, 1, 0)) -> 1 | BP26: =IF(OR(CSE4098B_Spring2026_Grade!$I11="W (Withdrawn)", CSE4098B_Spring2026_Grade!$I11="I (Incomplete)"), 0, IF(BD26>=55%, 1, 0)) -> 1 | BQ26: =IF(OR(CSE4098B_Spring2026_Grade!$I11="W (Withdrawn)", CSE4098B_Spring2026_Grade!$I11="I (Incomplete)"), 0, IF(BE26>=55%, 1, 0)) -> 1 | BR26: =IF(OR(CSE4098B_Spring2026_Grade!$I11="W (Withdrawn)", CSE4098B_Spring2026_Grade!$I11="I (Incomplete)"), 0, IF(BF26>=55%, 1, 0)) -> 1 | BS26: =IF(OR(CSE4098B_Spring2026_Grade!$I11="W (Withdrawn)", CSE4098B_Spring2026_Grade!$I11="I (Incomplete)"), 0, IF(BG26>=55%, 1, 0)) -> 1 | BT26: =IF(OR(CSE4098B_Spring2026_Grade!$I11="W (Withdrawn)", CSE4098B_Spring2026_Grade!$I11="I (Incomplete)"), 0, IF(BH26>=55%, 1, 0)) -> 1 | BU26: =IF(OR(CSE4098B_Spring2026_Grade!$I11="W (Withdrawn)", CSE4098B_Spring2026_Grade!$I11="I (Incomplete)"), 0, IF(BI26>=55%, 1, 0)) -> 1 | ... BY26: =IF(OR(CSE4098B_Spring2026_Grade!$I11="W (Withdrawn)", CSE4098B_Spring2026_Grade!$I11="I (Incomplete)"), 0, IF(BM26>=55%, 1, 0)) -> 1
A27: 8 | B27: =CSE4098B_Spring2026_Grade!B12 -> 222014088 | C27: =CSE4098B_Spring2026_Grade!C12 -> Md. Omur Faruk | D27: ='CO Report Evaluation'!AI10 -> 5 | E27: ='CO Report Evaluation'!AJ10 -> 2.6666667 | F27: ='CO Report Evaluation'!AK10 -> 2.3333333 | G27: ='CO Report Evaluation'!AL10 -> 2.6666667 | H27: ='CO Report Evaluation'!AM10 -> 2.6666667 | I27: ='CO Report Evaluation'!AN10 -> 5 | J27: ='CO Report Evaluation'!AO10 -> 2 | K27: ='CO Report Evaluation'!AP10 -> 2 | L27: ='CO Report Evaluation'!AQ10 -> 2.3333333 | R27: =CSE4098B_Spring2026_Grade!F12 -> 3 | S27: =((CSE4098B_Spring2026_Grade!E12)*10)/45 -> 8.74 | T27: =D27 -> 5 | U27: =E27 -> 2.6666667 | V27: =F27 -> 2.3333333 | W27: =G27 -> 2.6666667 | X27: =H27 -> 2.6666667 | Y27: =I27 -> 5 | Z27: =J27 -> 2 | AA27: =K27 -> 2 | AB27: =L27 -> 2.3333333 | AC27: =R27 -> 3 | AD27: =S27 -> 8.74 | AE27: =IF(T27 = 0, 0, T27/T$19) -> 0.83333333 | AF27: =IF(U27 = 0, 0, U27/U$19) -> 0.88888889 | AG27: =IF(V27 = 0, 0, V27/V$19) -> 0.77777778 | AH27: =IF(W27 = 0, 0, W27/W$19) -> 0.88888889 | AI27: =IF(X27 = 0, 0, X27/X$19) -> 0.88888889 | AJ27: =IF(Y27 = 0, 0, Y27/Y$19) -> 0.83333333 | AK27: =IF(Z27 = 0, 0, Z27/Z$19) -> 0.66666667 | AL27: =IF(AA27 = 0, 0, AA27/AA$19) -> 0.66666667 | ... AO27: =IF(AD27 = 0, 0, AD27/AD$19) -> 0.874 | AP27: =IF(OR(CSE4098B_Spring2026_Grade!$I12="W (Withdrawn)", CSE4098B_Spring2026_Grade!$I12="I (Incomplete)"), 0, IF(AE27>=55%, 1, 0)) -> 1 | AQ27: =IF(OR(CSE4098B_Spring2026_Grade!$I12="W (Withdrawn)", CSE4098B_Spring2026_Grade!$I12="I (Incomplete)"), 0, IF(AF27>=55%, 1, 0)) -> 1 | AR27: =IF(OR(CSE4098B_Spring2026_Grade!$I12="W (Withdrawn)", CSE4098B_Spring2026_Grade!$I12="I (Incomplete)"), 0, IF(AG27>=55%, 1, 0)) -> 1 | AS27: =IF(OR(CSE4098B_Spring2026_Grade!$I12="W (Withdrawn)", CSE4098B_Spring2026_Grade!$I12="I (Incomplete)"), 0, IF(AH27>=55%, 1, 0)) -> 1 | AT27: =IF(OR(CSE4098B_Spring2026_Grade!$I12="W (Withdrawn)", CSE4098B_Spring2026_Grade!$I12="I (Incomplete)"), 0, IF(AI27>=55%, 1, 0)) -> 1 | AU27: =IF(OR(CSE4098B_Spring2026_Grade!$I12="W (Withdrawn)", CSE4098B_Spring2026_Grade!$I12="I (Incomplete)"), 0, IF(AJ27>=55%, 1, 0)) -> 1 | AV27: =IF(OR(CSE4098B_Spring2026_Grade!$I12="W (Withdrawn)", CSE4098B_Spring2026_Grade!$I12="I (Incomplete)"), 0, IF(AK27>=55%, 1, 0)) -> 1 | AW27: =IF(OR(CSE4098B_Spring2026_Grade!$I12="W (Withdrawn)", CSE4098B_Spring2026_Grade!$I12="I (Incomplete)"), 0, IF(AL27>=55%, 1, 0)) -> 1 | ... AZ27: =IF(OR(CSE4098B_Spring2026_Grade!$I12="W (Withdrawn)", CSE4098B_Spring2026_Grade!$I12="I (Incomplete)"), 0, IF(AO27>=55%, 1, 0)) -> 1 | BB27: =IF($BA$14=0,0,MMULT($AE27:$AO27, BA$3:BA$13)/$BA$14) -> 0 | BC27: =IF($BB$14=0,0,MMULT($AE27:$AO27, BB$3:BB$13)/$BB$14) -> 0.88888889 | BD27: {=IF($BC$14=0,0,MMULT($AE27:$AO27, BC$3:BC$13)/$BC$14)} -> 0.88888889 | BE27: {=IF($BD$14=0,0,MMULT($AE27:$AO27, BD$3:BD$13)/$BD$14)} -> 0.83333333 | BF27: =IF($BE$14=0,0,MMULT($AE27:$AO27, BE$3:BE$13)/$BE$14) -> 0.88888889 | BG27: {=IF($BF$14=0,0,MMULT($AE27:$AO27, BF$3:BF$13)/$BF$14)} -> 0.66666667 | BH27: {=IF($BG$14=0,0,MMULT($AE27:$AO27, BG$3:BG$13)/$BG$14)} -> 0.66666667 | BI27: {=IF($BH$14=0,0,MMULT($AE27:$AO27, BH$3:BH$13)/$BH$14)} -> 0.77777778 | BJ27: {=IF($BI$14=0,0,MMULT($AE27:$AO27, BI$3:BI$13)/$BI$14)} -> 0.6 | BK27: {=IF($BJ$14=0,0,MMULT($AE27:$AO27, BJ$3:BJ$13)/$BJ$14)} -> 0.874 | BL27: =IF($BK$14=0,0,MMULT($AE27:$AO27, BK$3:BK$13)/$BK$14) -> 0.77777778 | BM27: =IF($BL$14=0,0,MMULT($AE27:$AO27, BL$3:BL$13)/$BL$14) -> 0.83333333 | BN27: =IF(OR(CSE4098B_Spring2026_Grade!$I12="W (Withdrawn)", CSE4098B_Spring2026_Grade!$I12="I (Incomplete)"), 0, IF(BB27>=55%, 1, 0)) -> 0 | BO27: =IF(OR(CSE4098B_Spring2026_Grade!$I12="W (Withdrawn)", CSE4098B_Spring2026_Grade!$I12="I (Incomplete)"), 0, IF(BC27>=55%, 1, 0)) -> 1 | BP27: =IF(OR(CSE4098B_Spring2026_Grade!$I12="W (Withdrawn)", CSE4098B_Spring2026_Grade!$I12="I (Incomplete)"), 0, IF(BD27>=55%, 1, 0)) -> 1 | BQ27: =IF(OR(CSE4098B_Spring2026_Grade!$I12="W (Withdrawn)", CSE4098B_Spring2026_Grade!$I12="I (Incomplete)"), 0, IF(BE27>=55%, 1, 0)) -> 1 | BR27: =IF(OR(CSE4098B_Spring2026_Grade!$I12="W (Withdrawn)", CSE4098B_Spring2026_Grade!$I12="I (Incomplete)"), 0, IF(BF27>=55%, 1, 0)) -> 1 | BS27: =IF(OR(CSE4098B_Spring2026_Grade!$I12="W (Withdrawn)", CSE4098B_Spring2026_Grade!$I12="I (Incomplete)"), 0, IF(BG27>=55%, 1, 0)) -> 1 | BT27: =IF(OR(CSE4098B_Spring2026_Grade!$I12="W (Withdrawn)", CSE4098B_Spring2026_Grade!$I12="I (Incomplete)"), 0, IF(BH27>=55%, 1, 0)) -> 1 | BU27: =IF(OR(CSE4098B_Spring2026_Grade!$I12="W (Withdrawn)", CSE4098B_Spring2026_Grade!$I12="I (Incomplete)"), 0, IF(BI27>=55%, 1, 0)) -> 1 | ... BY27: =IF(OR(CSE4098B_Spring2026_Grade!$I12="W (Withdrawn)", CSE4098B_Spring2026_Grade!$I12="I (Incomplete)"), 0, IF(BM27>=55%, 1, 0)) -> 1
A28: 9 | B28: =CSE4098B_Spring2026_Grade!B13 -> 231014021 | C28: =CSE4098B_Spring2026_Grade!C13 -> Raiyan Islam | D28: ='CO Report Evaluation'!AI11 -> 5 | E28: ='CO Report Evaluation'!AJ11 -> 2.6666667 | F28: ='CO Report Evaluation'!AK11 -> 2.3333333 | G28: ='CO Report Evaluation'!AL11 -> 2.6666667 | H28: ='CO Report Evaluation'!AM11 -> 2.6666667 | I28: ='CO Report Evaluation'!AN11 -> 5 | J28: ='CO Report Evaluation'!AO11 -> 2 | K28: ='CO Report Evaluation'!AP11 -> 2 | L28: ='CO Report Evaluation'!AQ11 -> 2.3333333 | R28: =CSE4098B_Spring2026_Grade!F13 -> 3 | S28: =((CSE4098B_Spring2026_Grade!E13)*10)/45 -> 8.6666667 | T28: =D28 -> 5 | U28: =E28 -> 2.6666667 | V28: =F28 -> 2.3333333 | W28: =G28 -> 2.6666667 | X28: =H28 -> 2.6666667 | Y28: =I28 -> 5 | Z28: =J28 -> 2 | AA28: =K28 -> 2 | AB28: =L28 -> 2.3333333 | AC28: =R28 -> 3 | AD28: =S28 -> 8.6666667 | AE28: =IF(T28 = 0, 0, T28/T$19) -> 0.83333333 | AF28: =IF(U28 = 0, 0, U28/U$19) -> 0.88888889 | AG28: =IF(V28 = 0, 0, V28/V$19) -> 0.77777778 | AH28: =IF(W28 = 0, 0, W28/W$19) -> 0.88888889 | AI28: =IF(X28 = 0, 0, X28/X$19) -> 0.88888889 | AJ28: =IF(Y28 = 0, 0, Y28/Y$19) -> 0.83333333 | AK28: =IF(Z28 = 0, 0, Z28/Z$19) -> 0.66666667 | AL28: =IF(AA28 = 0, 0, AA28/AA$19) -> 0.66666667 | ... AO28: =IF(AD28 = 0, 0, AD28/AD$19) -> 0.86666667 | AP28: =IF(OR(CSE4098B_Spring2026_Grade!$I13="W (Withdrawn)", CSE4098B_Spring2026_Grade!$I13="I (Incomplete)"), 0, IF(AE28>=55%, 1, 0)) -> 1 | AQ28: =IF(OR(CSE4098B_Spring2026_Grade!$I13="W (Withdrawn)", CSE4098B_Spring2026_Grade!$I13="I (Incomplete)"), 0, IF(AF28>=55%, 1, 0)) -> 1 | AR28: =IF(OR(CSE4098B_Spring2026_Grade!$I13="W (Withdrawn)", CSE4098B_Spring2026_Grade!$I13="I (Incomplete)"), 0, IF(AG28>=55%, 1, 0)) -> 1 | AS28: =IF(OR(CSE4098B_Spring2026_Grade!$I13="W (Withdrawn)", CSE4098B_Spring2026_Grade!$I13="I (Incomplete)"), 0, IF(AH28>=55%, 1, 0)) -> 1 | AT28: =IF(OR(CSE4098B_Spring2026_Grade!$I13="W (Withdrawn)", CSE4098B_Spring2026_Grade!$I13="I (Incomplete)"), 0, IF(AI28>=55%, 1, 0)) -> 1 | AU28: =IF(OR(CSE4098B_Spring2026_Grade!$I13="W (Withdrawn)", CSE4098B_Spring2026_Grade!$I13="I (Incomplete)"), 0, IF(AJ28>=55%, 1, 0)) -> 1 | AV28: =IF(OR(CSE4098B_Spring2026_Grade!$I13="W (Withdrawn)", CSE4098B_Spring2026_Grade!$I13="I (Incomplete)"), 0, IF(AK28>=55%, 1, 0)) -> 1 | AW28: =IF(OR(CSE4098B_Spring2026_Grade!$I13="W (Withdrawn)", CSE4098B_Spring2026_Grade!$I13="I (Incomplete)"), 0, IF(AL28>=55%, 1, 0)) -> 1 | ... AZ28: =IF(OR(CSE4098B_Spring2026_Grade!$I13="W (Withdrawn)", CSE4098B_Spring2026_Grade!$I13="I (Incomplete)"), 0, IF(AO28>=55%, 1, 0)) -> 1 | BB28: =IF($BA$14=0,0,MMULT($AE28:$AO28, BA$3:BA$13)/$BA$14) -> 0 | BC28: =IF($BB$14=0,0,MMULT($AE28:$AO28, BB$3:BB$13)/$BB$14) -> 0.88888889 | BD28: {=IF($BC$14=0,0,MMULT($AE28:$AO28, BC$3:BC$13)/$BC$14)} -> 0.88888889 | BE28: {=IF($BD$14=0,0,MMULT($AE28:$AO28, BD$3:BD$13)/$BD$14)} -> 0.83333333 | BF28: =IF($BE$14=0,0,MMULT($AE28:$AO28, BE$3:BE$13)/$BE$14) -> 0.88888889 | BG28: {=IF($BF$14=0,0,MMULT($AE28:$AO28, BF$3:BF$13)/$BF$14)} -> 0.66666667 | BH28: {=IF($BG$14=0,0,MMULT($AE28:$AO28, BG$3:BG$13)/$BG$14)} -> 0.66666667 | BI28: {=IF($BH$14=0,0,MMULT($AE28:$AO28, BH$3:BH$13)/$BH$14)} -> 0.77777778 | BJ28: {=IF($BI$14=0,0,MMULT($AE28:$AO28, BI$3:BI$13)/$BI$14)} -> 0.6 | BK28: {=IF($BJ$14=0,0,MMULT($AE28:$AO28, BJ$3:BJ$13)/$BJ$14)} -> 0.86666667 | BL28: =IF($BK$14=0,0,MMULT($AE28:$AO28, BK$3:BK$13)/$BK$14) -> 0.77777778 | BM28: =IF($BL$14=0,0,MMULT($AE28:$AO28, BL$3:BL$13)/$BL$14) -> 0.83333333 | BN28: =IF(OR(CSE4098B_Spring2026_Grade!$I13="W (Withdrawn)", CSE4098B_Spring2026_Grade!$I13="I (Incomplete)"), 0, IF(BB28>=55%, 1, 0)) -> 0 | BO28: =IF(OR(CSE4098B_Spring2026_Grade!$I13="W (Withdrawn)", CSE4098B_Spring2026_Grade!$I13="I (Incomplete)"), 0, IF(BC28>=55%, 1, 0)) -> 1 | BP28: =IF(OR(CSE4098B_Spring2026_Grade!$I13="W (Withdrawn)", CSE4098B_Spring2026_Grade!$I13="I (Incomplete)"), 0, IF(BD28>=55%, 1, 0)) -> 1 | BQ28: =IF(OR(CSE4098B_Spring2026_Grade!$I13="W (Withdrawn)", CSE4098B_Spring2026_Grade!$I13="I (Incomplete)"), 0, IF(BE28>=55%, 1, 0)) -> 1 | BR28: =IF(OR(CSE4098B_Spring2026_Grade!$I13="W (Withdrawn)", CSE4098B_Spring2026_Grade!$I13="I (Incomplete)"), 0, IF(BF28>=55%, 1, 0)) -> 1 | BS28: =IF(OR(CSE4098B_Spring2026_Grade!$I13="W (Withdrawn)", CSE4098B_Spring2026_Grade!$I13="I (Incomplete)"), 0, IF(BG28>=55%, 1, 0)) -> 1 | BT28: =IF(OR(CSE4098B_Spring2026_Grade!$I13="W (Withdrawn)", CSE4098B_Spring2026_Grade!$I13="I (Incomplete)"), 0, IF(BH28>=55%, 1, 0)) -> 1 | BU28: =IF(OR(CSE4098B_Spring2026_Grade!$I13="W (Withdrawn)", CSE4098B_Spring2026_Grade!$I13="I (Incomplete)"), 0, IF(BI28>=55%, 1, 0)) -> 1 | ... BY28: =IF(OR(CSE4098B_Spring2026_Grade!$I13="W (Withdrawn)", CSE4098B_Spring2026_Grade!$I13="I (Incomplete)"), 0, IF(BM28>=55%, 1, 0)) -> 1
A29: 10 | B29: =CSE4098B_Spring2026_Grade!B14 -> 223014142 | C29: =CSE4098B_Spring2026_Grade!C14 -> Tamanna Akter | D29: ='CO Report Evaluation'!AI12 -> 5 | E29: ='CO Report Evaluation'!AJ12 -> 2.6666667 | F29: ='CO Report Evaluation'!AK12 -> 2.6666667 | G29: ='CO Report Evaluation'!AL12 -> 3 | H29: ='CO Report Evaluation'!AM12 -> 4.3333333 | I29: ='CO Report Evaluation'!AN12 -> 2.6666667 | J29: ='CO Report Evaluation'!AO12 -> 2.6666667 | K29: ='CO Report Evaluation'!AP12 -> 2 | L29: ='CO Report Evaluation'!AQ12 -> 2 | R29: =CSE4098B_Spring2026_Grade!F14 -> 5 | S29: =((CSE4098B_Spring2026_Grade!E14)*10)/45 -> 9.6466667 | T29: =D29 -> 5 | U29: =E29 -> 2.6666667 | V29: =F29 -> 2.6666667 | W29: =G29 -> 3 | X29: =H29 -> 4.3333333 | Y29: =I29 -> 2.6666667 | Z29: =J29 -> 2.6666667 | AA29: =K29 -> 2 | AB29: =L29 -> 2 | AC29: =R29 -> 5 | AD29: =S29 -> 9.6466667 | AE29: =IF(T29 = 0, 0, T29/T$19) -> 0.83333333 | AF29: =IF(U29 = 0, 0, U29/U$19) -> 0.88888889 | AG29: =IF(V29 = 0, 0, V29/V$19) -> 0.88888889 | AH29: =IF(W29 = 0, 0, W29/W$19) -> 1 | AI29: =IF(X29 = 0, 0, X29/X$19) -> 1.4444444 | AJ29: =IF(Y29 = 0, 0, Y29/Y$19) -> 0.44444444 | AK29: =IF(Z29 = 0, 0, Z29/Z$19) -> 0.88888889 | AL29: =IF(AA29 = 0, 0, AA29/AA$19) -> 0.66666667 | ... AO29: =IF(AD29 = 0, 0, AD29/AD$19) -> 0.96466667 | AP29: =IF(OR(CSE4098B_Spring2026_Grade!$I14="W (Withdrawn)", CSE4098B_Spring2026_Grade!$I14="I (Incomplete)"), 0, IF(AE29>=55%, 1, 0)) -> 1 | AQ29: =IF(OR(CSE4098B_Spring2026_Grade!$I14="W (Withdrawn)", CSE4098B_Spring2026_Grade!$I14="I (Incomplete)"), 0, IF(AF29>=55%, 1, 0)) -> 1 | AR29: =IF(OR(CSE4098B_Spring2026_Grade!$I14="W (Withdrawn)", CSE4098B_Spring2026_Grade!$I14="I (Incomplete)"), 0, IF(AG29>=55%, 1, 0)) -> 1 | AS29: =IF(OR(CSE4098B_Spring2026_Grade!$I14="W (Withdrawn)", CSE4098B_Spring2026_Grade!$I14="I (Incomplete)"), 0, IF(AH29>=55%, 1, 0)) -> 1 | AT29: =IF(OR(CSE4098B_Spring2026_Grade!$I14="W (Withdrawn)", CSE4098B_Spring2026_Grade!$I14="I (Incomplete)"), 0, IF(AI29>=55%, 1, 0)) -> 1 | AU29: =IF(OR(CSE4098B_Spring2026_Grade!$I14="W (Withdrawn)", CSE4098B_Spring2026_Grade!$I14="I (Incomplete)"), 0, IF(AJ29>=55%, 1, 0)) -> 0 | AV29: =IF(OR(CSE4098B_Spring2026_Grade!$I14="W (Withdrawn)", CSE4098B_Spring2026_Grade!$I14="I (Incomplete)"), 0, IF(AK29>=55%, 1, 0)) -> 1 | AW29: =IF(OR(CSE4098B_Spring2026_Grade!$I14="W (Withdrawn)", CSE4098B_Spring2026_Grade!$I14="I (Incomplete)"), 0, IF(AL29>=55%, 1, 0)) -> 1 | ... AZ29: =IF(OR(CSE4098B_Spring2026_Grade!$I14="W (Withdrawn)", CSE4098B_Spring2026_Grade!$I14="I (Incomplete)"), 0, IF(AO29>=55%, 1, 0)) -> 1 | BB29: =IF($BA$14=0,0,MMULT($AE29:$AO29, BA$3:BA$13)/$BA$14) -> 0 | BC29: =IF($BB$14=0,0,MMULT($AE29:$AO29, BB$3:BB$13)/$BB$14) -> 0.88888889 | BD29: {=IF($BC$14=0,0,MMULT($AE29:$AO29, BC$3:BC$13)/$BC$14)} -> 1.4444444 | BE29: {=IF($BD$14=0,0,MMULT($AE29:$AO29, BD$3:BD$13)/$BD$14)} -> 0.44444444 | BF29: =IF($BE$14=0,0,MMULT($AE29:$AO29, BE$3:BE$13)/$BE$14) -> 1 | BG29: {=IF($BF$14=0,0,MMULT($AE29:$AO29, BF$3:BF$13)/$BF$14)} -> 0.88888889 | BH29: {=IF($BG$14=0,0,MMULT($AE29:$AO29, BG$3:BG$13)/$BG$14)} -> 0.66666667 | BI29: {=IF($BH$14=0,0,MMULT($AE29:$AO29, BH$3:BH$13)/$BH$14)} -> 0.66666667 | BJ29: {=IF($BI$14=0,0,MMULT($AE29:$AO29, BI$3:BI$13)/$BI$14)} -> 1 | BK29: {=IF($BJ$14=0,0,MMULT($AE29:$AO29, BJ$3:BJ$13)/$BJ$14)} -> 0.96466667 | BL29: =IF($BK$14=0,0,MMULT($AE29:$AO29, BK$3:BK$13)/$BK$14) -> 0.88888889 | BM29: =IF($BL$14=0,0,MMULT($AE29:$AO29, BL$3:BL$13)/$BL$14) -> 0.83333333 | BN29: =IF(OR(CSE4098B_Spring2026_Grade!$I14="W (Withdrawn)", CSE4098B_Spring2026_Grade!$I14="I (Incomplete)"), 0, IF(BB29>=55%, 1, 0)) -> 0 | BO29: =IF(OR(CSE4098B_Spring2026_Grade!$I14="W (Withdrawn)", CSE4098B_Spring2026_Grade!$I14="I (Incomplete)"), 0, IF(BC29>=55%, 1, 0)) -> 1 | BP29: =IF(OR(CSE4098B_Spring2026_Grade!$I14="W (Withdrawn)", CSE4098B_Spring2026_Grade!$I14="I (Incomplete)"), 0, IF(BD29>=55%, 1, 0)) -> 1 | BQ29: =IF(OR(CSE4098B_Spring2026_Grade!$I14="W (Withdrawn)", CSE4098B_Spring2026_Grade!$I14="I (Incomplete)"), 0, IF(BE29>=55%, 1, 0)) -> 0 | BR29: =IF(OR(CSE4098B_Spring2026_Grade!$I14="W (Withdrawn)", CSE4098B_Spring2026_Grade!$I14="I (Incomplete)"), 0, IF(BF29>=55%, 1, 0)) -> 1 | BS29: =IF(OR(CSE4098B_Spring2026_Grade!$I14="W (Withdrawn)", CSE4098B_Spring2026_Grade!$I14="I (Incomplete)"), 0, IF(BG29>=55%, 1, 0)) -> 1 | BT29: =IF(OR(CSE4098B_Spring2026_Grade!$I14="W (Withdrawn)", CSE4098B_Spring2026_Grade!$I14="I (Incomplete)"), 0, IF(BH29>=55%, 1, 0)) -> 1 | BU29: =IF(OR(CSE4098B_Spring2026_Grade!$I14="W (Withdrawn)", CSE4098B_Spring2026_Grade!$I14="I (Incomplete)"), 0, IF(BI29>=55%, 1, 0)) -> 1 | ... BY29: =IF(OR(CSE4098B_Spring2026_Grade!$I14="W (Withdrawn)", CSE4098B_Spring2026_Grade!$I14="I (Incomplete)"), 0, IF(BM29>=55%, 1, 0)) -> 1
A30: 11 | B30: =CSE4098B_Spring2026_Grade!B15 -> 223014204 | C30: =CSE4098B_Spring2026_Grade!C15 -> Ashrafun Nahar Rahi | D30: ='CO Report Evaluation'!AI13 -> 5 | E30: ='CO Report Evaluation'!AJ13 -> 2.6666667 | F30: ='CO Report Evaluation'!AK13 -> 2.6666667 | G30: ='CO Report Evaluation'!AL13 -> 3 | H30: ='CO Report Evaluation'!AM13 -> 4.3333333 | I30: ='CO Report Evaluation'!AN13 -> 2.6666667 | J30: ='CO Report Evaluation'!AO13 -> 2.6666667 | K30: ='CO Report Evaluation'!AP13 -> 2 | L30: ='CO Report Evaluation'!AQ13 -> 2 | R30: =CSE4098B_Spring2026_Grade!F15 -> 5 | S30: =((CSE4098B_Spring2026_Grade!E15)*10)/45 -> 9.6466667 | T30: =D30 -> 5 | U30: =E30 -> 2.6666667 | V30: =F30 -> 2.6666667 | W30: =G30 -> 3 | X30: =H30 -> 4.3333333 | Y30: =I30 -> 2.6666667 | Z30: =J30 -> 2.6666667 | AA30: =K30 -> 2 | AB30: =L30 -> 2 | AC30: =R30 -> 5 | AD30: =S30 -> 9.6466667 | AE30: =IF(T30 = 0, 0, T30/T$19) -> 0.83333333 | AF30: =IF(U30 = 0, 0, U30/U$19) -> 0.88888889 | AG30: =IF(V30 = 0, 0, V30/V$19) -> 0.88888889 | AH30: =IF(W30 = 0, 0, W30/W$19) -> 1 | AI30: =IF(X30 = 0, 0, X30/X$19) -> 1.4444444 | AJ30: =IF(Y30 = 0, 0, Y30/Y$19) -> 0.44444444 | AK30: =IF(Z30 = 0, 0, Z30/Z$19) -> 0.88888889 | AL30: =IF(AA30 = 0, 0, AA30/AA$19) -> 0.66666667 | ... AO30: =IF(AD30 = 0, 0, AD30/AD$19) -> 0.96466667 | AP30: =IF(OR(CSE4098B_Spring2026_Grade!$I15="W (Withdrawn)", CSE4098B_Spring2026_Grade!$I15="I (Incomplete)"), 0, IF(AE30>=55%, 1, 0)) -> 1 | AQ30: =IF(OR(CSE4098B_Spring2026_Grade!$I15="W (Withdrawn)", CSE4098B_Spring2026_Grade!$I15="I (Incomplete)"), 0, IF(AF30>=55%, 1, 0)) -> 1 | AR30: =IF(OR(CSE4098B_Spring2026_Grade!$I15="W (Withdrawn)", CSE4098B_Spring2026_Grade!$I15="I (Incomplete)"), 0, IF(AG30>=55%, 1, 0)) -> 1 | AS30: =IF(OR(CSE4098B_Spring2026_Grade!$I15="W (Withdrawn)", CSE4098B_Spring2026_Grade!$I15="I (Incomplete)"), 0, IF(AH30>=55%, 1, 0)) -> 1 | AT30: =IF(OR(CSE4098B_Spring2026_Grade!$I15="W (Withdrawn)", CSE4098B_Spring2026_Grade!$I15="I (Incomplete)"), 0, IF(AI30>=55%, 1, 0)) -> 1 | AU30: =IF(OR(CSE4098B_Spring2026_Grade!$I15="W (Withdrawn)", CSE4098B_Spring2026_Grade!$I15="I (Incomplete)"), 0, IF(AJ30>=55%, 1, 0)) -> 0 | AV30: =IF(OR(CSE4098B_Spring2026_Grade!$I15="W (Withdrawn)", CSE4098B_Spring2026_Grade!$I15="I (Incomplete)"), 0, IF(AK30>=55%, 1, 0)) -> 1 | AW30: =IF(OR(CSE4098B_Spring2026_Grade!$I15="W (Withdrawn)", CSE4098B_Spring2026_Grade!$I15="I (Incomplete)"), 0, IF(AL30>=55%, 1, 0)) -> 1 | ... AZ30: =IF(OR(CSE4098B_Spring2026_Grade!$I15="W (Withdrawn)", CSE4098B_Spring2026_Grade!$I15="I (Incomplete)"), 0, IF(AO30>=55%, 1, 0)) -> 1 | BB30: =IF($BA$14=0,0,MMULT($AE30:$AO30, BA$3:BA$13)/$BA$14) -> 0 | BC30: =IF($BB$14=0,0,MMULT($AE30:$AO30, BB$3:BB$13)/$BB$14) -> 0.88888889 | BD30: {=IF($BC$14=0,0,MMULT($AE30:$AO30, BC$3:BC$13)/$BC$14)} -> 1.4444444 | BE30: {=IF($BD$14=0,0,MMULT($AE30:$AO30, BD$3:BD$13)/$BD$14)} -> 0.44444444 | BF30: =IF($BE$14=0,0,MMULT($AE30:$AO30, BE$3:BE$13)/$BE$14) -> 1 | BG30: {=IF($BF$14=0,0,MMULT($AE30:$AO30, BF$3:BF$13)/$BF$14)} -> 0.88888889 | BH30: {=IF($BG$14=0,0,MMULT($AE30:$AO30, BG$3:BG$13)/$BG$14)} -> 0.66666667 | BI30: {=IF($BH$14=0,0,MMULT($AE30:$AO30, BH$3:BH$13)/$BH$14)} -> 0.66666667 | BJ30: {=IF($BI$14=0,0,MMULT($AE30:$AO30, BI$3:BI$13)/$BI$14)} -> 1 | BK30: {=IF($BJ$14=0,0,MMULT($AE30:$AO30, BJ$3:BJ$13)/$BJ$14)} -> 0.96466667 | BL30: =IF($BK$14=0,0,MMULT($AE30:$AO30, BK$3:BK$13)/$BK$14) -> 0.88888889 | BM30: =IF($BL$14=0,0,MMULT($AE30:$AO30, BL$3:BL$13)/$BL$14) -> 0.83333333 | BN30: =IF(OR(CSE4098B_Spring2026_Grade!$I15="W (Withdrawn)", CSE4098B_Spring2026_Grade!$I15="I (Incomplete)"), 0, IF(BB30>=55%, 1, 0)) -> 0 | BO30: =IF(OR(CSE4098B_Spring2026_Grade!$I15="W (Withdrawn)", CSE4098B_Spring2026_Grade!$I15="I (Incomplete)"), 0, IF(BC30>=55%, 1, 0)) -> 1 | BP30: =IF(OR(CSE4098B_Spring2026_Grade!$I15="W (Withdrawn)", CSE4098B_Spring2026_Grade!$I15="I (Incomplete)"), 0, IF(BD30>=55%, 1, 0)) -> 1 | BQ30: =IF(OR(CSE4098B_Spring2026_Grade!$I15="W (Withdrawn)", CSE4098B_Spring2026_Grade!$I15="I (Incomplete)"), 0, IF(BE30>=55%, 1, 0)) -> 0 | BR30: =IF(OR(CSE4098B_Spring2026_Grade!$I15="W (Withdrawn)", CSE4098B_Spring2026_Grade!$I15="I (Incomplete)"), 0, IF(BF30>=55%, 1, 0)) -> 1 | BS30: =IF(OR(CSE4098B_Spring2026_Grade!$I15="W (Withdrawn)", CSE4098B_Spring2026_Grade!$I15="I (Incomplete)"), 0, IF(BG30>=55%, 1, 0)) -> 1 | BT30: =IF(OR(CSE4098B_Spring2026_Grade!$I15="W (Withdrawn)", CSE4098B_Spring2026_Grade!$I15="I (Incomplete)"), 0, IF(BH30>=55%, 1, 0)) -> 1 | BU30: =IF(OR(CSE4098B_Spring2026_Grade!$I15="W (Withdrawn)", CSE4098B_Spring2026_Grade!$I15="I (Incomplete)"), 0, IF(BI30>=55%, 1, 0)) -> 1 | ... BY30: =IF(OR(CSE4098B_Spring2026_Grade!$I15="W (Withdrawn)", CSE4098B_Spring2026_Grade!$I15="I (Incomplete)"), 0, IF(BM30>=55%, 1, 0)) -> 1
A31: 12 | B31: =CSE4098B_Spring2026_Grade!B16 -> 213014052 | C31: =CSE4098B_Spring2026_Grade!C16 -> Khuslima Fardush Mony | D31: ='CO Report Evaluation'!AI14 -> 5 | E31: ='CO Report Evaluation'!AJ14 -> 2.6666667 | F31: ='CO Report Evaluation'!AK14 -> 2.6666667 | G31: ='CO Report Evaluation'!AL14 -> 3 | H31: ='CO Report Evaluation'!AM14 -> 4.3333333 | I31: ='CO Report Evaluation'!AN14 -> 2.6666667 | J31: ='CO Report Evaluation'!AO14 -> 2.6666667 | K31: ='CO Report Evaluation'!AP14 -> 2 | L31: ='CO Report Evaluation'!AQ14 -> 2 | R31: =CSE4098B_Spring2026_Grade!F16 -> 4 | S31: =((CSE4098B_Spring2026_Grade!E16)*10)/45 -> 9.0533333 | T31: =D31 -> 5 | U31: =E31 -> 2.6666667 | V31: =F31 -> 2.6666667 | W31: =G31 -> 3 | X31: =H31 -> 4.3333333 | Y31: =I31 -> 2.6666667 | Z31: =J31 -> 2.6666667 | AA31: =K31 -> 2 | AB31: =L31 -> 2 | AC31: =R31 -> 4 | AD31: =S31 -> 9.0533333 | AE31: =IF(T31 = 0, 0, T31/T$19) -> 0.83333333 | AF31: =IF(U31 = 0, 0, U31/U$19) -> 0.88888889 | AG31: =IF(V31 = 0, 0, V31/V$19) -> 0.88888889 | AH31: =IF(W31 = 0, 0, W31/W$19) -> 1 | AI31: =IF(X31 = 0, 0, X31/X$19) -> 1.4444444 | AJ31: =IF(Y31 = 0, 0, Y31/Y$19) -> 0.44444444 | AK31: =IF(Z31 = 0, 0, Z31/Z$19) -> 0.88888889 | AL31: =IF(AA31 = 0, 0, AA31/AA$19) -> 0.66666667 | ... AO31: =IF(AD31 = 0, 0, AD31/AD$19) -> 0.90533333 | AP31: =IF(OR(CSE4098B_Spring2026_Grade!$I16="W (Withdrawn)", CSE4098B_Spring2026_Grade!$I16="I (Incomplete)"), 0, IF(AE31>=55%, 1, 0)) -> 1 | AQ31: =IF(OR(CSE4098B_Spring2026_Grade!$I16="W (Withdrawn)", CSE4098B_Spring2026_Grade!$I16="I (Incomplete)"), 0, IF(AF31>=55%, 1, 0)) -> 1 | AR31: =IF(OR(CSE4098B_Spring2026_Grade!$I16="W (Withdrawn)", CSE4098B_Spring2026_Grade!$I16="I (Incomplete)"), 0, IF(AG31>=55%, 1, 0)) -> 1 | AS31: =IF(OR(CSE4098B_Spring2026_Grade!$I16="W (Withdrawn)", CSE4098B_Spring2026_Grade!$I16="I (Incomplete)"), 0, IF(AH31>=55%, 1, 0)) -> 1 | AT31: =IF(OR(CSE4098B_Spring2026_Grade!$I16="W (Withdrawn)", CSE4098B_Spring2026_Grade!$I16="I (Incomplete)"), 0, IF(AI31>=55%, 1, 0)) -> 1 | AU31: =IF(OR(CSE4098B_Spring2026_Grade!$I16="W (Withdrawn)", CSE4098B_Spring2026_Grade!$I16="I (Incomplete)"), 0, IF(AJ31>=55%, 1, 0)) -> 0 | AV31: =IF(OR(CSE4098B_Spring2026_Grade!$I16="W (Withdrawn)", CSE4098B_Spring2026_Grade!$I16="I (Incomplete)"), 0, IF(AK31>=55%, 1, 0)) -> 1 | AW31: =IF(OR(CSE4098B_Spring2026_Grade!$I16="W (Withdrawn)", CSE4098B_Spring2026_Grade!$I16="I (Incomplete)"), 0, IF(AL31>=55%, 1, 0)) -> 1 | ... AZ31: =IF(OR(CSE4098B_Spring2026_Grade!$I16="W (Withdrawn)", CSE4098B_Spring2026_Grade!$I16="I (Incomplete)"), 0, IF(AO31>=55%, 1, 0)) -> 1 | BB31: =IF($BA$14=0,0,MMULT($AE31:$AO31, BA$3:BA$13)/$BA$14) -> 0 | BC31: =IF($BB$14=0,0,MMULT($AE31:$AO31, BB$3:BB$13)/$BB$14) -> 0.88888889 | BD31: {=IF($BC$14=0,0,MMULT($AE31:$AO31, BC$3:BC$13)/$BC$14)} -> 1.4444444 | BE31: {=IF($BD$14=0,0,MMULT($AE31:$AO31, BD$3:BD$13)/$BD$14)} -> 0.44444444 | BF31: =IF($BE$14=0,0,MMULT($AE31:$AO31, BE$3:BE$13)/$BE$14) -> 1 | BG31: {=IF($BF$14=0,0,MMULT($AE31:$AO31, BF$3:BF$13)/$BF$14)} -> 0.88888889 | BH31: {=IF($BG$14=0,0,MMULT($AE31:$AO31, BG$3:BG$13)/$BG$14)} -> 0.66666667 | BI31: {=IF($BH$14=0,0,MMULT($AE31:$AO31, BH$3:BH$13)/$BH$14)} -> 0.66666667 | BJ31: {=IF($BI$14=0,0,MMULT($AE31:$AO31, BI$3:BI$13)/$BI$14)} -> 0.8 | BK31: {=IF($BJ$14=0,0,MMULT($AE31:$AO31, BJ$3:BJ$13)/$BJ$14)} -> 0.90533333 | BL31: =IF($BK$14=0,0,MMULT($AE31:$AO31, BK$3:BK$13)/$BK$14) -> 0.88888889 | BM31: =IF($BL$14=0,0,MMULT($AE31:$AO31, BL$3:BL$13)/$BL$14) -> 0.83333333 | BN31: =IF(OR(CSE4098B_Spring2026_Grade!$I16="W (Withdrawn)", CSE4098B_Spring2026_Grade!$I16="I (Incomplete)"), 0, IF(BB31>=55%, 1, 0)) -> 0 | BO31: =IF(OR(CSE4098B_Spring2026_Grade!$I16="W (Withdrawn)", CSE4098B_Spring2026_Grade!$I16="I (Incomplete)"), 0, IF(BC31>=55%, 1, 0)) -> 1 | BP31: =IF(OR(CSE4098B_Spring2026_Grade!$I16="W (Withdrawn)", CSE4098B_Spring2026_Grade!$I16="I (Incomplete)"), 0, IF(BD31>=55%, 1, 0)) -> 1 | BQ31: =IF(OR(CSE4098B_Spring2026_Grade!$I16="W (Withdrawn)", CSE4098B_Spring2026_Grade!$I16="I (Incomplete)"), 0, IF(BE31>=55%, 1, 0)) -> 0 | BR31: =IF(OR(CSE4098B_Spring2026_Grade!$I16="W (Withdrawn)", CSE4098B_Spring2026_Grade!$I16="I (Incomplete)"), 0, IF(BF31>=55%, 1, 0)) -> 1 | BS31: =IF(OR(CSE4098B_Spring2026_Grade!$I16="W (Withdrawn)", CSE4098B_Spring2026_Grade!$I16="I (Incomplete)"), 0, IF(BG31>=55%, 1, 0)) -> 1 | BT31: =IF(OR(CSE4098B_Spring2026_Grade!$I16="W (Withdrawn)", CSE4098B_Spring2026_Grade!$I16="I (Incomplete)"), 0, IF(BH31>=55%, 1, 0)) -> 1 | BU31: =IF(OR(CSE4098B_Spring2026_Grade!$I16="W (Withdrawn)", CSE4098B_Spring2026_Grade!$I16="I (Incomplete)"), 0, IF(BI31>=55%, 1, 0)) -> 1 | ... BY31: =IF(OR(CSE4098B_Spring2026_Grade!$I16="W (Withdrawn)", CSE4098B_Spring2026_Grade!$I16="I (Incomplete)"), 0, IF(BM31>=55%, 1, 0)) -> 1
... A87: 68 | B87: =CSE4098B_Spring2026_Grade!B72 -> 221014085 | C87: =CSE4098B_Spring2026_Grade!C72 -> Sheikh Nusaibah Noor | D87: ='CO Report Evaluation'!AI70 -> 0 | E87: ='CO Report Evaluation'!AJ70 -> 0 | F87: ='CO Report Evaluation'!AK70 -> 0 | G87: ='CO Report Evaluation'!AL70 -> 0 | H87: ='CO Report Evaluation'!AM70 -> 0 | I87: ='CO Report Evaluation'!AN70 -> 0 | J87: ='CO Report Evaluation'!AO70 -> 0 | K87: ='CO Report Evaluation'!AP70 -> 0 | L87: ='CO Report Evaluation'!AQ70 -> 0 | R87: =CSE4098B_Spring2026_Grade!F72 -> 2 | S87: =((CSE4098B_Spring2026_Grade!E72)*10)/45 -> 2.6666667 | T87: =D87 -> 0 | U87: =E87 -> 0 | V87: =F87 -> 0 | W87: =G87 -> 0 | X87: =H87 -> 0 | Y87: =I87 -> 0 | Z87: =J87 -> 0 | AA87: =K87 -> 0 | AB87: =L87 -> 0 | AC87: =R87 -> 2 | AD87: =S87 -> 2.6666667 | AE87: =IF(T87 = 0, 0, T87/T$19) -> 0 | AF87: =IF(U87 = 0, 0, U87/U$19) -> 0 | AG87: =IF(V87 = 0, 0, V87/V$19) -> 0 | AH87: =IF(W87 = 0, 0, W87/W$19) -> 0 | AI87: =IF(X87 = 0, 0, X87/X$19) -> 0 | AJ87: =IF(Y87 = 0, 0, Y87/Y$19) -> 0 | AK87: =IF(Z87 = 0, 0, Z87/Z$19) -> 0 | AL87: =IF(AA87 = 0, 0, AA87/AA$19) -> 0 | ... AO87: =IF(AD87 = 0, 0, AD87/AD$19) -> 0.26666667 | AP87: =IF(OR(CSE4098B_Spring2026_Grade!$I72="W (Withdrawn)", CSE4098B_Spring2026_Grade!$I72="I (Incomplete)"), 0, IF(AE87>=55%, 1, 0)) -> 0 | AQ87: =IF(OR(CSE4098B_Spring2026_Grade!$I72="W (Withdrawn)", CSE4098B_Spring2026_Grade!$I72="I (Incomplete)"), 0, IF(AF87>=55%, 1, 0)) -> 0 | AR87: =IF(OR(CSE4098B_Spring2026_Grade!$I72="W (Withdrawn)", CSE4098B_Spring2026_Grade!$I72="I (Incomplete)"), 0, IF(AG87>=55%, 1, 0)) -> 0 | AS87: =IF(OR(CSE4098B_Spring2026_Grade!$I72="W (Withdrawn)", CSE4098B_Spring2026_Grade!$I72="I (Incomplete)"), 0, IF(AH87>=55%, 1, 0)) -> 0 | AT87: =IF(OR(CSE4098B_Spring2026_Grade!$I72="W (Withdrawn)", CSE4098B_Spring2026_Grade!$I72="I (Incomplete)"), 0, IF(AI87>=55%, 1, 0)) -> 0 | AU87: =IF(OR(CSE4098B_Spring2026_Grade!$I72="W (Withdrawn)", CSE4098B_Spring2026_Grade!$I72="I (Incomplete)"), 0, IF(AJ87>=55%, 1, 0)) -> 0 | AV87: =IF(OR(CSE4098B_Spring2026_Grade!$I72="W (Withdrawn)", CSE4098B_Spring2026_Grade!$I72="I (Incomplete)"), 0, IF(AK87>=55%, 1, 0)) -> 0 | AW87: =IF(OR(CSE4098B_Spring2026_Grade!$I72="W (Withdrawn)", CSE4098B_Spring2026_Grade!$I72="I (Incomplete)"), 0, IF(AL87>=55%, 1, 0)) -> 0 | ... AZ87: =IF(OR(CSE4098B_Spring2026_Grade!$I72="W (Withdrawn)", CSE4098B_Spring2026_Grade!$I72="I (Incomplete)"), 0, IF(AO87>=55%, 1, 0)) -> 0 | BB87: =IF($BA$14=0,0,MMULT($AE87:$AO87, BA$3:BA$13)/$BA$14) -> 0 | BC87: =IF($BB$14=0,0,MMULT($AE87:$AO87, BB$3:BB$13)/$BB$14) -> 0 | BD87: {=IF($BC$14=0,0,MMULT($AE87:$AO87, BC$3:BC$13)/$BC$14)} -> 0 | BE87: {=IF($BD$14=0,0,MMULT($AE87:$AO87, BD$3:BD$13)/$BD$14)} -> 0 | BF87: =IF($BE$14=0,0,MMULT($AE87:$AO87, BE$3:BE$13)/$BE$14) -> 0 | BG87: {=IF($BF$14=0,0,MMULT($AE87:$AO87, BF$3:BF$13)/$BF$14)} -> 0 | BH87: {=IF($BG$14=0,0,MMULT($AE87:$AO87, BG$3:BG$13)/$BG$14)} -> 0 | BI87: {=IF($BH$14=0,0,MMULT($AE87:$AO87, BH$3:BH$13)/$BH$14)} -> 0 | BJ87: {=IF($BI$14=0,0,MMULT($AE87:$AO87, BI$3:BI$13)/$BI$14)} -> 0.4 | BK87: {=IF($BJ$14=0,0,MMULT($AE87:$AO87, BJ$3:BJ$13)/$BJ$14)} -> 0.26666667 | BL87: =IF($BK$14=0,0,MMULT($AE87:$AO87, BK$3:BK$13)/$BK$14) -> 0 | BM87: =IF($BL$14=0,0,MMULT($AE87:$AO87, BL$3:BL$13)/$BL$14) -> 0 | BN87: =IF(OR(CSE4098B_Spring2026_Grade!$I72="W (Withdrawn)", CSE4098B_Spring2026_Grade!$I72="I (Incomplete)"), 0, IF(BB87>=55%, 1, 0)) -> 0 | BO87: =IF(OR(CSE4098B_Spring2026_Grade!$I72="W (Withdrawn)", CSE4098B_Spring2026_Grade!$I72="I (Incomplete)"), 0, IF(BC87>=55%, 1, 0)) -> 0 | BP87: =IF(OR(CSE4098B_Spring2026_Grade!$I72="W (Withdrawn)", CSE4098B_Spring2026_Grade!$I72="I (Incomplete)"), 0, IF(BD87>=55%, 1, 0)) -> 0 | BQ87: =IF(OR(CSE4098B_Spring2026_Grade!$I72="W (Withdrawn)", CSE4098B_Spring2026_Grade!$I72="I (Incomplete)"), 0, IF(BE87>=55%, 1, 0)) -> 0 | BR87: =IF(OR(CSE4098B_Spring2026_Grade!$I72="W (Withdrawn)", CSE4098B_Spring2026_Grade!$I72="I (Incomplete)"), 0, IF(BF87>=55%, 1, 0)) -> 0 | BS87: =IF(OR(CSE4098B_Spring2026_Grade!$I72="W (Withdrawn)", CSE4098B_Spring2026_Grade!$I72="I (Incomplete)"), 0, IF(BG87>=55%, 1, 0)) -> 0 | BT87: =IF(OR(CSE4098B_Spring2026_Grade!$I72="W (Withdrawn)", CSE4098B_Spring2026_Grade!$I72="I (Incomplete)"), 0, IF(BH87>=55%, 1, 0)) -> 0 | BU87: =IF(OR(CSE4098B_Spring2026_Grade!$I72="W (Withdrawn)", CSE4098B_Spring2026_Grade!$I72="I (Incomplete)"), 0, IF(BI87>=55%, 1, 0)) -> 0 | ... BY87: =IF(OR(CSE4098B_Spring2026_Grade!$I72="W (Withdrawn)", CSE4098B_Spring2026_Grade!$I72="I (Incomplete)"), 0, IF(BM87>=55%, 1, 0)) -> 0
A88: =COUNTA(A20:A87) -> 68 | B88: Class Average | D88: =AVERAGE(D20:D87) -> 3.9117647 | E88: =AVERAGE(E20:E87) -> 1.9803922 | F88: =AVERAGE(F20:F87) -> 1.9313725 | G88: =AVERAGE(G20:G87) -> 2.1470588 | H88: =AVERAGE(H20:H87) -> 2.0686275 | I88: =AVERAGE(I20:I87) -> 3.3823529 | J88: =AVERAGE(J20:J87) -> 1.995098 | K88: =AVERAGE(K20:K87) -> 1.9705882 | ... AD88: =AVERAGE(AD20:AD87) -> 7.7684314 | AE88: =SUMIFS(AE20:AE87, CSE4098B_Spring2026_Grade!$I$5:$I$72, "<>W (Withdrawn)", CSE4098B_Spring2026_Grade!$I$5:$I$72, "<>I (Incomplete)") / ($A$88-0-0) -> 0.65196078 | AF88: =SUMIFS(AF20:AF87, CSE4098B_Spring2026_Grade!$I$5:$I$72, "<>W (Withdrawn)", CSE4098B_Spring2026_Grade!$I$5:$I$72, "<>I (Incomplete)") / ($A$88-0-0) -> 0.66013072 | AG88: =SUMIFS(AG20:AG87, CSE4098B_Spring2026_Grade!$I$5:$I$72, "<>W (Withdrawn)", CSE4098B_Spring2026_Grade!$I$5:$I$72, "<>I (Incomplete)") / ($A$88-0-0) -> 0.64379085 | AH88: =SUMIFS(AH20:AH87, CSE4098B_Spring2026_Grade!$I$5:$I$72, "<>W (Withdrawn)", CSE4098B_Spring2026_Grade!$I$5:$I$72, "<>I (Incomplete)") / ($A$88-0-0) -> 0.71568627 | AI88: =SUMIFS(AI20:AI87, CSE4098B_Spring2026_Grade!$I$5:$I$72, "<>W (Withdrawn)", CSE4098B_Spring2026_Grade!$I$5:$I$72, "<>I (Incomplete)") / ($A$88-0-0) -> 0.68954248 | AJ88: =SUMIFS(AJ20:AJ87, CSE4098B_Spring2026_Grade!$I$5:$I$72, "<>W (Withdrawn)", CSE4098B_Spring2026_Grade!$I$5:$I$72, "<>I (Incomplete)") / ($A$88-0-0) -> 0.56372549 | AK88: =SUMIFS(AK20:AK87, CSE4098B_Spring2026_Grade!$I$5:$I$72, "<>W (Withdrawn)", CSE4098B_Spring2026_Grade!$I$5:$I$72, "<>I (Incomplete)") / ($A$88-0-0) -> 0.66503268 | AL88: =SUMIFS(AL20:AL87, CSE4098B_Spring2026_Grade!$I$5:$I$72, "<>W (Withdrawn)", CSE4098B_Spring2026_Grade!$I$5:$I$72, "<>I (Incomplete)") / ($A$88-0-0) -> 0.65686275 | ... AO88: =SUMIFS(AO20:AO87, CSE4098B_Spring2026_Grade!$I$5:$I$72, "<>W (Withdrawn)", CSE4098B_Spring2026_Grade!$I$5:$I$72, "<>I (Incomplete)") / ($A$88-0-0) -> 0.77684314 | AP88: =SUM(AP20:AP87) -> 60 | AQ88: =SUM(AQ20:AQ87) -> 57 | AR88: =SUM(AR20:AR87) -> 57 | AS88: =SUM(AS20:AS87) -> 55 | AT88: =SUM(AT20:AT87) -> 60 | AU88: =SUM(AU20:AU87) -> 48 | AV88: =SUM(AV20:AV87) -> 53 | AW88: =SUM(AW20:AW87) -> 56 | ... AZ88: =SUM(AZ20:AZ87) -> 60 | BB88: =SUMIFS(AU20:AU87, CSE4098B_Fall2025_Grade!$I$5:$I$86, "<>W (Withdrawn)", CSE4098B_Fall2025_Grade!$I$5:$I$86, "<>I (Incomplete)") / ($A$88-0-4) -> #VALUE! | BC88: =SUMIFS(AQ20:AQ87, CSE4098B_Spring2026_Grade!$I$5:$I$72, "<>W (Withdrawn)", CSE4098B_Spring2026_Grade!$I$5:$I$72, "<>I (Incomplete)") / ($A$88-0-0) -> 0.83823529 | BD88: =SUMIFS(AT20:AT87, CSE4098B_Spring2026_Grade!$I$5:$I$72, "<>W (Withdrawn)", CSE4098B_Spring2026_Grade!$I$5:$I$72, "<>I (Incomplete)") / ($A$88-0-0) -> 0.88235294 | BE88: =SUMIFS(AU20:AU87, CSE4098B_Spring2026_Grade!$I$5:$I$72, "<>W (Withdrawn)", CSE4098B_Spring2026_Grade!$I$5:$I$72, "<>I (Incomplete)") / ($A$88-0-0) -> 0.70588235 | BF88: =SUMIFS(AS20:AS87, CSE4098B_Spring2026_Grade!$I$5:$I$72, "<>W (Withdrawn)", CSE4098B_Spring2026_Grade!$I$5:$I$72, "<>I (Incomplete)") / ($A$88-0-0) -> 0.80882353 | BG88: =SUMIFS(AV20:AV87, CSE4098B_Spring2026_Grade!$I$5:$I$72, "<>W (Withdrawn)", CSE4098B_Spring2026_Grade!$I$5:$I$72, "<>I (Incomplete)") / ($A$88-0-0) -> 0.77941176 | BH88: =SUMIFS(AW20:AW87, CSE4098B_Spring2026_Grade!$I$5:$I$72, "<>W (Withdrawn)", CSE4098B_Spring2026_Grade!$I$5:$I$72, "<>I (Incomplete)") / ($A$88-0-0) -> 0.82352941 | BI88: =SUMIFS(AX20:AX87, CSE4098B_Spring2026_Grade!$I$5:$I$72, "<>W (Withdrawn)", CSE4098B_Spring2026_Grade!$I$5:$I$72, "<>I (Incomplete)") / ($A$88-0-0) -> 0.80882353 | BJ88: =SUMIFS(AY20:AY87, CSE4098B_Spring2026_Grade!$I$5:$I$72, "<>W (Withdrawn)", CSE4098B_Spring2026_Grade!$I$5:$I$72, "<>I (Incomplete)") / ($A$88-0-0) -> 0.83823529 | BK88: =SUMIFS(AZ20:AZ87, CSE4098B_Spring2026_Grade!$I$5:$I$72, "<>W (Withdrawn)", CSE4098B_Spring2026_Grade!$I$5:$I$72, "<>I (Incomplete)") / ($A$88-0-0) -> 0.88235294 | BL88: =SUMIFS(AR20:AR87, CSE4098B_Spring2026_Grade!$I$5:$I$72, "<>W (Withdrawn)", CSE4098B_Spring2026_Grade!$I$5:$I$72, "<>I (Incomplete)") / ($A$88-0-0) -> 0.83823529 | BM88: =SUMIFS(AP20:AP87, CSE4098B_Spring2026_Grade!$I$5:$I$72, "<>W (Withdrawn)", CSE4098B_Spring2026_Grade!$I$5:$I$72, "<>I (Incomplete)") / ($A$88-0-0) -> 0.88235294 | BN88: =SUM(BN20:BN87) -> 0 | BO88: =SUM(BO20:BO87) -> 57 | BP88: =SUM(BP20:BP87) -> 60 | BQ88: =SUM(BQ20:BQ87) -> 48 | BR88: =SUM(BR20:BR87) -> 55 | BS88: =SUM(BS20:BS87) -> 53 | BT88: =SUM(BT20:BT87) -> 56 | BU88: =SUM(BU20:BU87) -> 55 | ... BY88: =SUM(BY20:BY87) -> 60

Sheet ContinuousQualityImprovement
A1: Continuous Quality Improvement (CQI) Form
A2: Course Code | B2: CSE 4098B | C2: Section | D2: 1
A3: Course Title | B3: Capstone Project | C3: Semester | D3: Spring 2026
A4: Credit | B4: 1 | C4: Number of Students | D4: =CSE4098B_Spring2026_Grade!$H$89 -> 68
A6: Course Outcomes (CO) | C6: Criteria for Achievement | D6: CO Attainment
A7: CO1 | C7: 60% of the students to achieve 55% of the allocated mark | D7: ='CO-PO Attainment Analysis'!AP88/(D4-0-0) -> 0.88235294
A8: CO2 | D8: ='CO-PO Attainment Analysis'!AQ88/(D4-0-0) -> 0.83823529
A9: CO3 | D9: ='CO-PO Attainment Analysis'!AR88/(D4-0-0) -> 0.83823529
A10: CO4 | D10: ='CO-PO Attainment Analysis'!AS88/(D4-0-0) -> 0.80882353
A11: CO5 | D11: ='CO-PO Attainment Analysis'!AT88/(D4-0-0) -> 0.88235294
A12: CO6 | D12: ='CO-PO Attainment Analysis'!AU88/(D4-0-0) -> 0.70588235
A13: CO7 | D13: ='CO-PO Attainment Analysis'!AV88/(D4-0-0) -> 0.77941176
A14: CO8 | D14: ='CO-PO Attainment Analysis'!AW88/(D4-0-0) -> 0.82352941
A15: CO9 | D15: ='CO-PO Attainment Analysis'!AX88/(D4-0-0) -> 0.80882353
A16: CO10 | D16: ='CO-PO Attainment Analysis'!AY88/(D4-0-0) -> 0.83823529
A17: CO11 | D17: ='CO-PO Attainment Analysis'!AZ88/(D4-0-0) -> 0.88235294
A19: Plan for Course Improvement: (Based on inputs from Course Outcome Analysis above, results and other sources)*
A20: Should be given more practices
D31: * attach additional sheet, if required
A38: Signature of the Instructor:
A39: Name of the Instructor:
A40: Date:

Sheet CSE4098B_Spring2026_Report
A1: Capstone Project Report (CSE 4098B)
A2: Marks Distribution
C3: Spring 2026 | D3: Supervisor | G3: Evaluator's Marks (Provided in Rubrics: 42)
A4: Sl | B4: Student ID | C4: Student Name | D4: Supervisor (Provided in Rubrics: 42) | E4: Supervisor Marks (40%) | F4: MGK | G4: RWAIK | H4: NafM | I4: MMSM | J4: FsAh | K4: RHF | L4: RaiK | M4: JFR | N4: MAWA | O4: MNMA | P4: FK | Q4: SviA | R4: ASU | S4: SJSQ | T4: MdKH | U4: ABY | V4: SBMM | W4: NUA | X4: WFU | Y4: ASR | Z4: DWAMT | AA4: Evaluator's Marsk (40%) | AB4: Total (Supervisor: 60% + Evaluator: 40%) | AC4: Sup | AD4: Title
A5: 1 | B5: =CSE4098B_Spring2026_Grade!B5 -> 223014152 | C5: =CSE4098B_Spring2026_Grade!C5 -> Ahadul Islam Rahul | D5: 37 | E5: =ROUND((40*D5)/42,2) -> 35.24 | L5: 27 | AA5: =ROUND((40*AVERAGE(G5:Z5))/42,2) -> 25.71 | AB5: =ROUND((E5*60%+AA5*40%),2) -> 31.43
A6: 2 | B6: =CSE4098B_Spring2026_Grade!B6 -> 223014049 | C6: =CSE4098B_Spring2026_Grade!C6 -> Md. Sojib Al Hasan | D6: 37 | E6: =ROUND((40*D6)/42,2) -> 35.24 | L6: 27 | AA6: =ROUND((40*AVERAGE(G6:Z6))/42,2) -> 25.71 | AB6: =ROUND((E6*60%+AA6*40%),2) -> 31.43
A7: 3 | B7: =CSE4098B_Spring2026_Grade!B7 -> 222014039 | C7: =CSE4098B_Spring2026_Grade!C7 -> Nadia Akter Jui | D7: 37 | E7: =ROUND((40*D7)/42,2) -> 35.24 | L7: 27 | AA7: =ROUND((40*AVERAGE(G7:Z7))/42,2) -> 25.71 | AB7: =ROUND((E7*60%+AA7*40%),2) -> 31.43
A8: 4 | B8: =CSE4098B_Spring2026_Grade!B8 -> 222014012 | C8: =CSE4098B_Spring2026_Grade!C8 -> Md. Minhazul Islam | D8: 37 | E8: =ROUND((40*D8)/42,2) -> 35.24 | L8: 27 | AA8: =ROUND((40*AVERAGE(G8:Z8))/42,2) -> 25.71 | AB8: =ROUND((E8*60%+AA8*40%),2) -> 31.43
A9: 5 | B9: =CSE4098B_Spring2026_Grade!B9 -> 222014096 | C9: =CSE4098B_Spring2026_Grade!C9 -> Md. Shams Arefin | D9: 37 | E9: =ROUND((40*D9)/42,2) -> 35.24 | L9: 27 | AA9: =ROUND((40*AVERAGE(G9:Z9))/42,2) -> 25.71 | AB9: =ROUND((E9*60%+AA9*40%),2) -> 31.43
A10: 6 | B10: =CSE4098B_Spring2026_Grade!B10 -> 222014052 | C10: =CSE4098B_Spring2026_Grade!C10 -> Redwan Ahamad Samir | D10: 28 | E10: =ROUND((40*D10)/42,2) -> 26.67 | F10: 36 | U10: 28 | AA10: =ROUND((40*AVERAGE(G10:Z10))/42,2) -> 26.67 | AB10: =ROUND((E10*60%+AA10*40%),2) -> 26.67
A11: 7 | B11: =CSE4098B_Spring2026_Grade!B11 -> 222014009 | C11: =CSE4098B_Spring2026_Grade!C11 -> Samia Rahman | D11: 28 | E11: =ROUND((40*D11)/42,2) -> 26.67 | F11: 36 | U11: 28 | AA11: =ROUND((40*AVERAGE(G11:Z11))/42,2) -> 26.67 | AB11: =ROUND((E11*60%+AA11*40%),2) -> 26.67
A12: 8 | B12: =CSE4098B_Spring2026_Grade!B12 -> 222014088 | C12: =CSE4098B_Spring2026_Grade!C12 -> Md. Omur Faruk | D12: 28 | E12: =ROUND((40*D12)/42,2) -> 26.67 | F12: 36 | U12: 28 | AA12: =ROUND((40*AVERAGE(G12:Z12))/42,2) -> 26.67 | AB12: =ROUND((E12*60%+AA12*40%),2) -> 26.67
A13: 9 | B13: =CSE4098B_Spring2026_Grade!B13 -> 231014021 | C13: =CSE4098B_Spring2026_Grade!C13 -> Raiyan Islam | D13: 28 | E13: =ROUND((40*D13)/42,2) -> 26.67 | F13: 36 | U13: 28 | AA13: =ROUND((40*AVERAGE(G13:Z13))/42,2) -> 26.67 | AB13: =ROUND((E13*60%+AA13*40%),2) -> 26.67
A14: 10 | B14: =CSE4098B_Spring2026_Grade!B14 -> 223014142 | C14: =CSE4098B_Spring2026_Grade!C14 -> Tamanna Akter | D14: 32 | E14: =ROUND((40*D14)/42,2) -> 30.48 | Q14: 36 | R14: 36 | AA14: =ROUND((40*AVERAGE(G14:Z14))/42,2) -> 34.29 | AB14: =ROUND((E14*60%+AA14*40%),2) -> 32
A15: 11 | B15: =CSE4098B_Spring2026_Grade!B15 -> 223014204 | C15: =CSE4098B_Spring2026_Grade!C15 -> Ashrafun Nahar Rahi | D15: 32 | E15: =ROUND((40*D15)/42,2) -> 30.48 | Q15: 36 | R15: 36 | AA15: =ROUND((40*AVERAGE(G15:Z15))/42,2) -> 34.29 | AB15: =ROUND((E15*60%+AA15*40%),2) -> 32
A16: 12 | B16: =CSE4098B_Spring2026_Grade!B16 -> 213014052 | C16: =CSE4098B_Spring2026_Grade!C16 -> Khuslima Fardush Mony | D16: 32 | E16: =ROUND((40*D16)/42,2) -> 30.48 | Q16: 36 | R16: 36 | AA16: =ROUND((40*AVERAGE(G16:Z16))/42,2) -> 34.29 | AB16: =ROUND((E16*60%+AA16*40%),2) -> 32
A17: 13 | B17: =CSE4098B_Spring2026_Grade!B17 -> 221014035 | C17: =CSE4098B_Spring2026_Grade!C17 -> Md. Alif Hossain | D17: 32 | E17: =ROUND((40*D17)/42,2) -> 30.48 | Q17: 36 | R17: 36 | AA17: =ROUND((40*AVERAGE(G17:Z17))/42,2) -> 34.29 | AB17: =ROUND((E17*60%+AA17*40%),2) -> 32
A18: 14 | B18: =CSE4098B_Spring2026_Grade!B18 -> 223014074 | C18: =CSE4098B_Spring2026_Grade!C18 -> Salvir Rahman Ratul | D18: 36 | E18: =ROUND((40*D18)/42,2) -> 34.29 | M18: 39 | U18: 35 | AA18: =ROUND((40*AVERAGE(G18:Z18))/42,2) -> 35.24 | AB18: =ROUND((E18*60%+AA18*40%),2) -> 34.67
A19: 15 | B19: =CSE4098B_Spring2026_Grade!B19 -> 223014133 | C19: =CSE4098B_Spring2026_Grade!C19 -> Nancy Drong | D19: 36 | E19: =ROUND((40*D19)/42,2) -> 34.29 | M19: 39 | U19: 35 | AA19: =ROUND((40*AVERAGE(G19:Z19))/42,2) -> 35.24 | AB19: =ROUND((E19*60%+AA19*40%),2) -> 34.67
A20: 16 | B20: =CSE4098B_Spring2026_Grade!B20 -> 223014052 | C20: =CSE4098B_Spring2026_Grade!C20 -> Argho Das | D20: 36 | E20: =ROUND((40*D20)/42,2) -> 34.29 | M20: 39 | U20: 35 | AA20: =ROUND((40*AVERAGE(G20:Z20))/42,2) -> 35.24 | AB20: =ROUND((E20*60%+AA20*40%),2) -> 34.67
A21: 17 | B21: =CSE4098B_Spring2026_Grade!B21 -> 223014105 | C21: =CSE4098B_Spring2026_Grade!C21 -> Navid Rahman | D21: 36 | E21: =ROUND((40*D21)/42,2) -> 34.29 | M21: 39 | U21: 35 | AA21: =ROUND((40*AVERAGE(G21:Z21))/42,2) -> 35.24 | AB21: =ROUND((E21*60%+AA21*40%),2) -> 34.67
A22: 18 | B22: =CSE4098B_Spring2026_Grade!B22 -> 223014196 | C22: =CSE4098B_Spring2026_Grade!C22 -> Shafwan Shadid Khan | D22: 36 | E22: =ROUND((40*D22)/42,2) -> 34.29 | M22: 39 | U22: 35 | AA22: =ROUND((40*AVERAGE(G22:Z22))/42,2) -> 35.24 | AB22: =ROUND((E22*60%+AA22*40%),2) -> 34.67
A23: 19 | B23: =CSE4098B_Spring2026_Grade!B23 -> 223014213 | C23: =CSE4098B_Spring2026_Grade!C23 -> Md. Minhazul Islam | D23: 39 | E23: =ROUND((40*D23)/42,2) -> 37.14 | K23: 31 | R23: 35 | AA23: =ROUND((40*AVERAGE(G23:Z23))/42,2) -> 31.43 | AB23: =ROUND((E23*60%+AA23*40%),2) -> 34.86
A24: 20 | B24: =CSE4098B_Spring2026_Grade!B24 -> 223014078 | C24: =CSE4098B_Spring2026_Grade!C24 -> Shakhar Das Rony | D24: 39 | E24: =ROUND((40*D24)/42,2) -> 37.14 | K24: 31 | R24: 35 | AA24: =ROUND((40*AVERAGE(G24:Z24))/42,2) -> 31.43 | AB24: =ROUND((E24*60%+AA24*40%),2) -> 34.86
A25: 21 | B25: =CSE4098B_Spring2026_Grade!B25 -> 223014212 | C25: =CSE4098B_Spring2026_Grade!C25 -> Md. Tamim Hasan | D25: 39 | E25: =ROUND((40*D25)/42,2) -> 37.14 | K25: 31 | R25: 35 | AA25: =ROUND((40*AVERAGE(G25:Z25))/42,2) -> 31.43 | AB25: =ROUND((E25*60%+AA25*40%),2) -> 34.86
A26: 22 | B26: =CSE4098B_Spring2026_Grade!B26 -> 231014049 | C26: =CSE4098B_Spring2026_Grade!C26 -> Kazi Noor E Saba | D26: 39 | E26: =ROUND((40*D26)/42,2) -> 37.14 | O26: 39 | T26: 35 | AA26: =ROUND((40*AVERAGE(G26:Z26))/42,2) -> 35.24 | AB26: =ROUND((E26*60%+AA26*40%),2) -> 36.38
A27: 23 | B27: =CSE4098B_Spring2026_Grade!B27 -> 231014016 | C27: =CSE4098B_Spring2026_Grade!C27 -> Md. Akib Al Mahmud Dihan | D27: 39 | E27: =ROUND((40*D27)/42,2) -> 37.14 | O27: 39 | T27: 35 | AA27: =ROUND((40*AVERAGE(G27:Z27))/42,2) -> 35.24 | AB27: =ROUND((E27*60%+AA27*40%),2) -> 36.38
A28: 24 | B28: =CSE4098B_Spring2026_Grade!B28 -> 231014125 | C28: =CSE4098B_Spring2026_Grade!C28 -> Jumana Muntaha | D28: 39 | E28: =ROUND((40*D28)/42,2) -> 37.14 | O28: 39 | T28: 35 | AA28: =ROUND((40*AVERAGE(G28:Z28))/42,2) -> 35.24 | AB28: =ROUND((E28*60%+AA28*40%),2) -> 36.38
A29: 25 | B29: =CSE4098B_Spring2026_Grade!B29 -> 231014142 | C29: =CSE4098B_Spring2026_Grade!C29 -> Abida Binte Asif | D29: 39 | E29: =ROUND((40*D29)/42,2) -> 37.14 | O29: 39 | T29: 35 | AA29: =ROUND((40*AVERAGE(G29:Z29))/42,2) -> 35.24 | AB29: =ROUND((E29*60%+AA29*40%),2) -> 36.38
A30: 26 | B30: =CSE4098B_Spring2026_Grade!B30 -> 223014146 | C30: =CSE4098B_Spring2026_Grade!C30 -> Sami Hossain | D30: 39 | E30: =ROUND((40*D30)/42,2) -> 37.14 | O30: 39 | T30: 35 | AA30: =ROUND((40*AVERAGE(G30:Z30))/42,2) -> 35.24 | AB30: =ROUND((E30*60%+AA30*40%),2) -> 36.38
A31: 27 | B31: =CSE4098B_Spring2026_Grade!B31 -> 231014024 | C31: =CSE4098B_Spring2026_Grade!C31 -> Md. Shohanoor Rahman | D31: 37 | E31: =ROUND((40*D31)/42,2) -> 35.24 | N31: 34 | T31: 37 | AA31: =ROUND((40*AVERAGE(G31:Z31))/42,2) -> 33.81 | AB31: =ROUND((E31*60%+AA31*40%),2) -> 34.67
A32: 28 | B32: =CSE4098B_Spring2026_Grade!B32 -> 231014064 | C32: =CSE4098B_Spring2026_Grade!C32 -> Pranto Sikder | D32: 37 | E32: =ROUND((40*D32)/42,2) -> 35.24 | N32: 34 | T32: 37 | AA32: =ROUND((40*AVERAGE(G32:Z32))/42,2) -> 33.81 | AB32: =ROUND((E32*60%+AA32*40%),2) -> 34.67
A33: 29 | B33: =CSE4098B_Spring2026_Grade!B33 -> 231014050 | C33: =CSE4098B_Spring2026_Grade!C33 -> Mahmudul Hasan Zeshan | D33: 37 | E33: =ROUND((40*D33)/42,2) -> 35.24 | N33: 34 | T33: 37 | AA33: =ROUND((40*AVERAGE(G33:Z33))/42,2) -> 33.81 | AB33: =ROUND((E33*60%+AA33*40%),2) -> 34.67
A34: 30 | B34: =CSE4098B_Spring2026_Grade!B34 -> 231014160 | C34: =CSE4098B_Spring2026_Grade!C34 -> Aysha Siddika Methila | D34: 37 | E34: =ROUND((40*D34)/42,2) -> 35.24 | N34: 34 | T34: 37 | AA34: =ROUND((40*AVERAGE(G34:Z34))/42,2) -> 33.81 | AB34: =ROUND((E34*60%+AA34*40%),2) -> 34.67
A35: 31 | B35: =CSE4098B_Spring2026_Grade!B35 -> 231014116 | C35: =CSE4098B_Spring2026_Grade!C35 -> Sukanta Majumder | D35: 37 | E35: =ROUND((40*D35)/42,2) -> 35.24 | N35: 34 | T35: 37 | AA35: =ROUND((40*AVERAGE(G35:Z35))/42,2) -> 33.81 | AB35: =ROUND((E35*60%+AA35*40%),2) -> 34.67
A36: 32 | B36: =CSE4098B_Spring2026_Grade!B36 -> 212014015 | C36: =CSE4098B_Spring2026_Grade!C36 -> Md. Arif Hossain Mir | D36: 38 | E36: =ROUND((40*D36)/42,2) -> 36.19 | H36: 32 | P36: 35 | AA36: =ROUND((40*AVERAGE(G36:Z36))/42,2) -> 31.9 | AB36: =ROUND((E36*60%+AA36*40%),2) -> 34.47
A37: 33 | B37: =CSE4098B_Spring2026_Grade!B37 -> 223014050 | C37: =CSE4098B_Spring2026_Grade!C37 -> Isnat Jahan Ome | D37: 38 | E37: =ROUND((40*D37)/42,2) -> 36.19 | H37: 32 | P37: 35 | AA37: =ROUND((40*AVERAGE(G37:Z37))/42,2) -> 31.9 | AB37: =ROUND((E37*60%+AA37*40%),2) -> 34.47
A38: 34 | B38: =CSE4098B_Spring2026_Grade!B38 -> 231014075 | C38: =CSE4098B_Spring2026_Grade!C38 -> Hasib Mahmud | D38: 38 | E38: =ROUND((40*D38)/42,2) -> 36.19 | H38: 32 | P38: 35 | AA38: =ROUND((40*AVERAGE(G38:Z38))/42,2) -> 31.9 | AB38: =ROUND((E38*60%+AA38*40%),2) -> 34.47
A39: 35 | B39: =CSE4098B_Spring2026_Grade!B39 -> 221014135 | C39: =CSE4098B_Spring2026_Grade!C39 -> Aminul Islam | D39: 34 | E39: =ROUND((40*D39)/42,2) -> 32.38 | O39: 28 | P39: 32 | AA39: =ROUND((40*AVERAGE(G39:Z39))/42,2) -> 28.57 | AB39: =ROUND((E39*60%+AA39*40%),2) -> 30.86
A40: 36 | B40: =CSE4098B_Spring2026_Grade!B40 -> 221014018 | C40: =CSE4098B_Spring2026_Grade!C40 -> Israfill Hossain Mehedi | D40: 34 | E40: =ROUND((40*D40)/42,2) -> 32.38 | O40: 28 | P40: 32 | AA40: =ROUND((40*AVERAGE(G40:Z40))/42,2) -> 28.57 | AB40: =ROUND((E40*60%+AA40*40%),2) -> 30.86
A41: 37 | B41: =CSE4098B_Spring2026_Grade!B41 -> 221014008 | C41: =CSE4098B_Spring2026_Grade!C41 -> Mahmudul Hasan Dipto | D41: 34 | E41: =ROUND((40*D41)/42,2) -> 32.38 | O41: 28 | P41: 32 | AA41: =ROUND((40*AVERAGE(G41:Z41))/42,2) -> 28.57 | AB41: =ROUND((E41*60%+AA41*40%),2) -> 30.86
A42: 38 | B42: =CSE4098B_Spring2026_Grade!B42 -> 223014086 | C42: =CSE4098B_Spring2026_Grade!C42 -> Talat Mahmud Lam | D42: 40 | E42: =ROUND((40*D42)/42,2) -> 38.1 | J42: 35 | N42: 31 | AA42: =ROUND((40*AVERAGE(G42:Z42))/42,2) -> 31.43 | AB42: =ROUND((E42*60%+AA42*40%),2) -> 35.43
A43: 39 | B43: =CSE4098B_Spring2026_Grade!B43 -> 223014033 | C43: =CSE4098B_Spring2026_Grade!C43 -> Sadia Nuzat Prova | D43: 40 | E43: =ROUND((40*D43)/42,2) -> 38.1 | J43: 35 | N43: 31 | AA43: =ROUND((40*AVERAGE(G43:Z43))/42,2) -> 31.43 | AB43: =ROUND((E43*60%+AA43*40%),2) -> 35.43
A44: 40 | B44: =CSE4098B_Spring2026_Grade!B44 -> 223014042 | C44: =CSE4098B_Spring2026_Grade!C44 -> Shahin Alam | D44: 40 | E44: =ROUND((40*D44)/42,2) -> 38.1 | J44: 35 | N44: 31 | AA44: =ROUND((40*AVERAGE(G44:Z44))/42,2) -> 31.43 | AB44: =ROUND((E44*60%+AA44*40%),2) -> 35.43
A45: 41 | B45: =CSE4098B_Spring2026_Grade!B45 -> 223014040 | C45: =CSE4098B_Spring2026_Grade!C45 -> Umme Asma Busra | D45: 40 | E45: =ROUND((40*D45)/42,2) -> 38.1 | J45: 35 | N45: 31 | AA45: =ROUND((40*AVERAGE(G45:Z45))/42,2) -> 31.43 | AB45: =ROUND((E45*60%+AA45*40%),2) -> 35.43
A46: 42 | B46: =CSE4098B_Spring2026_Grade!B46 -> 223014054 | C46: =CSE4098B_Spring2026_Grade!C46 -> Golam Munem Zarif | D46: 40 | E46: =ROUND((40*D46)/42,2) -> 38.1 | J46: 35 | N46: 31 | AA46: =ROUND((40*AVERAGE(G46:Z46))/42,2) -> 31.43 | AB46: =ROUND((E46*60%+AA46*40%),2) -> 35.43
A47: 43 | B47: =CSE4098B_Spring2026_Grade!B47 -> 223014176 | C47: =CSE4098B_Spring2026_Grade!C47 -> MD.Samiul Alam | D47: 15 | E47: =ROUND((40*D47)/42,2) -> 14.29 | Y47: 14 | Z47: 26 | AA47: =ROUND((40*AVERAGE(G47:Z47))/42,2) -> 19.05 | AB47: =ROUND((E47*60%+AA47*40%),2) -> 16.19
A48: 44 | B48: =CSE4098B_Spring2026_Grade!B48 -> 223014199 | C48: =CSE4098B_Spring2026_Grade!C48 -> MD.Hafiz Ullah | D48: 15 | E48: =ROUND((40*D48)/42,2) -> 14.29 | Y48: 14 | Z48: 26 | AA48: =ROUND((40*AVERAGE(G48:Z48))/42,2) -> 19.05 | AB48: =ROUND((E48*60%+AA48*40%),2) -> 16.19
A49: 45 | B49: =CSE4098B_Spring2026_Grade!B49 -> 223014012 | C49: =CSE4098B_Spring2026_Grade!C49 -> MD.Yusuf | D49: 15 | E49: =ROUND((40*D49)/42,2) -> 14.29 | Y49: 14 | Z49: 26 | AA49: =ROUND((40*AVERAGE(G49:Z49))/42,2) -> 19.05 | AB49: =ROUND((E49*60%+AA49*40%),2) -> 16.19
A50: 46 | B50: =CSE4098B_Spring2026_Grade!B50 -> 211014030 | C50: =CSE4098B_Spring2026_Grade!C50 -> Mahfuzur Rahman | D50: 15 | E50: =ROUND((40*D50)/42,2) -> 14.29 | Y50: 14 | Z50: 26 | AA50: =ROUND((40*AVERAGE(G50:Z50))/42,2) -> 19.05 | AB50: =ROUND((E50*60%+AA50*40%),2) -> 16.19
A51: 47 | B51: =CSE4098B_Spring2026_Grade!B51 -> 223014143 | C51: =CSE4098B_Spring2026_Grade!C51 -> Upoma Paul | D51: 36 | E51: =ROUND((40*D51)/42,2) -> 34.29 | W51: 36 | Y51: 18 | AA51: =ROUND((40*AVERAGE(G51:Z51))/42,2) -> 25.71 | AB51: =ROUND((E51*60%+AA51*40%),2) -> 30.86
A52: 48 | B52: =CSE4098B_Spring2026_Grade!B52 -> 231014167 | C52: =CSE4098B_Spring2026_Grade!C52 -> Fariha Ahmed | D52: 36 | E52: =ROUND((40*D52)/42,2) -> 34.29 | W52: 36 | Y52: 18 | AA52: =ROUND((40*AVERAGE(G52:Z52))/42,2) -> 25.71 | AB52: =ROUND((E52*60%+AA52*40%),2) -> 30.86
A53: 49 | B53: =CSE4098B_Spring2026_Grade!B53 -> 231014073 | C53: =CSE4098B_Spring2026_Grade!C53 -> Amifat Juhad Pranto | D53: 36 | E53: =ROUND((40*D53)/42,2) -> 34.29 | W53: 36 | Y53: 18 | AA53: =ROUND((40*AVERAGE(G53:Z53))/42,2) -> 25.71 | AB53: =ROUND((E53*60%+AA53*40%),2) -> 30.86
A54: 50 | B54: =CSE4098B_Spring2026_Grade!B54 -> 232014058 | C54: =CSE4098B_Spring2026_Grade!C54 -> Tasnia Kabir Mahia | D54: 36 | E54: =ROUND((40*D54)/42,2) -> 34.29 | W54: 36 | Y54: 18 | AA54: =ROUND((40*AVERAGE(G54:Z54))/42,2) -> 25.71 | AB54: =ROUND((E54*60%+AA54*40%),2) -> 30.86
A55: 51 | B55: =CSE4098B_Spring2026_Grade!B55 -> 223014183 | C55: =CSE4098B_Spring2026_Grade!C55 -> Mahbuba Akter Chowdhury | D55: 39 | E55: =ROUND((40*D55)/42,2) -> 37.14 | G55: 31 | V55: 22 | AA55: =ROUND((40*AVERAGE(G55:Z55))/42,2) -> 25.24 | AB55: =ROUND((E55*60%+AA55*40%),2) -> 32.38
A56: 52 | B56: =CSE4098B_Spring2026_Grade!B56 -> 223014182 | C56: =CSE4098B_Spring2026_Grade!C56 -> Divya Jyoti Bagchi | D56: 39 | E56: =ROUND((40*D56)/42,2) -> 37.14 | G56: 31 | V56: 22 | AA56: =ROUND((40*AVERAGE(G56:Z56))/42,2) -> 25.24 | AB56: =ROUND((E56*60%+AA56*40%),2) -> 32.38
A57: 53 | B57: =CSE4098B_Spring2026_Grade!B57 -> 223014127 | C57: =CSE4098B_Spring2026_Grade!C57 -> Naznine Sultana Nitu | D57: 39 | E57: =ROUND((40*D57)/42,2) -> 37.14 | G57: 31 | V57: 22 | AA57: =ROUND((40*AVERAGE(G57:Z57))/42,2) -> 25.24 | AB57: =ROUND((E57*60%+AA57*40%),2) -> 32.38
A58: 54 | B58: =CSE4098B_Spring2026_Grade!B58 -> 223014011 | C58: =CSE4098B_Spring2026_Grade!C58 -> Fabiha Fayruj | D58: 39 | E58: =ROUND((40*D58)/42,2) -> 37.14 | G58: 31 | V58: 22 | AA58: =ROUND((40*AVERAGE(G58:Z58))/42,2) -> 25.24 | AB58: =ROUND((E58*60%+AA58*40%),2) -> 32.38
A59: 55 | B59: =CSE4098B_Spring2026_Grade!B59 -> 231014007 | C59: =CSE4098B_Spring2026_Grade!C59 -> Abdullah Al Baki | D59: 39 | E59: =ROUND((40*D59)/42,2) -> 37.14 | G59: 31 | V59: 22 | AA59: =ROUND((40*AVERAGE(G59:Z59))/42,2) -> 25.24 | AB59: =ROUND((E59*60%+AA59*40%),2) -> 32.38
A60: 56 | B60: =CSE4098B_Spring2026_Grade!B60 -> 222014072 | C60: =CSE4098B_Spring2026_Grade!C60 -> Md. Rahat Pervez | D60: 30 | E60: =ROUND((40*D60)/42,2) -> 28.57 | S60: 30 | Z60: 30 | AA60: =ROUND((40*AVERAGE(G60:Z60))/42,2) -> 28.57 | AB60: =ROUND((E60*60%+AA60*40%),2) -> 28.57
A61: 57 | B61: =CSE4098B_Spring2026_Grade!B61 -> 222014097 | C61: =CSE4098B_Spring2026_Grade!C61 -> Md. Abul Hashem | D61: 30 | E61: =ROUND((40*D61)/42,2) -> 28.57 | S61: 30 | Z61: 30 | AA61: =ROUND((40*AVERAGE(G61:Z61))/42,2) -> 28.57 | AB61: =ROUND((E61*60%+AA61*40%),2) -> 28.57
A62: 58 | B62: =CSE4098B_Spring2026_Grade!B62 -> 222014040 | C62: =CSE4098B_Spring2026_Grade!C62 -> Md. Fiaz Anam Tasfi | D62: 30 | E62: =ROUND((40*D62)/42,2) -> 28.57 | S62: 30 | Z62: 30 | AA62: =ROUND((40*AVERAGE(G62:Z62))/42,2) -> 28.57 | AB62: =ROUND((E62*60%+AA62*40%),2) -> 28.57
A63: 59 | B63: =CSE4098B_Spring2026_Grade!B63 -> 222014071 | C63: =CSE4098B_Spring2026_Grade!C63 -> Kasfia Hossain | D63: 30 | E63: =ROUND((40*D63)/42,2) -> 28.57 | S63: 30 | Z63: 30 | AA63: =ROUND((40*AVERAGE(G63:Z63))/42,2) -> 28.57 | AB63: =ROUND((E63*60%+AA63*40%),2) -> 28.57
A64: 60 | B64: =CSE4098B_Spring2026_Grade!B64 -> 223014195 | C64: =CSE4098B_Spring2026_Grade!C64 -> Md. Rashedul Islam | D64: 30 | E64: =ROUND((40*D64)/42,2) -> 28.57 | S64: 30 | Z64: 30 | AA64: =ROUND((40*AVERAGE(G64:Z64))/42,2) -> 28.57 | AB64: =ROUND((E64*60%+AA64*40%),2) -> 28.57
A65: 61 | B65: =CSE4098B_Spring2026_Grade!B65 -> 223014110 | C65: =CSE4098B_Spring2026_Grade!C65 -> Md. Maruf Hossain | D65: 40 | E65: =ROUND((40*D65)/42,2) -> 38.1 | V65: 19 | Z65: 28 | AA65: =ROUND((40*AVERAGE(G65:Z65))/42,2) -> 22.38 | AB65: =ROUND((E65*60%+AA65*40%),2) -> 31.81
A66: 62 | B66: =CSE4098B_Spring2026_Grade!B66 -> 223014135 | C66: =CSE4098B_Spring2026_Grade!C66 -> Rakibul Hasan | D66: 40 | E66: =ROUND((40*D66)/42,2) -> 38.1 | V66: 19 | Z66: 28 | AA66: =ROUND((40*AVERAGE(G66:Z66))/42,2) -> 22.38 | AB66: =ROUND((E66*60%+AA66*40%),2) -> 31.81
A67: 63 | B67: =CSE4098B_Spring2026_Grade!B67 -> 223014122 | C67: =CSE4098B_Spring2026_Grade!C67 -> Rabbi Sadnan Khan | D67: 40 | E67: =ROUND((40*D67)/42,2) -> 38.1 | V67: 19 | Z67: 28 | AA67: =ROUND((40*AVERAGE(G67:Z67))/42,2) -> 22.38 | AB67: =ROUND((E67*60%+AA67*40%),2) -> 31.81
A68: 64 | B68: =CSE4098B_Spring2026_Grade!B68 -> 212014030 | C68: =CSE4098B_Spring2026_Grade!C68 -> Faria Islam Sara | D68: 40 | E68: =ROUND((40*D68)/42,2) -> 38.1 | V68: 19 | Z68: 28 | AA68: =ROUND((40*AVERAGE(G68:Z68))/42,2) -> 22.38 | AB68: =ROUND((E68*60%+AA68*40%),2) -> 31.81
A69: 65 | B69: =CSE4098B_Spring2026_Grade!B69 -> 221014083 | C69: =CSE4098B_Spring2026_Grade!C69 -> Salina Akhter | D69: 0 | E69: =ROUND((40*D69)/42,2) -> 0 | P69: 14 | T69: 14 | AA69: =ROUND((40*AVERAGE(G69:Z69))/42,2) -> 13.33 | AB69: =ROUND((E69*60%+AA69*40%),2) -> 5.33
A70: 66 | B70: =CSE4098B_Spring2026_Grade!B70 -> 221014104 | C70: =CSE4098B_Spring2026_Grade!C70 -> Rownak Salsabil | D70: 0 | E70: =ROUND((40*D70)/42,2) -> 0 | P70: 14 | T70: 14 | AA70: =ROUND((40*AVERAGE(G70:Z70))/42,2) -> 13.33 | AB70: =ROUND((E70*60%+AA70*40%),2) -> 5.33
A71: 67 | B71: =CSE4098B_Spring2026_Grade!B71 -> 221014077 | C71: =CSE4098B_Spring2026_Grade!C71 -> Adnan Chowdhury | D71: 0 | E71: =ROUND((40*D71)/42,2) -> 0 | P71: 14 | T71: 14 | AA71: =ROUND((40*AVERAGE(G71:Z71))/42,2) -> 13.33 | AB71: =ROUND((E71*60%+AA71*40%),2) -> 5.33
A72: 68 | B72: =CSE4098B_Spring2026_Grade!B72 -> 221014085 | C72: =CSE4098B_Spring2026_Grade!C72 -> Sheikh Nusaibah Noor | D72: 0 | E72: =ROUND((40*D72)/42,2) -> 0 | P72: 14 | T72: 14 | AA72: =ROUND((40*AVERAGE(G72:Z72))/42,2) -> 13.33 | AB72: =ROUND((E72*60%+AA72*40%),2) -> 5.33

Sheet CSE4098B_Spring2026_Presentatio
A1: Capstone Project Presentation (CSE 4098B)
A2: Marks Distribution
C3: Spring 2026 | D3: Supervisor | F3: Evaluator's Marks (Provided in Rubrics: 45)
A4: Sl | B4: Student ID | C4: Student Name | D4: Supervisor (Provided in Rubrics: 45) | E4: Supervisor Marks (50%) | F4: MGK | G4: NafM | H4: RHF | I4: RaiK | J4: ASU | K4: MNMA | L4: MMSM | M4: JFR | N4: FsAh | O4: SviA | P4: RWAIK | Q4: WFU | R4: SBMM | S4: MdKH | T4: MAWA | U4: NUA | V4: FK | W4: DWAMT | X4: SJSQ | Y4: Evaluator's Marsk (50%) | Z4: Total (Supervisor: 60% + Evaluator: 40%)
A5: 1 | B5: =CSE4098B_Spring2026_Grade!B5 -> 223014152 | C5: =CSE4098B_Spring2026_Grade!C5 -> Ahadul Islam Rahul | D5: 33 | E5: =(50*D5)/45 -> 36.666667 | I5: 38 | J5: 36 | M5: 36 | O5: 24 | Y5: =(50*AVERAGE(F5:X5))/45 -> 37.222222 | Z5: =ROUND((E5*60%+Y5*40%),2) -> 36.89
A6: 2 | B6: =CSE4098B_Spring2026_Grade!B6 -> 223014049 | C6: =CSE4098B_Spring2026_Grade!C6 -> Md. Sojib Al Hasan | D6: 39 | E6: =(50*D6)/45 -> 43.333333 | I6: 37 | J6: 36 | M6: 36 | O6: 14 | Y6: =(50*AVERAGE(F6:X6))/45 -> 34.166667 | Z6: =ROUND((E6*60%+Y6*40%),2) -> 39.67
A7: 3 | B7: =CSE4098B_Spring2026_Grade!B7 -> 222014039 | C7: =CSE4098B_Spring2026_Grade!C7 -> Nadia Akter Jui | D7: 27 | E7: =(50*D7)/45 -> 30 | I7: 37 | J7: 36 | M7: 36 | O7: 21 | Y7: =(50*AVERAGE(F7:X7))/45 -> 36.111111 | Z7: =ROUND((E7*60%+Y7*40%),2) -> 32.44
A8: 4 | B8: =CSE4098B_Spring2026_Grade!B8 -> 222014012 | C8: =CSE4098B_Spring2026_Grade!C8 -> Md. Minhazul Islam | D8: 27 | E8: =(50*D8)/45 -> 30 | I8: 38 | J8: 36 | M8: 36 | O8: 24 | Y8: =(50*AVERAGE(F8:X8))/45 -> 37.222222 | Z8: =ROUND((E8*60%+Y8*40%),2) -> 32.89
A9: 5 | B9: =CSE4098B_Spring2026_Grade!B9 -> 222014096 | C9: =CSE4098B_Spring2026_Grade!C9 -> Md. Shams Arefin | D9: 39 | E9: =(50*D9)/45 -> 43.333333 | I9: 37 | J9: 39 | M9: 36 | O9: 27 | Y9: =(50*AVERAGE(F9:X9))/45 -> 38.611111 | Z9: =ROUND((E9*60%+Y9*40%),2) -> 41.44
A10: 6 | B10: =CSE4098B_Spring2026_Grade!B10 -> 222014052 | C10: =CSE4098B_Spring2026_Grade!C10 -> Redwan Ahamad Samir | D10: 41 | E10: =(50*D10)/45 -> 45.555556 | F10: 33 | J10: 36 | M10: 42 | O10: 27 | Y10: =(50*AVERAGE(F10:X10))/45 -> 38.333333 | Z10: =ROUND((E10*60%+Y10*40%),2) -> 42.67
A11: 7 | B11: =CSE4098B_Spring2026_Grade!B11 -> 222014009 | C11: =CSE4098B_Spring2026_Grade!C11 -> Samia Rahman | D11: 40 | E11: =(50*D11)/45 -> 44.444444 | F11: 30 | J11: 36 | M11: 36 | O11: 24 | Y11: =(50*AVERAGE(F11:X11))/45 -> 35 | Z11: =ROUND((E11*60%+Y11*40%),2) -> 40.67
A12: 8 | B12: =CSE4098B_Spring2026_Grade!B12 -> 222014088 | C12: =CSE4098B_Spring2026_Grade!C12 -> Md. Omur Faruk | D12: 38 | E12: =(50*D12)/45 -> 42.222222 | F12: 30 | J12: 36 | M12: 36 | O12: 24 | Y12: =(50*AVERAGE(F12:X12))/45 -> 35 | Z12: =ROUND((E12*60%+Y12*40%),2) -> 39.33
A13: 9 | B13: =CSE4098B_Spring2026_Grade!B13 -> 231014021 | C13: =CSE4098B_Spring2026_Grade!C13 -> Raiyan Islam | D13: 38 | E13: =(50*D13)/45 -> 42.222222 | F13: 30 | J13: 36 | M13: 36 | O13: 21 | Y13: =(50*AVERAGE(F13:X13))/45 -> 34.166667 | Z13: =ROUND((E13*60%+Y13*40%),2) -> 39
A14: 10 | B14: =CSE4098B_Spring2026_Grade!B14 -> 223014142 | C14: =CSE4098B_Spring2026_Grade!C14 -> Tamanna Akter | D14: 40 | E14: =(50*D14)/45 -> 44.444444 | I14: 41 | J14: 33 | O14: 39 | Y14: =(50*AVERAGE(F14:X14))/45 -> 41.851852 | Z14: =ROUND((E14*60%+Y14*40%),2) -> 43.41
A15: 11 | B15: =CSE4098B_Spring2026_Grade!B15 -> 223014204 | C15: =CSE4098B_Spring2026_Grade!C15 -> Ashrafun Nahar Rahi | D15: 40 | E15: =(50*D15)/45 -> 44.444444 | I15: 41 | J15: 33 | O15: 39 | Y15: =(50*AVERAGE(F15:X15))/45 -> 41.851852 | Z15: =ROUND((E15*60%+Y15*40%),2) -> 43.41
A16: 12 | B16: =CSE4098B_Spring2026_Grade!B16 -> 213014052 | C16: =CSE4098B_Spring2026_Grade!C16 -> Khuslima Fardush Mony | D16: 38 | E16: =(50*D16)/45 -> 42.222222 | I16: 41 | J16: 33 | O16: 30 | Y16: =(50*AVERAGE(F16:X16))/45 -> 38.518519 | Z16: =ROUND((E16*60%+Y16*40%),2) -> 40.74
A17: 13 | B17: =CSE4098B_Spring2026_Grade!B17 -> 221014035 | C17: =CSE4098B_Spring2026_Grade!C17 -> Md. Alif Hossain | D17: 37 | E17: =(50*D17)/45 -> 41.111111 | I17: 41 | J17: 33 | O17: 27 | Y17: =(50*AVERAGE(F17:X17))/45 -> 37.407407 | Z17: =ROUND((E17*60%+Y17*40%),2) -> 39.63
A18: 14 | B18: =CSE4098B_Spring2026_Grade!B18 -> 223014074 | C18: =CSE4098B_Spring2026_Grade!C18 -> Salvir Rahman Ratul | D18: 41 | E18: =(50*D18)/45 -> 45.555556 | F18: 39 | I18: 42 | J18: 36 | M18: 36 | Y18: =(50*AVERAGE(F18:X18))/45 -> 42.5 | Z18: =ROUND((E18*60%+Y18*40%),2) -> 44.33
A19: 15 | B19: =CSE4098B_Spring2026_Grade!B19 -> 223014133 | C19: =CSE4098B_Spring2026_Grade!C19 -> Nancy Drong | D19: 40 | E19: =(50*D19)/45 -> 44.444444 | F19: 33 | I19: 40 | J19: 36 | M19: 36 | Y19: =(50*AVERAGE(F19:X19))/45 -> 40.277778 | Z19: =ROUND((E19*60%+Y19*40%),2) -> 42.78
A20: 16 | B20: =CSE4098B_Spring2026_Grade!B20 -> 223014052 | C20: =CSE4098B_Spring2026_Grade!C20 -> Argho Das | D20: 40 | E20: =(50*D20)/45 -> 44.444444 | F20: 33 | I20: 40 | J20: 36 | M20: 36 | Y20: =(50*AVERAGE(F20:X20))/45 -> 40.277778 | Z20: =ROUND((E20*60%+Y20*40%),2) -> 42.78
A21: 17 | B21: =CSE4098B_Spring2026_Grade!B21 -> 223014105 | C21: =CSE4098B_Spring2026_Grade!C21 -> Navid Rahman | D21: 42 | E21: =(50*D21)/45 -> 46.666667 | F21: 39 | I21: 43 | J21: 36 | M21: 36 | Y21: =(50*AVERAGE(F21:X21))/45 -> 42.777778 | Z21: =ROUND((E21*60%+Y21*40%),2) -> 45.11
A22: 18 | B22: =CSE4098B_Spring2026_Grade!B22 -> 223014196 | C22: =CSE4098B_Spring2026_Grade!C22 -> Shafwan Shadid Khan | D22: 40 | E22: =(50*D22)/45 -> 44.444444 | F22: 33 | I22: 40 | J22: 36 | M22: 36 | Y22: =(50*AVERAGE(F22:X22))/45 -> 40.277778 | Z22: =ROUND((E22*60%+Y22*40%),2) -> 42.78
A23: 19 | B23: =CSE4098B_Spring2026_Grade!B23 -> 223014213 | C23: =CSE4098B_Spring2026_Grade!C23 -> Md. Minhazul Islam | D23: 39 | E23: =(50*D23)/45 -> 43.333333 | F23: 42 | I23: 38 | O23: 33 | Y23: =(50*AVERAGE(F23:X23))/45 -> 41.851852 | Z23: =ROUND((E23*60%+Y23*40%),2) -> 42.74
A24: 20 | B24: =CSE4098B_Spring2026_Grade!B24 -> 223014078 | C24: =CSE4098B_Spring2026_Grade!C24 -> Shakhar Das Rony | D24: 39 | E24: =(50*D24)/45 -> 43.333333 | F24: 42 | I24: 40 | O24: 36 | Y24: =(50*AVERAGE(F24:X24))/45 -> 43.703704 | Z24: =ROUND((E24*60%+Y24*40%),2) -> 43.48
A25: 21 | B25: =CSE4098B_Spring2026_Grade!B25 -> 223014212 | C25: =CSE4098B_Spring2026_Grade!C25 -> Md. Tamim Hasan | D25: 39 | E25: =(50*D25)/45 -> 43.333333 | F25: 39 | I25: 41 | O25: 33 | Y25: =(50*AVERAGE(F25:X25))/45 -> 41.851852 | Z25: =ROUND((E25*60%+Y25*40%),2) -> 42.74
A26: 22 | B26: =CSE4098B_Spring2026_Grade!B26 -> 231014049 | C26: =CSE4098B_Spring2026_Grade!C26 -> Kazi Noor E Saba | D26: 45 | E26: =(50*D26)/45 -> 50 | K26: 36 | Q26: 33 | S26: 36 | V26: 33 | Y26: =(50*AVERAGE(F26:X26))/45 -> 38.333333 | Z26: =ROUND((E26*60%+Y26*40%),2) -> 45.33
A27: 23 | B27: =CSE4098B_Spring2026_Grade!B27 -> 231014016 | C27: =CSE4098B_Spring2026_Grade!C27 -> Md. Akib Al Mahmud Dihan | D27: 45 | E27: =(50*D27)/45 -> 50 | K27: 33 | Q27: 33 | S27: 36 | V27: 33 | Y27: =(50*AVERAGE(F27:X27))/45 -> 37.5 | Z27: =ROUND((E27*60%+Y27*40%),2) -> 45
A28: 24 | B28: =CSE4098B_Spring2026_Grade!B28 -> 231014125 | C28: =CSE4098B_Spring2026_Grade!C28 -> Jumana Muntaha | D28: 45 | E28: =(50*D28)/45 -> 50 | K28: 33 | Q28: 33 | S28: 36 | V28: 33 | Y28: =(50*AVERAGE(F28:X28))/45 -> 37.5 | Z28: =ROUND((E28*60%+Y28*40%),2) -> 45
A29: 25 | B29: =CSE4098B_Spring2026_Grade!B29 -> 231014142 | C29: =CSE4098B_Spring2026_Grade!C29 -> Abida Binte Asif | D29: 45 | E29: =(50*D29)/45 -> 50 | K29: 33 | Q29: 33 | S29: 33 | V29: 30 | Y29: =(50*AVERAGE(F29:X29))/45 -> 35.833333 | Z29: =ROUND((E29*60%+Y29*40%),2) -> 44.33
A30: 26 | B30: =CSE4098B_Spring2026_Grade!B30 -> 223014146 | C30: =CSE4098B_Spring2026_Grade!C30 -> Sami Hossain | D30: 45 | E30: =(50*D30)/45 -> 50 | K30: 33 | Q30: 33 | S30: 30 | V30: 30 | Y30: =(50*AVERAGE(F30:X30))/45 -> 35 | Z30: =ROUND((E30*60%+Y30*40%),2) -> 44
A31: 27 | B31: =CSE4098B_Spring2026_Grade!B31 -> 231014024 | C31: =CSE4098B_Spring2026_Grade!C31 -> Md. Shohanoor Rahman | D31: 36 | E31: =(50*D31)/45 -> 40 | K31: 24 | Q31: 21 | S31: 24 | V31: 24 | Y31: =(50*AVERAGE(F31:X31))/45 -> 25.833333 | Z31: =ROUND((E31*60%+Y31*40%),2) -> 34.33
A32: 28 | B32: =CSE4098B_Spring2026_Grade!B32 -> 231014064 | C32: =CSE4098B_Spring2026_Grade!C32 -> Pranto Sikder | D32: 36 | E32: =(50*D32)/45 -> 40 | K32: 24 | Q32: 21 | S32: 24 | V32: 24 | Y32: =(50*AVERAGE(F32:X32))/45 -> 25.833333 | Z32: =ROUND((E32*60%+Y32*40%),2) -> 34.33
A33: 29 | B33: =CSE4098B_Spring2026_Grade!B33 -> 231014050 | C33: =CSE4098B_Spring2026_Grade!C33 -> Mahmudul Hasan Zeshan | D33: 36 | E33: =(50*D33)/45 -> 40 | K33: 24 | Q33: 21 | S33: 24 | V33: 24 | Y33: =(50*AVERAGE(F33:X33))/45 -> 25.833333 | Z33: =ROUND((E33*60%+Y33*40%),2) -> 34.33
A34: 30 | B34: =CSE4098B_Spring2026_Grade!B34 -> 231014160 | C34: =CSE4098B_Spring2026_Grade!C34 -> Aysha Siddika Methila | D34: 36 | E34: =(50*D34)/45 -> 40 | K34: 24 | Q34: 21 | S34: 24 | V34: 24 | Y34: =(50*AVERAGE(F34:X34))/45 -> 25.833333 | Z34: =ROUND((E34*60%+Y34*40%),2) -> 34.33
A35: 31 | B35: =CSE4098B_Spring2026_Grade!B35 -> 231014116 | C35: =CSE4098B_Spring2026_Grade!C35 -> Sukanta Majumder | D35: 36 | E35: =(50*D35)/45 -> 40 | K35: 24 | Q35: 21 | S35: 24 | V35: 24 | Y35: =(50*AVERAGE(F35:X35))/45 -> 25.833333 | Z35: =ROUND((E35*60%+Y35*40%),2) -> 34.33
A36: 32 | B36: =CSE4098B_Spring2026_Grade!B36 -> 212014015 | C36: =CSE4098B_Spring2026_Grade!C36 -> Md. Arif Hossain Mir | D36: 36 | E36: =(50*D36)/45 -> 40 | K36: 36 | Q36: 33 | V36: 33 | Y36: =(50*AVERAGE(F36:X36))/45 -> 37.777778 | Z36: =ROUND((E36*60%+Y36*40%),2) -> 39.11
A37: 33 | B37: =CSE4098B_Spring2026_Grade!B37 -> 223014050 | C37: =CSE4098B_Spring2026_Grade!C37 -> Isnat Jahan Ome | D37: 33 | E37: =(50*D37)/45 -> 36.666667 | K37: 36 | Q37: 30 | V37: 30 | Y37: =(50*AVERAGE(F37:X37))/45 -> 35.555556 | Z37: =ROUND((E37*60%+Y37*40%),2) -> 36.22
A38: 34 | B38: =CSE4098B_Spring2026_Grade!B38 -> 231014075 | C38: =CSE4098B_Spring2026_Grade!C38 -> Hasib Mahmud | D38: 33 | E38: =(50*D38)/45 -> 36.666667 | K38: 36 | Q38: 33 | V38: 30 | Y38: =(50*AVERAGE(F38:X38))/45 -> 36.666667 | Z38: =ROUND((E38*60%+Y38*40%),2) -> 36.67
A39: 35 | B39: =CSE4098B_Spring2026_Grade!B39 -> 221014135 | C39: =CSE4098B_Spring2026_Grade!C39 -> Aminul Islam | D39: 30 | E39: =(50*D39)/45 -> 33.333333 | K39: 30 | N39: 24 | V39: 24 | Y39: =(50*AVERAGE(F39:X39))/45 -> 28.888889 | Z39: =ROUND((E39*60%+Y39*40%),2) -> 31.56
A40: 36 | B40: =CSE4098B_Spring2026_Grade!B40 -> 221014018 | C40: =CSE4098B_Spring2026_Grade!C40 -> Israfill Hossain Mehedi | D40: 36 | E40: =(50*D40)/45 -> 40 | K40: 30 | N40: 27 | V40: 27 | Y40: =(50*AVERAGE(F40:X40))/45 -> 31.111111 | Z40: =ROUND((E40*60%+Y40*40%),2) -> 36.44
A41: 37 | B41: =CSE4098B_Spring2026_Grade!B41 -> 221014008 | C41: =CSE4098B_Spring2026_Grade!C41 -> Mahmudul Hasan Dipto | D41: 30 | E41: =(50*D41)/45 -> 33.333333 | K41: 30 | N41: 24 | V41: 24 | Y41: =(50*AVERAGE(F41:X41))/45 -> 28.888889 | Z41: =ROUND((E41*60%+Y41*40%),2) -> 31.56
A42: 38 | B42: =CSE4098B_Spring2026_Grade!B42 -> 223014086 | C42: =CSE4098B_Spring2026_Grade!C42 -> Talat Mahmud Lam | D42: 42 | E42: =(50*D42)/45 -> 46.666667 | Q42: 33 | S42: 30 | V42: 36 | Y42: =(50*AVERAGE(F42:X42))/45 -> 36.666667 | Z42: =ROUND((E42*60%+Y42*40%),2) -> 42.67
A43: 39 | B43: =CSE4098B_Spring2026_Grade!B43 -> 223014033 | C43: =CSE4098B_Spring2026_Grade!C43 -> Sadia Nuzat Prova | D43: 42 | E43: =(50*D43)/45 -> 46.666667 | Q43: 24 | S43: 27 | V43: 24 | Y43: =(50*AVERAGE(F43:X43))/45 -> 27.777778 | Z43: =ROUND((E43*60%+Y43*40%),2) -> 39.11
A44: 40 | B44: =CSE4098B_Spring2026_Grade!B44 -> 223014042 | C44: =CSE4098B_Spring2026_Grade!C44 -> Shahin Alam | D44: 33 | E44: =(50*D44)/45 -> 36.666667 | Q44: 24 | S44: 27 | V44: 30 | Y44: =(50*AVERAGE(F44:X44))/45 -> 30 | Z44: =ROUND((E44*60%+Y44*40%),2) -> 34
A45: 41 | B45: =CSE4098B_Spring2026_Grade!B45 -> 223014040 | C45: =CSE4098B_Spring2026_Grade!C45 -> Umme Asma Busra | D45: 33 | E45: =(50*D45)/45 -> 36.666667 | Q45: 24 | S45: 27 | V45: 24 | Y45: =(50*AVERAGE(F45:X45))/45 -> 27.777778 | Z45: =ROUND((E45*60%+Y45*40%),2) -> 33.11
A46: 42 | B46: =CSE4098B_Spring2026_Grade!B46 -> 223014054 | C46: =CSE4098B_Spring2026_Grade!C46 -> Golam Munem Zarif | D46: 33 | E46: =(50*D46)/45 -> 36.666667 | Q46: 24 | S46: 27 | V46: 24 | Y46: =(50*AVERAGE(F46:X46))/45 -> 27.777778 | Z46: =ROUND((E46*60%+Y46*40%),2) -> 33.11
A47: 43 | B47: =CSE4098B_Spring2026_Grade!B47 -> 223014176 | C47: =CSE4098B_Spring2026_Grade!C47 -> MD.Samiul Alam | D47: 15 | E47: =(50*D47)/45 -> 16.666667 | U47: 18 | W47: 18 | X47: 26 | Y47: =(50*AVERAGE(F47:X47))/45 -> 22.962963 | Z47: =ROUND((E47*60%+Y47*40%),2) -> 19.19
A48: 44 | B48: =CSE4098B_Spring2026_Grade!B48 -> 223014199 | C48: =CSE4098B_Spring2026_Grade!C48 -> MD.Hafiz Ullah | D48: 15 | E48: =(50*D48)/45 -> 16.666667 | U48: 18 | W48: 18 | X48: 26 | Y48: =(50*AVERAGE(F48:X48))/45 -> 22.962963 | Z48: =ROUND((E48*60%+Y48*40%),2) -> 19.19
A49: 45 | B49: =CSE4098B_Spring2026_Grade!B49 -> 223014012 | C49: =CSE4098B_Spring2026_Grade!C49 -> MD.Yusuf | D49: 15 | E49: =(50*D49)/45 -> 16.666667 | U49: 18 | W49: 18 | X49: 23 | Y49: =(50*AVERAGE(F49:X49))/45 -> 21.851852 | Z49: =ROUND((E49*60%+Y49*40%),2) -> 18.74
A50: 46 | B50: =CSE4098B_Spring2026_Grade!B50 -> 211014030 | C50: =CSE4098B_Spring2026_Grade!C50 -> Mahfuzur Rahman | D50: 15 | E50: =(50*D50)/45 -> 16.666667 | U50: 18 | W50: 18 | X50: 24 | Y50: =(50*AVERAGE(F50:X50))/45 -> 22.222222 | Z50: =ROUND((E50*60%+Y50*40%),2) -> 18.89
A51: 47 | B51: =CSE4098B_Spring2026_Grade!B51 -> 223014143 | C51: =CSE4098B_Spring2026_Grade!C51 -> Upoma Paul | D51: 32 | E51: =(50*D51)/45 -> 35.555556 | R51: 15 | U51: 24 | W51: 21 | Y51: =(50*AVERAGE(F51:X51))/45 -> 22.222222 | Z51: =ROUND((E51*60%+Y51*40%),2) -> 30.22
A52: 48 | B52: =CSE4098B_Spring2026_Grade!B52 -> 231014167 | C52: =CSE4098B_Spring2026_Grade!C52 -> Fariha Ahmed | D52: 29 | E52: =(50*D52)/45 -> 32.222222 | R52: 15 | U52: 24 | W52: 21 | Y52: =(50*AVERAGE(F52:X52))/45 -> 22.222222 | Z52: =ROUND((E52*60%+Y52*40%),2) -> 28.22
A53: 49 | B53: =CSE4098B_Spring2026_Grade!B53 -> 231014073 | C53: =CSE4098B_Spring2026_Grade!C53 -> Amifat Juhad Pranto | D53: 36 | E53: =(50*D53)/45 -> 40 | R53: 15 | U53: 24 | W53: 21 | Y53: =(50*AVERAGE(F53:X53))/45 -> 22.222222 | Z53: =ROUND((E53*60%+Y53*40%),2) -> 32.89
A54: 50 | B54: =CSE4098B_Spring2026_Grade!B54 -> 232014058 | C54: =CSE4098B_Spring2026_Grade!C54 -> Tasnia Kabir Mahia | D54: 33 | E54: =(50*D54)/45 -> 36.666667 | R54: 15 | U54: 24 | W54: 21 | Y54: =(50*AVERAGE(F54:X54))/45 -> 22.222222 | Z54: =ROUND((E54*60%+Y54*40%),2) -> 30.89
A55: 51 | B55: =CSE4098B_Spring2026_Grade!B55 -> 223014183 | C55: =CSE4098B_Spring2026_Grade!C55 -> Mahbuba Akter Chowdhury | D55: 39 | E55: =(50*D55)/45 -> 43.333333 | R55: 27 | U55: 42 | W55: 24 | Y55: =(50*AVERAGE(F55:X55))/45 -> 34.444444 | Z55: =ROUND((E55*60%+Y55*40%),2) -> 39.78
A56: 52 | B56: =CSE4098B_Spring2026_Grade!B56 -> 223014182 | C56: =CSE4098B_Spring2026_Grade!C56 -> Divya Jyoti Bagchi | D56: 39 | E56: =(50*D56)/45 -> 43.333333 | R56: 27 | U56: 42 | W56: 24 | Y56: =(50*AVERAGE(F56:X56))/45 -> 34.444444 | Z56: =ROUND((E56*60%+Y56*40%),2) -> 39.78
A57: 53 | B57: =CSE4098B_Spring2026_Grade!B57 -> 223014127 | C57: =CSE4098B_Spring2026_Grade!C57 -> Naznine Sultana Nitu | D57: 39 | E57: =(50*D57)/45 -> 43.333333 | R57: 27 | U57: 42 | W57: 24 | Y57: =(50*AVERAGE(F57:X57))/45 -> 34.444444 | Z57: =ROUND((E57*60%+Y57*40%),2) -> 39.78
A58: 54 | B58: =CSE4098B_Spring2026_Grade!B58 -> 223014011 | C58: =CSE4098B_Spring2026_Grade!C58 -> Fabiha Fayruj | D58: 40 | E58: =(50*D58)/45 -> 44.444444 | R58: 27 | U58: 42 | W58: 24 | Y58: =(50*AVERAGE(F58:X58))/45 -> 34.444444 | Z58: =ROUND((E58*60%+Y58*40%),2) -> 40.44
A59: 55 | B59: =CSE4098B_Spring2026_Grade!B59 -> 231014007 | C59: =CSE4098B_Spring2026_Grade!C59 -> Abdullah Al Baki | D59: 39 | E59: =(50*D59)/45 -> 43.333333 | R59: 27 | U59: 42 | W59: 24 | Y59: =(50*AVERAGE(F59:X59))/45 -> 34.444444 | Z59: =ROUND((E59*60%+Y59*40%),2) -> 39.78
A60: 56 | B60: =CSE4098B_Spring2026_Grade!B60 -> 222014072 | C60: =CSE4098B_Spring2026_Grade!C60 -> Md. Rahat Pervez | D60: 30 | E60: =(50*D60)/45 -> 33.333333 | P60: 15 | W60: 18 | X60: 24 | Y60: =(50*AVERAGE(F60:X60))/45 -> 21.111111 | Z60: =ROUND((E60*60%+Y60*40%),2) -> 28.44
A61: 57 | B61: =CSE4098B_Spring2026_Grade!B61 -> 222014097 | C61: =CSE4098B_Spring2026_Grade!C61 -> Md. Abul Hashem | D61: 27 | E61: =(50*D61)/45 -> 30 | P61: 15 | W61: 18 | X61: 26 | Y61: =(50*AVERAGE(F61:X61))/45 -> 21.851852 | Z61: =ROUND((E61*60%+Y61*40%),2) -> 26.74
A62: 58 | B62: =CSE4098B_Spring2026_Grade!B62 -> 222014040 | C62: =CSE4098B_Spring2026_Grade!C62 -> Md. Fiaz Anam Tasfi | D62: 27 | E62: =(50*D62)/45 -> 30 | P62: 15 | W62: 15 | X62: 25 | Y62: =(50*AVERAGE(F62:X62))/45 -> 20.37037 | Z62: =ROUND((E62*60%+Y62*40%),2) -> 26.15
A63: 59 | B63: =CSE4098B_Spring2026_Grade!B63 -> 222014071 | C63: =CSE4098B_Spring2026_Grade!C63 -> Kasfia Hossain | D63: 27 | E63: =(50*D63)/45 -> 30 | P63: 15 | W63: 15 | X63: 23 | Y63: =(50*AVERAGE(F63:X63))/45 -> 19.62963 | Z63: =ROUND((E63*60%+Y63*40%),2) -> 25.85
A64: 60 | B64: =CSE4098B_Spring2026_Grade!B64 -> 223014195 | C64: =CSE4098B_Spring2026_Grade!C64 -> Md. Rashedul Islam | D64: 27 | E64: =(50*D64)/45 -> 30 | P64: 15 | W64: 15 | X64: 23 | Y64: =(50*AVERAGE(F64:X64))/45 -> 19.62963 | Z64: =ROUND((E64*60%+Y64*40%),2) -> 25.85
A65: 61 | B65: =CSE4098B_Spring2026_Grade!B65 -> 223014110 | C65: =CSE4098B_Spring2026_Grade!C65 -> Md. Maruf Hossain | D65: 42 | E65: =(50*D65)/45 -> 46.666667 | P65: 30 | W65: 27 | X65: 29 | Y65: =(50*AVERAGE(F65:X65))/45 -> 31.851852 | Z65: =ROUND((E65*60%+Y65*40%),2) -> 40.74
A66: 62 | B66: =CSE4098B_Spring2026_Grade!B66 -> 223014135 | C66: =CSE4098B_Spring2026_Grade!C66 -> Rakibul Hasan | D66: 42 | E66: =(50*D66)/45 -> 46.666667 | P66: 30 | W66: 27 | X66: 27 | Y66: =(50*AVERAGE(F66:X66))/45 -> 31.111111 | Z66: =ROUND((E66*60%+Y66*40%),2) -> 40.44
A67: 63 | B67: =CSE4098B_Spring2026_Grade!B67 -> 223014122 | C67: =CSE4098B_Spring2026_Grade!C67 -> Rabbi Sadnan Khan | D67: 42 | E67: =(50*D67)/45 -> 46.666667 | P67: 30 | W67: 27 | X67: 31 | Y67: =(50*AVERAGE(F67:X67))/45 -> 32.592593 | Z67: =ROUND((E67*60%+Y67*40%),2) -> 41.04
A68: 64 | B68: =CSE4098B_Spring2026_Grade!B68 -> 212014030 | C68: =CSE4098B_Spring2026_Grade!C68 -> Faria Islam Sara | D68: 42 | E68: =(50*D68)/45 -> 46.666667 | P68: 30 | W68: 27 | X68: 29 | Y68: =(50*AVERAGE(F68:X68))/45 -> 31.851852 | Z68: =ROUND((E68*60%+Y68*40%),2) -> 40.74
A69: 65 | B69: =CSE4098B_Spring2026_Grade!B69 -> 221014083 | C69: =CSE4098B_Spring2026_Grade!C69 -> Salina Akhter | D69: 0 | E69: =(50*D69)/45 -> 0 | K69: 0 | Q69: 0 | V69: 0 | Y69: =(50*AVERAGE(F69:X69))/45 -> 0 | Z69: =ROUND((E69*60%+Y69*40%),2) -> 0
A70: 66 | B70: =CSE4098B_Spring2026_Grade!B70 -> 221014104 | C70: =CSE4098B_Spring2026_Grade!C70 -> Rownak Salsabil | D70: 12 | E70: =(50*D70)/45 -> 13.333333 | K70: 6 | Q70: 12 | V70: 9 | Y70: =(50*AVERAGE(F70:X70))/45 -> 10 | Z70: =ROUND((E70*60%+Y70*40%),2) -> 12
A71: 67 | B71: =CSE4098B_Spring2026_Grade!B71 -> 221014077 | C71: =CSE4098B_Spring2026_Grade!C71 -> Adnan Chowdhury | D71: 12 | E71: =(50*D71)/45 -> 13.333333 | K71: 6 | Q71: 12 | V71: 9 | Y71: =(50*AVERAGE(F71:X71))/45 -> 10 | Z71: =ROUND((E71*60%+Y71*40%),2) -> 12
A72: 68 | B72: =CSE4098B_Spring2026_Grade!B72 -> 221014085 | C72: =CSE4098B_Spring2026_Grade!C72 -> Sheikh Nusaibah Noor | D72: 12 | E72: =(50*D72)/45 -> 13.333333 | K72: 6 | Q72: 12 | V72: 9 | Y72: =(50*AVERAGE(F72:X72))/45 -> 10 | Z72: =ROUND((E72*60%+Y72*40%),2) -> 12
