Workbook
Name mygrades: #REF!
Name mygrade: #REF!
Name Grades: #REF!

Sheet CSE4098A_Spring2026_Grade
A1: Capstone Project Grade (CSE 4098A)
A2: Marks Distribution
A3: Spring 2026
A4: Sl | B4: Student ID | C4: Student Name | D4: Report (40%) | E4: Presentation (45%) | F4: Peer (5%) | G4: Weekly Journal (10%) | H4: Total (100%) | I4: Grade | J4: Sup | K4: Title
A5: 1 | B5: 231014004 | C5: Bushra Nusyba Chowdhury | D5: =CSE4098A_Spring2026_Report!AB5 -> 34.18 | E5: =MIN(45, IF(CSE4098A_Spring2026_Presentatio!AA5>1, CSE4098A_Spring2026_Presentatio!AA5, CSE4098A_Spring2026_Presentatio!AA5*45)) -> 41.11 | F5: 5 | G5: 10 | H5: =SUM(D5:G5) -> 90.29 | I5: =IF(H5>=98,"A+",IF(H5>=85,"A",IF(H5>=80,"A-",IF(H5>=75,"B+",IF(H5>=70,"B",IF(H5>=65,"B-",IF(H5>=60,"C+",IF(H5>=55,"C",IF(H5>=50,"D","F"))))))))) -> A | J5: MGK | K5: A Data-Driven Model for Predicting Students’ Intentions to Pursue Higher Studies Abroad
A6: 2 | B6: 231014146 | C6: Tasneem Ahmed | D6: =CSE4098A_Spring2026_Report!AB6 -> 34.18 | E6: =MIN(45, IF(CSE4098A_Spring2026_Presentatio!AA6>1, CSE4098A_Spring2026_Presentatio!AA6, CSE4098A_Spring2026_Presentatio!AA6*45)) -> 36.81 | F6: 3 | G6: 8 | H6: =SUM(D6:G6) -> 81.99 | I6: =IF(H6>=98,"A+",IF(H6>=85,"A",IF(H6>=80,"A-",IF(H6>=75,"B+",IF(H6>=70,"B",IF(H6>=65,"B-",IF(H6>=60,"C+",IF(H6>=55,"C",IF(H6>=50,"D","F"))))))))) -> A-
A7: 3 | B7: 231014006 | C7: Ibnul Haque Chowdhury | D7: =CSE4098A_Spring2026_Report!AB7 -> 34.18 | E7: =MIN(45, IF(CSE4098A_Spring2026_Presentatio!AA7>1, CSE4098A_Spring2026_Presentatio!AA7, CSE4098A_Spring2026_Presentatio!AA7*45)) -> 36.44 | F7: 3 | G7: 8 | H7: =SUM(D7:G7) -> 81.62 | I7: =IF(H7>=98,"A+",IF(H7>=85,"A",IF(H7>=80,"A-",IF(H7>=75,"B+",IF(H7>=70,"B",IF(H7>=65,"B-",IF(H7>=60,"C+",IF(H7>=55,"C",IF(H7>=50,"D","F"))))))))) -> A-
A8: 4 | B8: 231014022 | C8: Rafsan Islam | D8: =CSE4098A_Spring2026_Report!AB8 -> 34.18 | E8: =MIN(45, IF(CSE4098A_Spring2026_Presentatio!AA8>1, CSE4098A_Spring2026_Presentatio!AA8, CSE4098A_Spring2026_Presentatio!AA8*45)) -> 39.7 | F8: 4 | G8: 8 | H8: =SUM(D8:G8) -> 85.88 | I8: =IF(H8>=98,"A+",IF(H8>=85,"A",IF(H8>=80,"A-",IF(H8>=75,"B+",IF(H8>=70,"B",IF(H8>=65,"B-",IF(H8>=60,"C+",IF(H8>=55,"C",IF(H8>=50,"D","F"))))))))) -> A
A9: 5 | B9: 231014042 | C9: Abir Akbar | D9: =CSE4098A_Spring2026_Report!AB9 -> 34.18 | E9: =MIN(45, IF(CSE4098A_Spring2026_Presentatio!AA9>1, CSE4098A_Spring2026_Presentatio!AA9, CSE4098A_Spring2026_Presentatio!AA9*45)) -> 35.93 | F9: 3 | G9: 8 | H9: =SUM(D9:G9) -> 81.11 | I9: =IF(H9>=98,"A+",IF(H9>=85,"A",IF(H9>=80,"A-",IF(H9>=75,"B+",IF(H9>=70,"B",IF(H9>=65,"B-",IF(H9>=60,"C+",IF(H9>=55,"C",IF(H9>=50,"D","F"))))))))) -> A-
A10: 6 | B10: 232014128 | C10: Tonmoy Talukder | D10: =CSE4098A_Spring2026_Report!AB10 -> 35.39 | E10: =MIN(45, IF(CSE4098A_Spring2026_Presentatio!AA10>1, CSE4098A_Spring2026_Presentatio!AA10, CSE4098A_Spring2026_Presentatio!AA10*45)) -> 39.2 | F10: 4 | G10: 8 | H10: =SUM(D10:G10) -> 86.59 | I10: =IF(H10>=98,"A+",IF(H10>=85,"A",IF(H10>=80,"A-",IF(H10>=75,"B+",IF(H10>=70,"B",IF(H10>=65,"B-",IF(H10>=60,"C+",IF(H10>=55,"C",IF(H10>=50,"D","F"))))))))) -> A | J10: RaiK | K10: Measuring Narrative Divergence Across News Outlets: An Event-Aligned Computational Analysis of English Newspapers in Bangladesh
A11: 7 | B11: 231014001 | C11: Md. Aminul Islam Rupak | D11: =CSE4098A_Spring2026_Report!AB11 -> 35.39 | E11: =MIN(45, IF(CSE4098A_Spring2026_Presentatio!AA11>1, CSE4098A_Spring2026_Presentatio!AA11, CSE4098A_Spring2026_Presentatio!AA11*45)) -> 39.2 | F11: 4 | G11: 8 | H11: =SUM(D11:G11) -> 86.59 | I11: =IF(H11>=98,"A+",IF(H11>=85,"A",IF(H11>=80,"A-",IF(H11>=75,"B+",IF(H11>=70,"B",IF(H11>=65,"B-",IF(H11>=60,"C+",IF(H11>=55,"C",IF(H11>=50,"D","F"))))))))) -> A
A12: 8 | B12: 223014100 | C12: Jannatul Tazree | D12: =CSE4098A_Spring2026_Report!AB12 -> 35.39 | E12: =MIN(45, IF(CSE4098A_Spring2026_Presentatio!AA12>1, CSE4098A_Spring2026_Presentatio!AA12, CSE4098A_Spring2026_Presentatio!AA12*45)) -> 42.67 | F12: 4 | G12: 9 | H12: =SUM(D12:G12) -> 91.06 | I12: =IF(H12>=98,"A+",IF(H12>=85,"A",IF(H12>=80,"A-",IF(H12>=75,"B+",IF(H12>=70,"B",IF(H12>=65,"B-",IF(H12>=60,"C+",IF(H12>=55,"C",IF(H12>=50,"D","F"))))))))) -> A
A13: 9 | B13: 232014003 | C13: Tasin Bin Mortoza | D13: =CSE4098A_Spring2026_Report!AB13 -> 35.39 | E13: =MIN(45, IF(CSE4098A_Spring2026_Presentatio!AA13>1, CSE4098A_Spring2026_Presentatio!AA13, CSE4098A_Spring2026_Presentatio!AA13*45)) -> 40.4 | F13: 3 | G13: 7 | H13: =SUM(D13:G13) -> 85.79 | I13: =IF(H13>=98,"A+",IF(H13>=85,"A",IF(H13>=80,"A-",IF(H13>=75,"B+",IF(H13>=70,"B",IF(H13>=65,"B-",IF(H13>=60,"C+",IF(H13>=55,"C",IF(H13>=50,"D","F"))))))))) -> A
A14: 10 | B14: 223014084 | C14: Mirza Mostafa Abrar | D14: =CSE4098A_Spring2026_Report!AB14 -> 34.42 | E14: =MIN(45, IF(CSE4098A_Spring2026_Presentatio!AA14>1, CSE4098A_Spring2026_Presentatio!AA14, CSE4098A_Spring2026_Presentatio!AA14*45)) -> 40.67 | F14: 3 | G14: 6 | H14: =SUM(D14:G14) -> 84.09 | I14: =IF(H14>=98,"A+",IF(H14>=85,"A",IF(H14>=80,"A-",IF(H14>=75,"B+",IF(H14>=70,"B",IF(H14>=65,"B-",IF(H14>=60,"C+",IF(H14>=55,"C",IF(H14>=50,"D","F"))))))))) -> A- | J14: RaiK | K14: BanglaLex-RAG: A Bilingual Hierarchical RAG System for Grounded Legal QA on Bangladesh Labour Law Using Fine-Tuned SLMs
A15: 11 | B15: 223014075 | C15: S M Rahnuma Apshara | D15: =CSE4098A_Spring2026_Report!AB15 -> 34.42 | E15: =MIN(45, IF(CSE4098A_Spring2026_Presentatio!AA15>1, CSE4098A_Spring2026_Presentatio!AA15, CSE4098A_Spring2026_Presentatio!AA15*45)) -> 43.33 | F15: 4 | G15: 8 | H15: =SUM(D15:G15) -> 89.75 | I15: =IF(H15>=98,"A+",IF(H15>=85,"A",IF(H15>=80,"A-",IF(H15>=75,"B+",IF(H15>=70,"B",IF(H15>=65,"B-",IF(H15>=60,"C+",IF(H15>=55,"C",IF(H15>=50,"D","F"))))))))) -> A
A16: 12 | B16: 223014108 | C16: Israt Islam | D16: =CSE4098A_Spring2026_Report!AB16 -> 34.42 | E16: =MIN(45, IF(CSE4098A_Spring2026_Presentatio!AA16>1, CSE4098A_Spring2026_Presentatio!AA16, CSE4098A_Spring2026_Presentatio!AA16*45)) -> 42.67 | F16: 3 | G16: 6 | H16: =SUM(D16:G16) -> 86.09 | I16: =IF(H16>=98,"A+",IF(H16>=85,"A",IF(H16>=80,"A-",IF(H16>=75,"B+",IF(H16>=70,"B",IF(H16>=65,"B-",IF(H16>=60,"C+",IF(H16>=55,"C",IF(H16>=50,"D","F"))))))))) -> A
A17: 13 | B17: 223014090 | C17: Shatabdee Chanda Shruti | D17: =CSE4098A_Spring2026_Report!AB17 -> 34.42 | E17: =MIN(45, IF(CSE4098A_Spring2026_Presentatio!AA17>1, CSE4098A_Spring2026_Presentatio!AA17, CSE4098A_Spring2026_Presentatio!AA17*45)) -> 42 | F17: 3 | G17: 6 | H17: =SUM(D17:G17) -> 85.42 | I17: =IF(H17>=98,"A+",IF(H17>=85,"A",IF(H17>=80,"A-",IF(H17>=75,"B+",IF(H17>=70,"B",IF(H17>=65,"B-",IF(H17>=60,"C+",IF(H17>=55,"C",IF(H17>=50,"D","F"))))))))) -> A
A18: 14 | B18: 223014024 | C18: Piyas Sarkar | D18: =CSE4098A_Spring2026_Report!AB18 -> 31.76 | E18: =MIN(45, IF(CSE4098A_Spring2026_Presentatio!AA18>1, CSE4098A_Spring2026_Presentatio!AA18, CSE4098A_Spring2026_Presentatio!AA18*45)) -> 34.44 | F18: 4 | G18: 8 | H18: =SUM(D18:G18) -> 78.2 | I18: =IF(H18>=98,"A+",IF(H18>=85,"A",IF(H18>=80,"A-",IF(H18>=75,"B+",IF(H18>=70,"B",IF(H18>=65,"B-",IF(H18>=60,"C+",IF(H18>=55,"C",IF(H18>=50,"D","F"))))))))) -> B+ | J18: RHF | K18: GhurbeSobai: An Intelligent Personalized Travel Recommendation and Destination Discovery System for Domestic Tourism in Bangladesh
A19: 15 | B19: 223014112 | C19: Md. Mahmuduzzaman Mollah Rabbee | D19: =CSE4098A_Spring2026_Report!AB19 -> 31.76 | E19: =MIN(45, IF(CSE4098A_Spring2026_Presentatio!AA19>1, CSE4098A_Spring2026_Presentatio!AA19, CSE4098A_Spring2026_Presentatio!AA19*45)) -> 31.11 | F19: 4 | G19: 8 | H19: =SUM(D19:G19) -> 74.87 | I19: =IF(H19>=98,"A+",IF(H19>=85,"A",IF(H19>=80,"A-",IF(H19>=75,"B+",IF(H19>=70,"B",IF(H19>=65,"B-",IF(H19>=60,"C+",IF(H19>=55,"C",IF(H19>=50,"D","F"))))))))) -> B
A20: 16 | B20: 231014136 | C20: Md. Tasdiqur Rahman Khan | D20: =CSE4098A_Spring2026_Report!AB20 -> 31.76 | E20: =MIN(45, IF(CSE4098A_Spring2026_Presentatio!AA20>1, CSE4098A_Spring2026_Presentatio!AA20, CSE4098A_Spring2026_Presentatio!AA20*45)) -> 31.11 | F20: 4 | G20: 6 | H20: =SUM(D20:G20) -> 72.87 | I20: =IF(H20>=98,"A+",IF(H20>=85,"A",IF(H20>=80,"A-",IF(H20>=75,"B+",IF(H20>=70,"B",IF(H20>=65,"B-",IF(H20>=60,"C+",IF(H20>=55,"C",IF(H20>=50,"D","F"))))))))) -> B
A21: 17 | B21: 223014206 | C21: Rafia Haque Arpita | D21: =CSE4098A_Spring2026_Report!AB21 -> 31.76 | E21: =MIN(45, IF(CSE4098A_Spring2026_Presentatio!AA21>1, CSE4098A_Spring2026_Presentatio!AA21, CSE4098A_Spring2026_Presentatio!AA21*45)) -> 33.44 | F21: 4 | G21: 7 | H21: =SUM(D21:G21) -> 76.2 | I21: =IF(H21>=98,"A+",IF(H21>=85,"A",IF(H21>=80,"A-",IF(H21>=75,"B+",IF(H21>=70,"B",IF(H21>=65,"B-",IF(H21>=60,"C+",IF(H21>=55,"C",IF(H21>=50,"D","F"))))))))) -> B+
A22: 18 | B22: 231014010 | C22: Mahmudul Islam Shajib | D22: =CSE4098A_Spring2026_Report!AB22 -> 33.22 | E22: =MIN(45, IF(CSE4098A_Spring2026_Presentatio!AA22>1, CSE4098A_Spring2026_Presentatio!AA22, CSE4098A_Spring2026_Presentatio!AA22*45)) -> 37.02 | F22: 5 | G22: 7 | H22: =SUM(D22:G22) -> 82.24 | I22: =IF(H22>=98,"A+",IF(H22>=85,"A",IF(H22>=80,"A-",IF(H22>=75,"B+",IF(H22>=70,"B",IF(H22>=65,"B-",IF(H22>=60,"C+",IF(H22>=55,"C",IF(H22>=50,"D","F"))))))))) -> A- | J22: RHF | K22: Deep Learning-Based Rice Disease Detection and Pesticide Recommendation System
A23: 19 | B23: 231014082 | C23: Mst. Fahmida Jesmin | D23: =CSE4098A_Spring2026_Report!AB23 -> 33.22 | E23: =MIN(45, IF(CSE4098A_Spring2026_Presentatio!AA23>1, CSE4098A_Spring2026_Presentatio!AA23, CSE4098A_Spring2026_Presentatio!AA23*45)) -> 39.29 | F23: 5 | G23: 7 | H23: =SUM(D23:G23) -> 84.51 | I23: =IF(H23>=98,"A+",IF(H23>=85,"A",IF(H23>=80,"A-",IF(H23>=75,"B+",IF(H23>=70,"B",IF(H23>=65,"B-",IF(H23>=60,"C+",IF(H23>=55,"C",IF(H23>=50,"D","F"))))))))) -> A-
A24: 20 | B24: 231014133 | C24: Md. Eakramul Karim Tarik | D24: =CSE4098A_Spring2026_Report!AB24 -> 33.22 | E24: =MIN(45, IF(CSE4098A_Spring2026_Presentatio!AA24>1, CSE4098A_Spring2026_Presentatio!AA24, CSE4098A_Spring2026_Presentatio!AA24*45)) -> 37.02 | F24: 2 | G24: 7 | H24: =SUM(D24:G24) -> 79.24 | I24: =IF(H24>=98,"A+",IF(H24>=85,"A",IF(H24>=80,"A-",IF(H24>=75,"B+",IF(H24>=70,"B",IF(H24>=65,"B-",IF(H24>=60,"C+",IF(H24>=55,"C",IF(H24>=50,"D","F"))))))))) -> B+
A25: 21 | B25: 231014120 | C25: Md. Abir Hosen | D25: =CSE4098A_Spring2026_Report!AB25 -> 35.64 | E25: =MIN(45, IF(CSE4098A_Spring2026_Presentatio!AA25>1, CSE4098A_Spring2026_Presentatio!AA25, CSE4098A_Spring2026_Presentatio!AA25*45)) -> 40.31 | F25: 5 | G25: 10 | H25: =SUM(D25:G25) -> 90.95 | I25: =IF(H25>=98,"A+",IF(H25>=85,"A",IF(H25>=80,"A-",IF(H25>=75,"B+",IF(H25>=70,"B",IF(H25>=65,"B-",IF(H25>=60,"C+",IF(H25>=55,"C",IF(H25>=50,"D","F"))))))))) -> A | J25: ASU | K25: Balancing Accuracy and Computational Efficiency in Waste Recognition Using a Dual-Backbone Lightweight Deep Learning Architecture
A26: 22 | B26: 231014096 | C26: Md. Rahat Hawlader | D26: =CSE4098A_Spring2026_Report!AB26 -> 35.64 | E26: =MIN(45, IF(CSE4098A_Spring2026_Presentatio!AA26>1, CSE4098A_Spring2026_Presentatio!AA26, CSE4098A_Spring2026_Presentatio!AA26*45)) -> 40.04 | F26: 5 | G26: 10 | H26: =SUM(D26:G26) -> 90.68 | I26: =IF(H26>=98,"A+",IF(H26>=85,"A",IF(H26>=80,"A-",IF(H26>=75,"B+",IF(H26>=70,"B",IF(H26>=65,"B-",IF(H26>=60,"C+",IF(H26>=55,"C",IF(H26>=50,"D","F"))))))))) -> A
A27: 23 | B27: 231014014 | C27: Shahriar Alam Sazzad | D27: =CSE4098A_Spring2026_Report!AB27 -> 35.64 | E27: =MIN(45, IF(CSE4098A_Spring2026_Presentatio!AA27>1, CSE4098A_Spring2026_Presentatio!AA27, CSE4098A_Spring2026_Presentatio!AA27*45)) -> 38.04 | F27: 4 | G27: 9 | H27: =SUM(D27:G27) -> 86.68 | I27: =IF(H27>=98,"A+",IF(H27>=85,"A",IF(H27>=80,"A-",IF(H27>=75,"B+",IF(H27>=70,"B",IF(H27>=65,"B-",IF(H27>=60,"C+",IF(H27>=55,"C",IF(H27>=50,"D","F"))))))))) -> A
A28: 24 | B28: 231014018 | C28: Zubaida Akter Prova | D28: =CSE4098A_Spring2026_Report!AB28 -> 35.64 | E28: =MIN(45, IF(CSE4098A_Spring2026_Presentatio!AA28>1, CSE4098A_Spring2026_Presentatio!AA28, CSE4098A_Spring2026_Presentatio!AA28*45)) -> 37.51 | F28: 4 | G28: 9 | H28: =SUM(D28:G28) -> 86.15 | I28: =IF(H28>=98,"A+",IF(H28>=85,"A",IF(H28>=80,"A-",IF(H28>=75,"B+",IF(H28>=70,"B",IF(H28>=65,"B-",IF(H28>=60,"C+",IF(H28>=55,"C",IF(H28>=50,"D","F"))))))))) -> A
A29: 25 | B29: 231014052 | C29: Md. Shaidur Rahman | D29: =CSE4098A_Spring2026_Report!AB29 -> 25.7 | E29: =MIN(45, IF(CSE4098A_Spring2026_Presentatio!AA29>1, CSE4098A_Spring2026_Presentatio!AA29, CSE4098A_Spring2026_Presentatio!AA29*45)) -> 21.33 | F29: 3 | G29: 6 | H29: =SUM(D29:G29) -> 56.03 | I29: =IF(H29>=98,"A+",IF(H29>=85,"A",IF(H29>=80,"A-",IF(H29>=75,"B+",IF(H29>=70,"B",IF(H29>=65,"B-",IF(H29>=60,"C+",IF(H29>=55,"C",IF(H29>=50,"D","F"))))))))) -> C | J29: NUA | K29: Behavior-Based Network Attack Detection System Using Machine Learning
A30: 26 | B30: 231014131 | C30: Sumia Sharmin Sinthia | D30: =CSE4098A_Spring2026_Report!AB30 -> 25.7 | E30: =MIN(45, IF(CSE4098A_Spring2026_Presentatio!AA30>1, CSE4098A_Spring2026_Presentatio!AA30, CSE4098A_Spring2026_Presentatio!AA30*45)) -> 25.04 | F30: 3 | G30: 6 | H30: =SUM(D30:G30) -> 59.74 | I30: =IF(H30>=98,"A+",IF(H30>=85,"A",IF(H30>=80,"A-",IF(H30>=75,"B+",IF(H30>=70,"B",IF(H30>=65,"B-",IF(H30>=60,"C+",IF(H30>=55,"C",IF(H30>=50,"D","F"))))))))) -> C
A31: 27 | B31: 221014109 | C31: Maharun Nessa Akhi | D31: =CSE4098A_Spring2026_Report!AB31 -> 25.7 | E31: =MIN(45, IF(CSE4098A_Spring2026_Presentatio!AA31>1, CSE4098A_Spring2026_Presentatio!AA31, CSE4098A_Spring2026_Presentatio!AA31*45)) -> 21.7 | F31: 3 | G31: 6 | H31: =SUM(D31:G31) -> 56.4 | I31: =IF(H31>=98,"A+",IF(H31>=85,"A",IF(H31>=80,"A-",IF(H31>=75,"B+",IF(H31>=70,"B",IF(H31>=65,"B-",IF(H31>=60,"C+",IF(H31>=55,"C",IF(H31>=50,"D","F"))))))))) -> C
A32: 28 | B32: 223014088 | C32: Md. Sakib Ishrak | D32: =CSE4098A_Spring2026_Report!AB32 -> 25.7 | E32: =MIN(45, IF(CSE4098A_Spring2026_Presentatio!AA32>1, CSE4098A_Spring2026_Presentatio!AA32, CSE4098A_Spring2026_Presentatio!AA32*45)) -> 21.11 | F32: 3 | G32: 6 | H32: =SUM(D32:G32) -> 55.81 | I32: =IF(H32>=98,"A+",IF(H32>=85,"A",IF(H32>=80,"A-",IF(H32>=75,"B+",IF(H32>=70,"B",IF(H32>=65,"B-",IF(H32>=60,"C+",IF(H32>=55,"C",IF(H32>=50,"D","F"))))))))) -> C
A33: 29 | B33: 231014017 | C33: Md. Jahid Ahamed Jihad | D33: =CSE4098A_Spring2026_Report!AB33 -> 33.7 | E33: =MIN(45, IF(CSE4098A_Spring2026_Presentatio!AA33>1, CSE4098A_Spring2026_Presentatio!AA33, CSE4098A_Spring2026_Presentatio!AA33*45)) -> 36.93 | F33: 4 | G33: 8 | H33: =SUM(D33:G33) -> 82.63 | I33: =IF(H33>=98,"A+",IF(H33>=85,"A",IF(H33>=80,"A-",IF(H33>=75,"B+",IF(H33>=70,"B",IF(H33>=65,"B-",IF(H33>=60,"C+",IF(H33>=55,"C",IF(H33>=50,"D","F"))))))))) -> A- | J33: NUA | K33: KidneyGenZ: A Lightweight Convolutional Neural Network for Multi-Stage Kidney Disease and Renal Cyst Malignancy Classification in CT Imaging
A34: 30 | B34: 231014115 | C34: Iftiker Jahid Moyshun | D34: =CSE4098A_Spring2026_Report!AB34 -> 33.7 | E34: =MIN(45, IF(CSE4098A_Spring2026_Presentatio!AA34>1, CSE4098A_Spring2026_Presentatio!AA34, CSE4098A_Spring2026_Presentatio!AA34*45)) -> 35.02 | F34: 4 | G34: 8 | H34: =SUM(D34:G34) -> 80.72 | I34: =IF(H34>=98,"A+",IF(H34>=85,"A",IF(H34>=80,"A-",IF(H34>=75,"B+",IF(H34>=70,"B",IF(H34>=65,"B-",IF(H34>=60,"C+",IF(H34>=55,"C",IF(H34>=50,"D","F"))))))))) -> A-
A35: 31 | B35: 231014151 | C35: Hasan Uddin Chowdhury | D35: =CSE4098A_Spring2026_Report!AB35 -> 33.7 | E35: =MIN(45, IF(CSE4098A_Spring2026_Presentatio!AA35>1, CSE4098A_Spring2026_Presentatio!AA35, CSE4098A_Spring2026_Presentatio!AA35*45)) -> 29.11 | F35: 3 | G35: 6 | H35: =SUM(D35:G35) -> 71.81 | I35: =IF(H35>=98,"A+",IF(H35>=85,"A",IF(H35>=80,"A-",IF(H35>=75,"B+",IF(H35>=70,"B",IF(H35>=65,"B-",IF(H35>=60,"C+",IF(H35>=55,"C",IF(H35>=50,"D","F"))))))))) -> B
A36: 32 | B36: 231014003 | C36: Md. Arfan Alam | D36: =CSE4098A_Spring2026_Report!AB36 -> 33.7 | E36: =MIN(45, IF(CSE4098A_Spring2026_Presentatio!AA36>1, CSE4098A_Spring2026_Presentatio!AA36, CSE4098A_Spring2026_Presentatio!AA36*45)) -> 36.84 | F36: 5 | G36: 9 | H36: =SUM(D36:G36) -> 84.54 | I36: =IF(H36>=98,"A+",IF(H36>=85,"A",IF(H36>=80,"A-",IF(H36>=75,"B+",IF(H36>=70,"B",IF(H36>=65,"B-",IF(H36>=60,"C+",IF(H36>=55,"C",IF(H36>=50,"D","F"))))))))) -> A-
A37: 33 | B37: 231014147 | C37: Asif Ahmed | D37: =CSE4098A_Spring2026_Report!AB37 -> 33.7 | E37: =MIN(45, IF(CSE4098A_Spring2026_Presentatio!AA37>1, CSE4098A_Spring2026_Presentatio!AA37, CSE4098A_Spring2026_Presentatio!AA37*45)) -> 32.76 | F37: 3 | G37: 5 | H37: =SUM(D37:G37) -> 74.46 | I37: =IF(H37>=98,"A+",IF(H37>=85,"A",IF(H37>=80,"A-",IF(H37>=75,"B+",IF(H37>=70,"B",IF(H37>=65,"B-",IF(H37>=60,"C+",IF(H37>=55,"C",IF(H37>=50,"D","F"))))))))) -> B
A38: 34 | B38: 213014010 | C38: Mozahedur Nur Nishanul Niloy | D38: =CSE4098A_Spring2026_Report!AB38 -> 30.3 | E38: =MIN(45, IF(CSE4098A_Spring2026_Presentatio!AA38>1, CSE4098A_Spring2026_Presentatio!AA38, CSE4098A_Spring2026_Presentatio!AA38*45)) -> 27.78 | F38: 5 | G38: 10 | H38: =SUM(D38:G38) -> 73.08 | I38: =IF(H38>=98,"A+",IF(H38>=85,"A",IF(H38>=80,"A-",IF(H38>=75,"B+",IF(H38>=70,"B",IF(H38>=65,"B-",IF(H38>=60,"C+",IF(H38>=55,"C",IF(H38>=50,"D","F"))))))))) -> B | J38: WFU | K38: Lightweight Bangla Dialect Processing System: Converting Regional Speech to Standard Bangla and English Text with Audio Output
A39: 35 | B39: 221014096 | C39: Md. Nasimuzzaman Setu | D39: =CSE4098A_Spring2026_Report!AB39 -> 30.3 | E39: =MIN(45, IF(CSE4098A_Spring2026_Presentatio!AA39>1, CSE4098A_Spring2026_Presentatio!AA39, CSE4098A_Spring2026_Presentatio!AA39*45)) -> 27.6 | F39: 4 | G39: 9 | H39: =SUM(D39:G39) -> 70.9 | I39: =IF(H39>=98,"A+",IF(H39>=85,"A",IF(H39>=80,"A-",IF(H39>=75,"B+",IF(H39>=70,"B",IF(H39>=65,"B-",IF(H39>=60,"C+",IF(H39>=55,"C",IF(H39>=50,"D","F"))))))))) -> B
A40: 36 | B40: 221014061 | C40: Mirazul Islam Turag | D40: =CSE4098A_Spring2026_Report!AB40 -> 30.3 | E40: =MIN(45, IF(CSE4098A_Spring2026_Presentatio!AA40>1, CSE4098A_Spring2026_Presentatio!AA40, CSE4098A_Spring2026_Presentatio!AA40*45)) -> 27.6 | F40: 4 | G40: 9 | H40: =SUM(D40:G40) -> 70.9 | I40: =IF(H40>=98,"A+",IF(H40>=85,"A",IF(H40>=80,"A-",IF(H40>=75,"B+",IF(H40>=70,"B",IF(H40>=65,"B-",IF(H40>=60,"C+",IF(H40>=55,"C",IF(H40>=50,"D","F"))))))))) -> B
A41: 37 | B41: 221014087 | C41: Shahriar Al Shihab | D41: =CSE4098A_Spring2026_Report!AB41 -> 30.3 | E41: =MIN(45, IF(CSE4098A_Spring2026_Presentatio!AA41>1, CSE4098A_Spring2026_Presentatio!AA41, CSE4098A_Spring2026_Presentatio!AA41*45)) -> 27.51 | F41: 4 | G41: 9 | H41: =SUM(D41:G41) -> 70.81 | I41: =IF(H41>=98,"A+",IF(H41>=85,"A",IF(H41>=80,"A-",IF(H41>=75,"B+",IF(H41>=70,"B",IF(H41>=65,"B-",IF(H41>=60,"C+",IF(H41>=55,"C",IF(H41>=50,"D","F"))))))))) -> B
A42: 38 | B42: 212014010 | C42: Md. Ayman Hasan | D42: =CSE4098A_Spring2026_Report!AB42 -> 31.28 | E42: =MIN(45, IF(CSE4098A_Spring2026_Presentatio!AA42>1, CSE4098A_Spring2026_Presentatio!AA42, CSE4098A_Spring2026_Presentatio!AA42*45)) -> 28.93 | F42: 4 | G42: 10 | H42: =SUM(D42:G42) -> 74.21 | I42: =IF(H42>=98,"A+",IF(H42>=85,"A",IF(H42>=80,"A-",IF(H42>=75,"B+",IF(H42>=70,"B",IF(H42>=65,"B-",IF(H42>=60,"C+",IF(H42>=55,"C",IF(H42>=50,"D","F"))))))))) -> B | J42: WFU | K42: Deepfake Image Detection Using Deep Learning Approach Under Compression and Low-Resolution Conditions for Social Media Environments
A43: 39 | B43: 213014056 | C43: Shovon Dip Karmaker | D43: =CSE4098A_Spring2026_Report!AB43 -> 31.28 | E43: =MIN(45, IF(CSE4098A_Spring2026_Presentatio!AA43>1, CSE4098A_Spring2026_Presentatio!AA43, CSE4098A_Spring2026_Presentatio!AA43*45)) -> 29.02 | F43: 4 | G43: 10 | H43: =SUM(D43:G43) -> 74.3 | I43: =IF(H43>=98,"A+",IF(H43>=85,"A",IF(H43>=80,"A-",IF(H43>=75,"B+",IF(H43>=70,"B",IF(H43>=65,"B-",IF(H43>=60,"C+",IF(H43>=55,"C",IF(H43>=50,"D","F"))))))))) -> B
A44: 40 | B44: 212014022 | C44: Tahsin Aftab Khan | D44: =CSE4098A_Spring2026_Report!AB44 -> 31.28 | E44: =MIN(45, IF(CSE4098A_Spring2026_Presentatio!AA44>1, CSE4098A_Spring2026_Presentatio!AA44, CSE4098A_Spring2026_Presentatio!AA44*45)) -> 29.2 | F44: 5 | G44: 10 | H44: =SUM(D44:G44) -> 75.48 | I44: =IF(H44>=98,"A+",IF(H44>=85,"A",IF(H44>=80,"A-",IF(H44>=75,"B+",IF(H44>=70,"B",IF(H44>=65,"B-",IF(H44>=60,"C+",IF(H44>=55,"C",IF(H44>=50,"D","F"))))))))) -> B+
A45: 41 | B45: 213014040 | C45: Towhid Hossain Alvi | D45: =CSE4098A_Spring2026_Report!AB45 -> 31.28 | E45: =MIN(45, IF(CSE4098A_Spring2026_Presentatio!AA45>1, CSE4098A_Spring2026_Presentatio!AA45, CSE4098A_Spring2026_Presentatio!AA45*45)) -> 29.02 | F45: 5 | G45: 10 | H45: =SUM(D45:G45) -> 75.3 | I45: =IF(H45>=98,"A+",IF(H45>=85,"A",IF(H45>=80,"A-",IF(H45>=75,"B+",IF(H45>=70,"B",IF(H45>=65,"B-",IF(H45>=60,"C+",IF(H45>=55,"C",IF(H45>=50,"D","F"))))))))) -> B+
A46: 42 | B46: 213014058 | C46: Samina Akter | D46: =CSE4098A_Spring2026_Report!AB46 -> 31.28 | E46: =MIN(45, IF(CSE4098A_Spring2026_Presentatio!AA46>1, CSE4098A_Spring2026_Presentatio!AA46, CSE4098A_Spring2026_Presentatio!AA46*45)) -> 28.67 | F46: 3 | G46: 7 | H46: =SUM(D46:G46) -> 69.95 | I46: =IF(H46>=98,"A+",IF(H46>=85,"A",IF(H46>=80,"A-",IF(H46>=75,"B+",IF(H46>=70,"B",IF(H46>=65,"B-",IF(H46>=60,"C+",IF(H46>=55,"C",IF(H46>=50,"D","F"))))))))) -> B-
A47: 43 | B47: 232014048 | C47: Md. Shayan Alam | D47: =CSE4098A_Spring2026_Report!AB47 -> 37.09 | E47: =MIN(45, IF(CSE4098A_Spring2026_Presentatio!AA47>1, CSE4098A_Spring2026_Presentatio!AA47, CSE4098A_Spring2026_Presentatio!AA47*45)) -> 42.89 | F47: 5 | G47: 9 | H47: =SUM(D47:G47) -> 93.98 | I47: =IF(H47>=98,"A+",IF(H47>=85,"A",IF(H47>=80,"A-",IF(H47>=75,"B+",IF(H47>=70,"B",IF(H47>=65,"B-",IF(H47>=60,"C+",IF(H47>=55,"C",IF(H47>=50,"D","F"))))))))) -> A | J47: NafM | K47: BloomAgent: An Agentic RAG Framework for Explainable Bloom’s Taxonomy Classification and Question Synthesis using LLM
A48: 44 | B48: 223014077 | C48: Mir Hussain Murtaza | D48: =CSE4098A_Spring2026_Report!AB48 -> 37.09 | E48: =MIN(45, IF(CSE4098A_Spring2026_Presentatio!AA48>1, CSE4098A_Spring2026_Presentatio!AA48, CSE4098A_Spring2026_Presentatio!AA48*45)) -> 44.22 | F48: 5 | G48: 9 | H48: =SUM(D48:G48) -> 95.31 | I48: =IF(H48>=98,"A+",IF(H48>=85,"A",IF(H48>=80,"A-",IF(H48>=75,"B+",IF(H48>=70,"B",IF(H48>=65,"B-",IF(H48>=60,"C+",IF(H48>=55,"C",IF(H48>=50,"D","F"))))))))) -> A
A49: 45 | B49: 232014033 | C49: Morium Rahman | D49: =CSE4098A_Spring2026_Report!AB49 -> 37.09 | E49: =MIN(45, IF(CSE4098A_Spring2026_Presentatio!AA49>1, CSE4098A_Spring2026_Presentatio!AA49, CSE4098A_Spring2026_Presentatio!AA49*45)) -> 42.44 | F49: 5 | G49: 9 | H49: =SUM(D49:G49) -> 93.53 | I49: =IF(H49>=98,"A+",IF(H49>=85,"A",IF(H49>=80,"A-",IF(H49>=75,"B+",IF(H49>=70,"B",IF(H49>=65,"B-",IF(H49>=60,"C+",IF(H49>=55,"C",IF(H49>=50,"D","F"))))))))) -> A
A50: 46 | B50: 232014102 | C50: Sabikun Nahar Zaria | D50: =CSE4098A_Spring2026_Report!AB50 -> 37.09 | E50: =MIN(45, IF(CSE4098A_Spring2026_Presentatio!AA50>1, CSE4098A_Spring2026_Presentatio!AA50, CSE4098A_Spring2026_Presentatio!AA50*45)) -> 42.44 | F50: 5 | G50: 9 | H50: =SUM(D50:G50) -> 93.53 | I50: =IF(H50>=98,"A+",IF(H50>=85,"A",IF(H50>=80,"A-",IF(H50>=75,"B+",IF(H50>=70,"B",IF(H50>=65,"B-",IF(H50>=60,"C+",IF(H50>=55,"C",IF(H50>=50,"D","F"))))))))) -> A
A51: 47 | B51: 232014040 | C51: Sima Akter Tithe | D51: =CSE4098A_Spring2026_Report!AB51 -> 36.6 | E51: =MIN(45, IF(CSE4098A_Spring2026_Presentatio!AA51>1, CSE4098A_Spring2026_Presentatio!AA51, CSE4098A_Spring2026_Presentatio!AA51*45)) -> 40.67 | F51: 5 | G51: 9 | H51: =SUM(D51:G51) -> 91.27 | I51: =IF(H51>=98,"A+",IF(H51>=85,"A",IF(H51>=80,"A-",IF(H51>=75,"B+",IF(H51>=70,"B",IF(H51>=65,"B-",IF(H51>=60,"C+",IF(H51>=55,"C",IF(H51>=50,"D","F"))))))))) -> A | J51: NafM | K51: BlockExDSE:Blockchain-Driven Stock Exchange System Enhanced with Edge Computing: A Hybrid Architecture for Scalable, Low-Latency Real-Time Trading
A52: 48 | B52: 232014027 | C52: Muskan Gouri | D52: =CSE4098A_Spring2026_Report!AB52 -> 36.6 | E52: =MIN(45, IF(CSE4098A_Spring2026_Presentatio!AA52>1, CSE4098A_Spring2026_Presentatio!AA52, CSE4098A_Spring2026_Presentatio!AA52*45)) -> 40 | F52: 5 | G52: 9 | H52: =SUM(D52:G52) -> 90.6 | I52: =IF(H52>=98,"A+",IF(H52>=85,"A",IF(H52>=80,"A-",IF(H52>=75,"B+",IF(H52>=70,"B",IF(H52>=65,"B-",IF(H52>=60,"C+",IF(H52>=55,"C",IF(H52>=50,"D","F"))))))))) -> A
A53: 49 | B53: 213014024 | C53: Minhaz Hossen | D53: =CSE4098A_Spring2026_Report!AB53 -> 36.6 | E53: =MIN(45, IF(CSE4098A_Spring2026_Presentatio!AA53>1, CSE4098A_Spring2026_Presentatio!AA53, CSE4098A_Spring2026_Presentatio!AA53*45)) -> 38.67 | F53: 5 | G53: 9 | H53: =SUM(D53:G53) -> 89.27 | I53: =IF(H53>=98,"A+",IF(H53>=85,"A",IF(H53>=80,"A-",IF(H53>=75,"B+",IF(H53>=70,"B",IF(H53>=65,"B-",IF(H53>=60,"C+",IF(H53>=55,"C",IF(H53>=50,"D","F"))))))))) -> A
A54: 50 | B54: 221014137 | C54: Prisom Halder | D54: =CSE4098A_Spring2026_Report!AB54 -> 36.6 | E54: =MIN(45, IF(CSE4098A_Spring2026_Presentatio!AA54>1, CSE4098A_Spring2026_Presentatio!AA54, CSE4098A_Spring2026_Presentatio!AA54*45)) -> 38.67 | F54: 5 | G54: 9 | H54: =SUM(D54:G54) -> 89.27 | I54: =IF(H54>=98,"A+",IF(H54>=85,"A",IF(H54>=80,"A-",IF(H54>=75,"B+",IF(H54>=70,"B",IF(H54>=65,"B-",IF(H54>=60,"C+",IF(H54>=55,"C",IF(H54>=50,"D","F"))))))))) -> A
A55: 51 | B55: 223014125 | C55: Fatima Wohabee | D55: =CSE4098A_Spring2026_Report!AB55 -> 28.85 | E55: =MIN(45, IF(CSE4098A_Spring2026_Presentatio!AA55>1, CSE4098A_Spring2026_Presentatio!AA55, CSE4098A_Spring2026_Presentatio!AA55*45)) -> 30 | F55: 4 | G55: 7 | H55: =SUM(D55:G55) -> 69.85 | I55: =IF(H55>=98,"A+",IF(H55>=85,"A",IF(H55>=80,"A-",IF(H55>=75,"B+",IF(H55>=70,"B",IF(H55>=65,"B-",IF(H55>=60,"C+",IF(H55>=55,"C",IF(H55>=50,"D","F"))))))))) -> B- | J55: NafM | K55: AI-Based Income Tax Assistant for Bangladesh: A Survey-Driven Approach Using NBR Finance Act
A56: 52 | B56: 231014008 | C56: Tasnim Taher | D56: =CSE4098A_Spring2026_Report!AB56 -> 28.85 | E56: =MIN(45, IF(CSE4098A_Spring2026_Presentatio!AA56>1, CSE4098A_Spring2026_Presentatio!AA56, CSE4098A_Spring2026_Presentatio!AA56*45)) -> 29.33 | F56: 4 | G56: 7 | H56: =SUM(D56:G56) -> 69.18 | I56: =IF(H56>=98,"A+",IF(H56>=85,"A",IF(H56>=80,"A-",IF(H56>=75,"B+",IF(H56>=70,"B",IF(H56>=65,"B-",IF(H56>=60,"C+",IF(H56>=55,"C",IF(H56>=50,"D","F"))))))))) -> B-
A57: 53 | B57: 223014064 | C57: Israt Zahan Ifa | D57: =CSE4098A_Spring2026_Report!AB57 -> 28.85 | E57: =MIN(45, IF(CSE4098A_Spring2026_Presentatio!AA57>1, CSE4098A_Spring2026_Presentatio!AA57, CSE4098A_Spring2026_Presentatio!AA57*45)) -> 29.33 | F57: 4 | G57: 7 | H57: =SUM(D57:G57) -> 69.18 | I57: =IF(H57>=98,"A+",IF(H57>=85,"A",IF(H57>=80,"A-",IF(H57>=75,"B+",IF(H57>=70,"B",IF(H57>=65,"B-",IF(H57>=60,"C+",IF(H57>=55,"C",IF(H57>=50,"D","F"))))))))) -> B-
A58: 54 | B58: 231014123 | C58: Rakib Rahman | D58: =CSE4098A_Spring2026_Report!AB58 -> 28.85 | E58: =MIN(45, IF(CSE4098A_Spring2026_Presentatio!AA58>1, CSE4098A_Spring2026_Presentatio!AA58, CSE4098A_Spring2026_Presentatio!AA58*45)) -> 29.33 | F58: 4 | G58: 7 | H58: =SUM(D58:G58) -> 69.18 | I58: =IF(H58>=98,"A+",IF(H58>=85,"A",IF(H58>=80,"A-",IF(H58>=75,"B+",IF(H58>=70,"B",IF(H58>=65,"B-",IF(H58>=60,"C+",IF(H58>=55,"C",IF(H58>=50,"D","F"))))))))) -> B-
A59: 55 | B59: 223014141 | C59: Yasin Khandakar | D59: =CSE4098A_Spring2026_Report!AB59 -> 23.76 | E59: =MIN(45, IF(CSE4098A_Spring2026_Presentatio!AA59>1, CSE4098A_Spring2026_Presentatio!AA59, CSE4098A_Spring2026_Presentatio!AA59*45)) -> 34.22 | F59: 3 | G59: 5.5 | H59: =SUM(D59:G59) -> 66.48 | I59: =IF(H59>=98,"A+",IF(H59>=85,"A",IF(H59>=80,"A-",IF(H59>=75,"B+",IF(H59>=70,"B",IF(H59>=65,"B-",IF(H59>=60,"C+",IF(H59>=55,"C",IF(H59>=50,"D","F"))))))))) -> B- | J59: MAWA | K59: AI Powered Phishing Risk Analyzer using Multi-Modal Website Analysis
A60: 56 | B60: 223014002 | C60: Sanjida Siddique | D60: =CSE4098A_Spring2026_Report!AB60 -> 23.76 | E60: =MIN(45, IF(CSE4098A_Spring2026_Presentatio!AA60>1, CSE4098A_Spring2026_Presentatio!AA60, CSE4098A_Spring2026_Presentatio!AA60*45)) -> 32.22 | F60: 3.5 | G60: 6 | H60: =SUM(D60:G60) -> 65.48 | I60: =IF(H60>=98,"A+",IF(H60>=85,"A",IF(H60>=80,"A-",IF(H60>=75,"B+",IF(H60>=70,"B",IF(H60>=65,"B-",IF(H60>=60,"C+",IF(H60>=55,"C",IF(H60>=50,"D","F"))))))))) -> B-
A61: 57 | B61: 221014059 | C61: Shakila Rahman Sudha | D61: =CSE4098A_Spring2026_Report!AB61 -> 23.76 | E61: =MIN(45, IF(CSE4098A_Spring2026_Presentatio!AA61>1, CSE4098A_Spring2026_Presentatio!AA61, CSE4098A_Spring2026_Presentatio!AA61*45)) -> 31.78 | F61: 3.5 | G61: 6 | H61: =SUM(D61:G61) -> 65.04 | I61: =IF(H61>=98,"A+",IF(H61>=85,"A",IF(H61>=80,"A-",IF(H61>=75,"B+",IF(H61>=70,"B",IF(H61>=65,"B-",IF(H61>=60,"C+",IF(H61>=55,"C",IF(H61>=50,"D","F"))))))))) -> B-
A62: 58 | B62: 222014061 | C62: Rafsan Jani Siam | D62: =CSE4098A_Spring2026_Report!AB62 -> 23.76 | E62: =MIN(45, IF(CSE4098A_Spring2026_Presentatio!AA62>1, CSE4098A_Spring2026_Presentatio!AA62, CSE4098A_Spring2026_Presentatio!AA62*45)) -> 27.33 | F62: 2 | G62: 4 | H62: =SUM(D62:G62) -> 57.09 | I62: =IF(H62>=98,"A+",IF(H62>=85,"A",IF(H62>=80,"A-",IF(H62>=75,"B+",IF(H62>=70,"B",IF(H62>=65,"B-",IF(H62>=60,"C+",IF(H62>=55,"C",IF(H62>=50,"D","F"))))))))) -> C
A63: 59 | B63: 222014014 | C63: Bahadur Zamn Shezan | D63: =CSE4098A_Spring2026_Report!AB63 -> 32.73 | E63: =MIN(45, IF(CSE4098A_Spring2026_Presentatio!AA63>1, CSE4098A_Spring2026_Presentatio!AA63, CSE4098A_Spring2026_Presentatio!AA63*45)) -> 37.67 | F63: 4 | G63: 8 | H63: =SUM(D63:G63) -> 82.4 | I63: =IF(H63>=98,"A+",IF(H63>=85,"A",IF(H63>=80,"A-",IF(H63>=75,"B+",IF(H63>=70,"B",IF(H63>=65,"B-",IF(H63>=60,"C+",IF(H63>=55,"C",IF(H63>=50,"D","F"))))))))) -> A- | J63: SJSQ | K63: Unmochon: A Bilingual Clause-Level Government Policies Search Engine for Bengali Archives
A64: 60 | B64: 222014004 | C64: Ratul Hasan Polok | D64: =CSE4098A_Spring2026_Report!AB64 -> 32.73 | E64: =MIN(45, IF(CSE4098A_Spring2026_Presentatio!AA64>1, CSE4098A_Spring2026_Presentatio!AA64, CSE4098A_Spring2026_Presentatio!AA64*45)) -> 38.33 | F64: 4 | G64: 8 | H64: =SUM(D64:G64) -> 83.06 | I64: =IF(H64>=98,"A+",IF(H64>=85,"A",IF(H64>=80,"A-",IF(H64>=75,"B+",IF(H64>=70,"B",IF(H64>=65,"B-",IF(H64>=60,"C+",IF(H64>=55,"C",IF(H64>=50,"D","F"))))))))) -> A-
A65: 61 | B65: 232014059 | C65: Tasfia Hasan Tushin | D65: =CSE4098A_Spring2026_Report!AB65 -> 32.73 | E65: =MIN(45, IF(CSE4098A_Spring2026_Presentatio!AA65>1, CSE4098A_Spring2026_Presentatio!AA65, CSE4098A_Spring2026_Presentatio!AA65*45)) -> 41.33 | F65: 5 | G65: 9 | H65: =SUM(D65:G65) -> 88.06 | I65: =IF(H65>=98,"A+",IF(H65>=85,"A",IF(H65>=80,"A-",IF(H65>=75,"B+",IF(H65>=70,"B",IF(H65>=65,"B-",IF(H65>=60,"C+",IF(H65>=55,"C",IF(H65>=50,"D","F"))))))))) -> A
A66: 62 | B66: 232014130 | C66: Thamina Hossen | D66: =CSE4098A_Spring2026_Report!AB66 -> 32.73 | E66: =MIN(45, IF(CSE4098A_Spring2026_Presentatio!AA66>1, CSE4098A_Spring2026_Presentatio!AA66, CSE4098A_Spring2026_Presentatio!AA66*45)) -> 42 | F66: 5 | G66: 10 | H66: =SUM(D66:G66) -> 89.73 | I66: =IF(H66>=98,"A+",IF(H66>=85,"A",IF(H66>=80,"A-",IF(H66>=75,"B+",IF(H66>=70,"B",IF(H66>=65,"B-",IF(H66>=60,"C+",IF(H66>=55,"C",IF(H66>=50,"D","F"))))))))) -> A
A67: 63 | B67: 231014084 | C67: Tanzila Tasnim Rahman | D67: =CSE4098A_Spring2026_Report!AB67 -> 28.61 | E67: =MIN(45, IF(CSE4098A_Spring2026_Presentatio!AA67>1, CSE4098A_Spring2026_Presentatio!AA67, CSE4098A_Spring2026_Presentatio!AA67*45)) -> 33.11 | F67: 3 | G67: 6 | H67: =SUM(D67:G67) -> 70.72 | I67: =IF(H67>=98,"A+",IF(H67>=85,"A",IF(H67>=80,"A-",IF(H67>=75,"B+",IF(H67>=70,"B",IF(H67>=65,"B-",IF(H67>=60,"C+",IF(H67>=55,"C",IF(H67>=50,"D","F"))))))))) -> B | J67: MNMA | K67: An Explainable Context-Aware NLP Framework for Automated Detection and Resolution of Ambiguities in Software Requirements Specifications
A68: 64 | B68: 231014029 | C68: Sadia Sharmin | D68: =CSE4098A_Spring2026_Report!AB68 -> 28.61 | E68: =MIN(45, IF(CSE4098A_Spring2026_Presentatio!AA68>1, CSE4098A_Spring2026_Presentatio!AA68, CSE4098A_Spring2026_Presentatio!AA68*45)) -> 35.78 | F68: 3 | G68: 6 | H68: =SUM(D68:G68) -> 73.39 | I68: =IF(H68>=98,"A+",IF(H68>=85,"A",IF(H68>=80,"A-",IF(H68>=75,"B+",IF(H68>=70,"B",IF(H68>=65,"B-",IF(H68>=60,"C+",IF(H68>=55,"C",IF(H68>=50,"D","F"))))))))) -> B
A69: 65 | B69: 231014083 | C69: Jannatun Farjana | D69: =CSE4098A_Spring2026_Report!AB69 -> 28.61 | E69: =MIN(45, IF(CSE4098A_Spring2026_Presentatio!AA69>1, CSE4098A_Spring2026_Presentatio!AA69, CSE4098A_Spring2026_Presentatio!AA69*45)) -> 34.44 | F69: 3 | G69: 6 | H69: =SUM(D69:G69) -> 72.05 | I69: =IF(H69>=98,"A+",IF(H69>=85,"A",IF(H69>=80,"A-",IF(H69>=75,"B+",IF(H69>=70,"B",IF(H69>=65,"B-",IF(H69>=60,"C+",IF(H69>=55,"C",IF(H69>=50,"D","F"))))))))) -> B
A70: 66 | B70: 231014077 | C70: Sumaiya Afrin | D70: =CSE4098A_Spring2026_Report!AB70 -> 28.61 | E70: =MIN(45, IF(CSE4098A_Spring2026_Presentatio!AA70>1, CSE4098A_Spring2026_Presentatio!AA70, CSE4098A_Spring2026_Presentatio!AA70*45)) -> 34 | F70: 3 | G70: 5 | H70: =SUM(D70:G70) -> 70.61 | I70: =IF(H70>=98,"A+",IF(H70>=85,"A",IF(H70>=80,"A-",IF(H70>=75,"B+",IF(H70>=70,"B",IF(H70>=65,"B-",IF(H70>=60,"C+",IF(H70>=55,"C",IF(H70>=50,"D","F"))))))))) -> B
A71: 67 | B71: 223014082 | C71: Tarif-E-Mustafa | D71: =CSE4098A_Spring2026_Report!AB71 -> 34.18 | E71: =MIN(45, IF(CSE4098A_Spring2026_Presentatio!AA71>1, CSE4098A_Spring2026_Presentatio!AA71, CSE4098A_Spring2026_Presentatio!AA71*45)) -> 30.22 | F71: 5 | G71: 9 | H71: =SUM(D71:G71) -> 78.4 | I71: =IF(H71>=98,"A+",IF(H71>=85,"A",IF(H71>=80,"A-",IF(H71>=75,"B+",IF(H71>=70,"B",IF(H71>=65,"B-",IF(H71>=60,"C+",IF(H71>=55,"C",IF(H71>=50,"D","F"))))))))) -> B+ | J71: MdKH | K71: A Unified, Multimodal Deep Learning Framework for Threat Prediction Using Facial Expression and Lip Reading
A72: 68 | B72: 231014002 | C72: Saykot Biswas Shawon | D72: =CSE4098A_Spring2026_Report!AB72 -> 34.18 | E72: =MIN(45, IF(CSE4098A_Spring2026_Presentatio!AA72>1, CSE4098A_Spring2026_Presentatio!AA72, CSE4098A_Spring2026_Presentatio!AA72*45)) -> 29.78 | F72: 4 | G72: 8 | H72: =SUM(D72:G72) -> 75.96 | I72: =IF(H72>=98,"A+",IF(H72>=85,"A",IF(H72>=80,"A-",IF(H72>=75,"B+",IF(H72>=70,"B",IF(H72>=65,"B-",IF(H72>=60,"C+",IF(H72>=55,"C",IF(H72>=50,"D","F"))))))))) -> B+
A73: 69 | B73: 231014047 | C73: Abu Saleh Md Araf | D73: =CSE4098A_Spring2026_Report!AB73 -> 34.18 | E73: =MIN(45, IF(CSE4098A_Spring2026_Presentatio!AA73>1, CSE4098A_Spring2026_Presentatio!AA73, CSE4098A_Spring2026_Presentatio!AA73*45)) -> 31.11 | F73: 4 | G73: 8 | H73: =SUM(D73:G73) -> 77.29 | I73: =IF(H73>=98,"A+",IF(H73>=85,"A",IF(H73>=80,"A-",IF(H73>=75,"B+",IF(H73>=70,"B",IF(H73>=65,"B-",IF(H73>=60,"C+",IF(H73>=55,"C",IF(H73>=50,"D","F"))))))))) -> B+
A74: 70 | B74: 231014025 | C74: Sariful Islam Rana | D74: =CSE4098A_Spring2026_Report!AB74 -> 34.18 | E74: =MIN(45, IF(CSE4098A_Spring2026_Presentatio!AA74>1, CSE4098A_Spring2026_Presentatio!AA74, CSE4098A_Spring2026_Presentatio!AA74*45)) -> 28.44 | F74: 4 | G74: 7 | H74: =SUM(D74:G74) -> 73.62 | I74: =IF(H74>=98,"A+",IF(H74>=85,"A",IF(H74>=80,"A-",IF(H74>=75,"B+",IF(H74>=70,"B",IF(H74>=65,"B-",IF(H74>=60,"C+",IF(H74>=55,"C",IF(H74>=50,"D","F"))))))))) -> B
A75: 71 | B75: 223014009 | C75: Farjana Akter Ema | D75: =CSE4098A_Spring2026_Report!AB75 -> 30.06 | E75: =MIN(45, IF(CSE4098A_Spring2026_Presentatio!AA75>1, CSE4098A_Spring2026_Presentatio!AA75, CSE4098A_Spring2026_Presentatio!AA75*45)) -> 29 | F75: 4 | G75: 8 | H75: =SUM(D75:G75) -> 71.06 | I75: =IF(H75>=98,"A+",IF(H75>=85,"A",IF(H75>=80,"A-",IF(H75>=75,"B+",IF(H75>=70,"B",IF(H75>=65,"B-",IF(H75>=60,"C+",IF(H75>=55,"C",IF(H75>=50,"D","F"))))))))) -> B | J75: DWAMT | K75: An Intelligent Multimodal Deep Learning System for Automated Skin Lesion Detection and Classification
A76: 72 | B76: 223014073 | C76: Pronoy Pal | D76: =CSE4098A_Spring2026_Report!AB76 -> 30.06 | E76: =MIN(45, IF(CSE4098A_Spring2026_Presentatio!AA76>1, CSE4098A_Spring2026_Presentatio!AA76, CSE4098A_Spring2026_Presentatio!AA76*45)) -> 28.78 | F76: 4 | G76: 8 | H76: =SUM(D76:G76) -> 70.84 | I76: =IF(H76>=98,"A+",IF(H76>=85,"A",IF(H76>=80,"A-",IF(H76>=75,"B+",IF(H76>=70,"B",IF(H76>=65,"B-",IF(H76>=60,"C+",IF(H76>=55,"C",IF(H76>=50,"D","F"))))))))) -> B
A77: 73 | B77: 223014157 | C77: Mohammad Talha | D77: =CSE4098A_Spring2026_Report!AB77 -> 30.06 | E77: =MIN(45, IF(CSE4098A_Spring2026_Presentatio!AA77>1, CSE4098A_Spring2026_Presentatio!AA77, CSE4098A_Spring2026_Presentatio!AA77*45)) -> 28.56 | F77: 4 | G77: 8 | H77: =SUM(D77:G77) -> 70.62 | I77: =IF(H77>=98,"A+",IF(H77>=85,"A",IF(H77>=80,"A-",IF(H77>=75,"B+",IF(H77>=70,"B",IF(H77>=65,"B-",IF(H77>=60,"C+",IF(H77>=55,"C",IF(H77>=50,"D","F"))))))))) -> B
A78: 74 | B78: 223014022 | C78: Sumaiya Islam Rouja | D78: =CSE4098A_Spring2026_Report!AB78 -> 30.06 | E78: =MIN(45, IF(CSE4098A_Spring2026_Presentatio!AA78>1, CSE4098A_Spring2026_Presentatio!AA78, CSE4098A_Spring2026_Presentatio!AA78*45)) -> 28.56 | F78: 4 | G78: 8 | H78: =SUM(D78:G78) -> 70.62 | I78: =IF(H78>=98,"A+",IF(H78>=85,"A",IF(H78>=80,"A-",IF(H78>=75,"B+",IF(H78>=70,"B",IF(H78>=65,"B-",IF(H78>=60,"C+",IF(H78>=55,"C",IF(H78>=50,"D","F"))))))))) -> B
A79: 75 | B79: 223014117 | C79: Sudipto Acharjee Dhrubo | D79: =CSE4098A_Spring2026_Report!AB79 -> 30.06 | E79: =MIN(45, IF(CSE4098A_Spring2026_Presentatio!AA79>1, CSE4098A_Spring2026_Presentatio!AA79, CSE4098A_Spring2026_Presentatio!AA79*45)) -> 28.89 | F79: 4 | G79: 8 | H79: =SUM(D79:G79) -> 70.95 | I79: =IF(H79>=98,"A+",IF(H79>=85,"A",IF(H79>=80,"A-",IF(H79>=75,"B+",IF(H79>=70,"B",IF(H79>=65,"B-",IF(H79>=60,"C+",IF(H79>=55,"C",IF(H79>=50,"D","F"))))))))) -> B
A80: 76 | B80: 223014005 | C80: Md. Mahmudul Hasan Mohot | D80: =CSE4098A_Spring2026_Report!AB80 -> 30.79 | E80: =MIN(45, IF(CSE4098A_Spring2026_Presentatio!AA80>1, CSE4098A_Spring2026_Presentatio!AA80, CSE4098A_Spring2026_Presentatio!AA80*45)) -> 27.78 | F80: 4 | G80: 8 | H80: =SUM(D80:G80) -> 70.57 | I80: =IF(H80>=98,"A+",IF(H80>=85,"A",IF(H80>=80,"A-",IF(H80>=75,"B+",IF(H80>=70,"B",IF(H80>=65,"B-",IF(H80>=60,"C+",IF(H80>=55,"C",IF(H80>=50,"D","F"))))))))) -> B | J80: DWAMT | K80: Uncertainty-Aware Explainable AI for Real-Time AWD Irrigation Scheduling and Yield Optimization in Boro Rice: A Case Study in Rajshahi, Bangladesh
A81: 77 | B81: 223014080 | C81: Refa Rayhana | D81: =CSE4098A_Spring2026_Report!AB81 -> 30.79 | E81: =MIN(45, IF(CSE4098A_Spring2026_Presentatio!AA81>1, CSE4098A_Spring2026_Presentatio!AA81, CSE4098A_Spring2026_Presentatio!AA81*45)) -> 27.89 | F81: 4 | G81: 8 | H81: =SUM(D81:G81) -> 70.68 | I81: =IF(H81>=98,"A+",IF(H81>=85,"A",IF(H81>=80,"A-",IF(H81>=75,"B+",IF(H81>=70,"B",IF(H81>=65,"B-",IF(H81>=60,"C+",IF(H81>=55,"C",IF(H81>=50,"D","F"))))))))) -> B
A82: 78 | B82: 223014123 | C82: Md. Emon Hossain | D82: =CSE4098A_Spring2026_Report!AB82 -> 30.79 | E82: =MIN(45, IF(CSE4098A_Spring2026_Presentatio!AA82>1, CSE4098A_Spring2026_Presentatio!AA82, CSE4098A_Spring2026_Presentatio!AA82*45)) -> 27.56 | F82: 4 | G82: 8 | H82: =SUM(D82:G82) -> 70.35 | I82: =IF(H82>=98,"A+",IF(H82>=85,"A",IF(H82>=80,"A-",IF(H82>=75,"B+",IF(H82>=70,"B",IF(H82>=65,"B-",IF(H82>=60,"C+",IF(H82>=55,"C",IF(H82>=50,"D","F"))))))))) -> B
A83: 79 | B83: 223014187 | C83: Mohammad Asif Abrar Sayim | D83: =CSE4098A_Spring2026_Report!AB83 -> 30.79 | E83: =MIN(45, IF(CSE4098A_Spring2026_Presentatio!AA83>1, CSE4098A_Spring2026_Presentatio!AA83, CSE4098A_Spring2026_Presentatio!AA83*45)) -> 28.44 | F83: 4 | G83: 8 | H83: =SUM(D83:G83) -> 71.23 | I83: =IF(H83>=98,"A+",IF(H83>=85,"A",IF(H83>=80,"A-",IF(H83>=75,"B+",IF(H83>=70,"B",IF(H83>=65,"B-",IF(H83>=60,"C+",IF(H83>=55,"C",IF(H83>=50,"D","F"))))))))) -> B
A84: 80 | B84: 231014107 | C84: Tahmina Akter Ritu | D84: =CSE4098A_Spring2026_Report!AB84 -> 34.67 | E84: =MIN(45, IF(CSE4098A_Spring2026_Presentatio!AA84>1, CSE4098A_Spring2026_Presentatio!AA84, CSE4098A_Spring2026_Presentatio!AA84*45)) -> 40.22 | F84: 5 | G84: 10 | H84: =SUM(D84:G84) -> 89.89 | I84: =IF(H84>=98,"A+",IF(H84>=85,"A",IF(H84>=80,"A-",IF(H84>=75,"B+",IF(H84>=70,"B",IF(H84>=65,"B-",IF(H84>=60,"C+",IF(H84>=55,"C",IF(H84>=50,"D","F"))))))))) -> A | J84: FK | K84: Early-Stage PCOS Risk Assessment Using a Hybrid Explainable AI Framework Aligned with Rotterdam Criteria
A85: 81 | B85: 231014108 | C85: Jahra Amin Misty | D85: =CSE4098A_Spring2026_Report!AB85 -> 34.67 | E85: =MIN(45, IF(CSE4098A_Spring2026_Presentatio!AA85>1, CSE4098A_Spring2026_Presentatio!AA85, CSE4098A_Spring2026_Presentatio!AA85*45)) -> 37.78 | F85: 4 | G85: 9 | H85: =SUM(D85:G85) -> 85.45 | I85: =IF(H85>=98,"A+",IF(H85>=85,"A",IF(H85>=80,"A-",IF(H85>=75,"B+",IF(H85>=70,"B",IF(H85>=65,"B-",IF(H85>=60,"C+",IF(H85>=55,"C",IF(H85>=50,"D","F"))))))))) -> A
A86: 82 | B86: 223014098 | C86: Humayara Kabir Upoma | D86: =CSE4098A_Spring2026_Report!AB86 -> 34.67 | E86: =MIN(45, IF(CSE4098A_Spring2026_Presentatio!AA86>1, CSE4098A_Spring2026_Presentatio!AA86, CSE4098A_Spring2026_Presentatio!AA86*45)) -> 35.56 | F86: 4 | G86: 8 | H86: =SUM(D86:G86) -> 82.23 | I86: =IF(H86>=98,"A+",IF(H86>=85,"A",IF(H86>=80,"A-",IF(H86>=75,"B+",IF(H86>=70,"B",IF(H86>=65,"B-",IF(H86>=60,"C+",IF(H86>=55,"C",IF(H86>=50,"D","F"))))))))) -> A-
A87: 83 | B87: 231014028 | C87: Maimuna Islam | D87: =CSE4098A_Spring2026_Report!AB87 -> 34.67 | E87: =MIN(45, IF(CSE4098A_Spring2026_Presentatio!AA87>1, CSE4098A_Spring2026_Presentatio!AA87, CSE4098A_Spring2026_Presentatio!AA87*45)) -> 36.89 | F87: 4 | G87: 9 | H87: =SUM(D87:G87) -> 84.56 | I87: =IF(H87>=98,"A+",IF(H87>=85,"A",IF(H87>=80,"A-",IF(H87>=75,"B+",IF(H87>=70,"B",IF(H87>=65,"B-",IF(H87>=60,"C+",IF(H87>=55,"C",IF(H87>=50,"D","F"))))))))) -> A-
G92: Grade Summary
G93: A+ | H93: =COUNTIF(I5:I87, "A+") -> 0
G94: A | H94: =COUNTIF(I5:I87, "A") -> 25
G95: A- | H95: =COUNTIF(I5:I87, "A-") -> 13
G96: B+ | H96: =COUNTIF(I5:I87, "B+") -> 8
G97: B | H97: =COUNTIF(I5:I87, "B") -> 24
G98: B- | H98: =COUNTIF(I5:I87, "B-") -> 8
G99: C+ | H99: =COUNTIF(I5:I87, "C+") -> 0
G100: C | H100: =COUNTIF(I5:I87, "C") -> 5
G101: D | H101: =COUNTIF(I5:I87, "D") -> 0
G102: F | H102: =COUNTIF(I5:I87, "F") -> 0
G103: Total | H103: =SUM(H93:H102) -> 83
C109: Muhammad Golam Kibria
...

Sheet CO_PO_Attainment_Analysis 
AU1: Mapping of COs to POs
C2: Assessment Items | D2: CO1 | E2: CO2 | F2: CO3 | G2: CO4 | H2: CO5 | I2: CO6 | AT2: PO1 | AU2: PO2 | AV2: PO3 | AW2: PO4 | AX2: PO5 | AY2: PO6 | AZ2: PO7 | BA2: PO8 | BB2: PO9 | BC2: PO10 | BD2: PO11 | BE2: PO12
C3: Report | D3: 15 | E3: 3 | F3: 3 | AS3: CO1 | AT3: 0 | AU3: 1 | AV3: 0 | AW3: 0 | AX3: 0 | AY3: 0 | AZ3: 0 | BA3: 0 | BB3: 0 | BC3: 0 | BD3: 0 | BE3: 0
C4: Peer | G4: 5 | AS4: CO2 | AT4: 0 | AU4: 0 | AV4: 0 | AW4: 0 | AX4: 0 | AY4: 0 | AZ4: 0 | BA4: 0 | BB4: 0 | BC4: 0 | BD4: 0 | BE4: 1
C5: Term Final Presentation | H5: 10 | AS5: CO3 | AT5: 0 | AU5: 0 | AV5: 0 | AW5: 0 | AX5: 0 | AY5: 0 | AZ5: 0 | BA5: 0 | BB5: 0 | BC5: 0 | BD5: 1 | BE5: 0
AS6: CO4 | AT6: 0 | AU6: 0 | AV6: 0 | AW6: 0 | AX6: 0 | AY6: 0 | AZ6: 0 | BA6: 0 | BB6: 1 | BC6: 0 | BD6: 0 | BE6: 0
C7: Total | D7: =SUM(D3:D6) -> 15 | E7: =SUM(E3:E6) -> 3 | F7: =SUM(F3:F6) -> 3 | G7: =SUM(G3:G6) -> 5 | H7: =SUM(H3:H6) -> 10 | I7: =SUM(I3:I6) -> 0 | AS7: CO5 | AT7: 0 | AU7: 0 | AV7: 0 | AW7: 0 | AX7: 0 | AY7: 0 | AZ7: 0 | BA7: 0 | BB7: 0 | BC7: 1 | BD7: 0 | BE7: 0
AS8: CO6 | AT8: 0 | AU8: 0 | AV8: 0 | AW8: 0 | AX8: 0 | AY8: 0 | AZ8: 0 | BA8: 0 | BB8: 0 | BC8: 0 | BD8: 0 | BE8: 0
AS9: Total | AT9: =SUM(AT3:AT8) -> 0 | AU9: =SUM(AU3:AU8) -> 1 | AV9: =SUM(AV3:AV8) -> 0 | AW9: =SUM(AW3:AW8) -> 0 | AX9: =SUM(AX3:AX8) -> 0 | AY9: =SUM(AY3:AY8) -> 0 | AZ9: =SUM(AZ3:AZ8) -> 0 | BA9: =SUM(BA3:BA8) -> 0 | ... BE9: =SUM(BE3:BE8) -> 1
A11: CO Attainment Analysis CSE 4098A [Spring 2026] | AB11: CO Attainment Analysis | AU11: PO Attainment Analysis
D12: =C3 -> Report | J12: =C4 -> Peer | P12: Presentation | V12: Project | AB12: Total Marks | AH12: Percentage | AN12: CO Attainment | AU12: Percentage | BG12: PO Attainment
D13: CO1 | E13: CO2 | F13: CO3 | G13: CO4 | H13: CO5 | I13: CO6 | J13: CO1 | K13: CO2 | L13: CO3 | M13: CO4 | N13: CO5 | O13: CO6 | P13: CO1 | Q13: CO2 | R13: CO3 | S13: CO4 | T13: CO5 | U13: CO6 | V13: CO1 | W13: CO2 | X13: CO3 | Y13: CO4 | Z13: CO5 | AA13: CO6 | AB13: CO1 | AC13: CO2 | AD13: CO3 | AE13: CO4 | AF13: CO5 | AG13: CO6 | AH13: CO1 | AI13: CO2 | AJ13: CO3 | AK13: CO4 | AL13: CO5 | AM13: CO6 | AN13: CO1 | AO13: CO2 | AP13: CO3 | AQ13: CO4 | AR13: CO5 | AS13: CO6 | AU13: PO1 | AV13: PO2 | AW13: PO3 | AX13: PO4 | AY13: PO5 | AZ13: PO6 | BA13: PO7 | BB13: PO8 | BC13: PO9 | BD13: PO10 | BE13: PO11 | BF13: PO12 | BG13: PO1 | BH13: PO2 | BI13: PO3 | BJ13: PO4 | BK13: PO5 | BL13: PO6 | BM13: PO7 | BN13: PO8 | BO13: PO9 | BP13: PO10 | BQ13: PO11 | BR13: PO12
A14: S/N | B14: Student ID | C14: Name | D14: =D3 -> 15 | E14: =E3 -> 3 | F14: =F3 -> 3 | G14: =G3 | H14: =H3 | I14: =I3 | J14: =D4 | K14: =E4 | L14: =F4 | M14: =G4 -> 5 | N14: =H4 | O14: =I4 | P14: =D5 | Q14: =E5 | R14: =F5 | S14: =G5 | T14: =H5 -> 10 | U14: =I5 | V14: =D6 | W14: =E6 | X14: =F6 | Y14: =G6 | Z14: =H6 | AA14: =I6 | AB14: =SUM(P14,D14,J14) -> 15 | AC14: =SUM(K14,E14,Q14) -> 3 | AD14: =SUM(L14,F14,R14) -> 3 | AE14: =SUM(M14,G14,S14) -> 5 | AF14: =SUM(N14,H14,T14) -> 10 | AG14: =SUM(O14,I14,U14) -> 0 | AH14: 1 | AI14: 1 | AJ14: 1 | AK14: 1 | AL14: 1 | AM14: 1 | AN14: If CO achieved (≥55%) then 1, else 0 | AU14: 1 | AV14: 1 | AW14: 1 | AX14: 1 | AY14: 1 | AZ14: 1 | BA14: 1 | BB14: 1 | BC14: 1 | BD14: 1 | BE14: 1 | BF14: 1 | BG14: If PO achieved (≥55%) then 1, else 0
A15: 1 | B15: =CSE4098A_Spring2026_Grade!B5 -> 231014004 | C15: =CSE4098A_Spring2026_Grade!C5 -> Bushra Nusyba Chowdhury | D15: ='CO_Report Evaluation'!P3 -> 12.666667 | E15: ='CO_Report Evaluation'!Q3 -> 2.6666667 | F15: ='CO_Report Evaluation'!R3 -> 2.3333333 | M15: 2 | T15: =((CSE4098A_Spring2026_Grade!E5)*10)/45 -> 9.1355556 | AB15: =SUM(V15,D15,J15) -> 12.666667 | AC15: =SUM(Q15, W15,E15,K15) -> 2.6666667 | AD15: =SUM(R15, X15,F15,L15) -> 2.3333333 | AE15: =SUM(S15, Y15,G15,M15) -> 2 | AF15: =SUM(T15,H15,N15) -> 9.1355556 | AG15: =SUM(AA15,I15,O15) -> 0 | AH15: =IF(AB15 = 0, 0, AB15/AB$14) -> 0.84444444 | AI15: =IF(AC15 = 0, 0, AC15/AC$14) -> 0.88888889 | AJ15: =IF(AD15 = 0, 0, AD15/AD$14) -> 0.77777778 | AK15: =IF(AE15 = 0, 0, AE15/AE$14) -> 0.4 | AL15: =IF(AF15 = 0, 0, AF15/AF$14) -> 0.91355556 | AM15: =IF(AG15 = 0, 0, AG15/AG$14) -> 0 | AN15: =IF(OR(CSE4098A_Spring2026_Grade!$I5="W (Withdrawn)", CSE4098A_Spring2026_Grade!$I5="I (Incomplete)"), 0, IF(AH15>=55%, 1, 0)) -> 1 | AO15: =IF(OR(CSE4098A_Spring2026_Grade!$I5="W (Withdrawn)", CSE4098A_Spring2026_Grade!I5="I (Incomplete)"), 0, IF(AI15>=55%, 1, 0)) -> 1 | AP15: =IF(OR(CSE4098A_Spring2026_Grade!$I5="W (Withdrawn)", CSE4098A_Spring2026_Grade!$I5="I (Incomplete)"), 0, IF(AJ15>=55%, 1, 0)) -> 1 | AQ15: =IF(OR(CSE4098A_Spring2026_Grade!$I5="W (Withdrawn)", CSE4098A_Spring2026_Grade!$I5="I (Incomplete)"), 0, IF(AK15>=55%, 1, 0)) -> 0 | AR15: =IF(OR(CSE4098A_Spring2026_Grade!$I5="W (Withdrawn)", CSE4098A_Spring2026_Grade!$I5="I (Incomplete)"), 0, IF(AL15>=55%, 1, 0)) -> 1 | AS15: =IF(OR(CSE4098A_Spring2026_Grade!$I5="W (Withdrawn)", CSE4098A_Spring2026_Grade!$I5="I (Incomplete)"), 0, IF(AM15>=55%, 1, 0)) -> 0 | AU15: =IF($AT$9=0,0,MMULT($AH15:$AM15, AT$3:AT$8)/$AT$9) -> 0 | AV15: =IF($AU$9=0,0,MMULT($AH15:$AM15, AU$3:AU$8)/$AU$9) -> 0.84444444 | AW15: {=IF($AV$9=0,0,MMULT($AH15:$AM15, AV$3:AV$8)/$AV$9)} -> 0 | AX15: {=IF($AW$9=0,0,MMULT($AH15:$AM15, AW$3:AW$8)/$AW$9)} -> 0 | AY15: =IF($AX$9=0,0,MMULT($AH15:$AM15, AX$3:AX$8)/$AX$9) -> 0 | AZ15: {=IF($AY$9=0,0,MMULT($AH15:$AM15, AY$3:AY$8)/$AY$9)} -> 0 | BA15: {=IF($AZ$9=0,0,MMULT($AH15:$AM15, AZ$3:AZ$8)/$AZ$9)} -> 0 | BB15: {=IF($BA$9=0,0,MMULT($AH15:$AM15, BA$3:BA$8)/$BA$9)} -> 0 | BC15: {=IF($BB$9=0,0,MMULT($AH15:$AM15, BB$3:BB$8)/$BB$9)} -> 0.4 | BD15: {=IF($BC$9=0,0,MMULT($AH15:$AM15, BC$3:BC$8)/$BC$9)} -> 0.91355556 | BE15: =IF($BD$9=0,0,MMULT($AH15:$AM15, BD$3:BD$8)/$BD$9) -> 0.77777778 | BF15: =IF($BE$9=0,0,MMULT($AH15:$AM15, BE$3:BE$8)/$BE$9) -> 0.88888889 | BG15: =IF(OR(GradeSheet!$M10="W (Withdrawn)", GradeSheet!$M10="I (Incomplete)"), 0, IF(AU15>=55%, 1, 0)) -> #REF! | BH15: =IF(OR(CSE4098A_Spring2026_Grade!$I5="W (Withdrawn)", CSE4098A_Spring2026_Grade!$I5="I (Incomplete)"), 0, IF(AV15>=55%, 1, 0)) -> 1 | BI15: =IF(OR(GradeSheet!$M10="W (Withdrawn)", GradeSheet!$M10="I (Incomplete)"), 0, IF(AW15>=55%, 1, 0)) -> #REF! | BJ15: =IF(OR(GradeSheet!$M10="W (Withdrawn)", GradeSheet!$M10="I (Incomplete)"), 0, IF(AX15>=55%, 1, 0)) -> #REF! | BK15: =IF(OR(GradeSheet!$M10="W (Withdrawn)", GradeSheet!$M10="I (Incomplete)"), 0, IF(AY15>=55%, 1, 0)) -> #REF! | BL15: =IF(OR(GradeSheet!$M10="W (Withdrawn)", GradeSheet!$M10="I (Incomplete)"), 0, IF(AZ15>=55%, 1, 0)) -> #REF! | BM15: =IF(OR(GradeSheet!$M10="W (Withdrawn)", GradeSheet!$M10="I (Incomplete)"), 0, IF(BA15>=55%, 1, 0)) -> #REF! | BN15: =IF(OR(GradeSheet!$M10="W (Withdrawn)", GradeSheet!$M10="I (Incomplete)"), 0, IF(BB15>=55%, 1, 0)) -> #REF! | BO15: =IF(OR(CSE4098A_Spring2026_Grade!$I5="W (Withdrawn)", CSE4098A_Spring2026_Grade!$I5="I (Incomplete)"), 0, IF(BC15>=55%, 1, 0)) -> 0 | BP15: =IF(OR(CSE4098A_Spring2026_Grade!$I5="W (Withdrawn)", CSE4098A_Spring2026_Grade!$I5="I (Incomplete)"), 0, IF(BD15>=55%, 1, 0)) -> 1 | BQ15: =IF(OR(CSE4098A_Spring2026_Grade!$I5="W (Withdrawn)", CSE4098A_Spring2026_Grade!$I5="I (Incomplete)"), 0, IF(BE15>=55%, 1, 0)) -> 1 | BR15: =IF(OR(CSE4098A_Spring2026_Grade!$I5="W (Withdrawn)", CSE4098A_Spring2026_Grade!$I5="I (Incomplete)"), 0, IF(BF15>=55%, 1, 0)) -> 1
A16: 2 | B16: =CSE4098A_Spring2026_Grade!B6 -> 231014146 | C16: =CSE4098A_Spring2026_Grade!C6 -> Tasneem Ahmed | D16: ='CO_Report Evaluation'!P4 -> 12.666667 | E16: ='CO_Report Evaluation'!Q4 -> 2.6666667 | F16: ='CO_Report Evaluation'!R4 -> 2.3333333 | M16: 2 | T16: =((CSE4098A_Spring2026_Grade!E6)*10)/45 -> 8.18 | AB16: =SUM(V16,D16,J16) -> 12.666667 | AC16: =SUM(Q16, W16,E16,K16) -> 2.6666667 | AD16: =SUM(R16, X16,F16,L16) -> 2.3333333 | AE16: =SUM(S16, Y16,G16,M16) -> 2 | AF16: =SUM(T16,H16,N16) -> 8.18 | AG16: =SUM(AA16,I16,O16) -> 0 | AH16: =IF(AB16 = 0, 0, AB16/AB$14) -> 0.84444444 | AI16: =IF(AC16 = 0, 0, AC16/AC$14) -> 0.88888889 | AJ16: =IF(AD16 = 0, 0, AD16/AD$14) -> 0.77777778 | AK16: =IF(AE16 = 0, 0, AE16/AE$14) -> 0.4 | AL16: =IF(AF16 = 0, 0, AF16/AF$14) -> 0.818 | AM16: =IF(AG16 = 0, 0, AG16/AG$14) -> 0 | AN16: =IF(OR(CSE4098A_Spring2026_Grade!$I6="W (Withdrawn)", CSE4098A_Spring2026_Grade!$I6="I (Incomplete)"), 0, IF(AH16>=55%, 1, 0)) -> 1 | AO16: =IF(OR(CSE4098A_Spring2026_Grade!$I6="W (Withdrawn)", CSE4098A_Spring2026_Grade!I6="I (Incomplete)"), 0, IF(AI16>=55%, 1, 0)) -> 1 | AP16: =IF(OR(CSE4098A_Spring2026_Grade!$I6="W (Withdrawn)", CSE4098A_Spring2026_Grade!$I6="I (Incomplete)"), 0, IF(AJ16>=55%, 1, 0)) -> 1 | AQ16: =IF(OR(CSE4098A_Spring2026_Grade!$I6="W (Withdrawn)", CSE4098A_Spring2026_Grade!$I6="I (Incomplete)"), 0, IF(AK16>=55%, 1, 0)) -> 0 | AR16: =IF(OR(CSE4098A_Spring2026_Grade!$I6="W (Withdrawn)", CSE4098A_Spring2026_Grade!$I6="I (Incomplete)"), 0, IF(AL16>=55%, 1, 0)) -> 1 | AS16: =IF(OR(CSE4098A_Spring2026_Grade!$I6="W (Withdrawn)", CSE4098A_Spring2026_Grade!$I6="I (Incomplete)"), 0, IF(AM16>=55%, 1, 0)) -> 0 | AU16: =IF($AT$9=0,0,MMULT($AH16:$AM16, AT$3:AT$8)/$AT$9) -> 0 | AV16: =IF($AU$9=0,0,MMULT($AH16:$AM16, AU$3:AU$8)/$AU$9) -> 0.84444444 | AW16: {=IF($AV$9=0,0,MMULT($AH16:$AM16, AV$3:AV$8)/$AV$9)} -> 0 | AX16: {=IF($AW$9=0,0,MMULT($AH16:$AM16, AW$3:AW$8)/$AW$9)} -> 0 | AY16: =IF($AX$9=0,0,MMULT($AH16:$AM16, AX$3:AX$8)/$AX$9) -> 0 | AZ16: {=IF($AY$9=0,0,MMULT($AH16:$AM16, AY$3:AY$8)/$AY$9)} -> 0 | BA16: {=IF($AZ$9=0,0,MMULT($AH16:$AM16, AZ$3:AZ$8)/$AZ$9)} -> 0 | BB16: {=IF($BA$9=0,0,MMULT($AH16:$AM16, BA$3:BA$8)/$BA$9)} -> 0 | BC16: {=IF($BB$9=0,0,MMULT($AH16:$AM16, BB$3:BB$8)/$BB$9)} -> 0.4 | BD16: {=IF($BC$9=0,0,MMULT($AH16:$AM16, BC$3:BC$8)/$BC$9)} -> 0.818 | BE16: =IF($BD$9=0,0,MMULT($AH16:$AM16, BD$3:BD$8)/$BD$9) -> 0.77777778 | BF16: =IF($BE$9=0,0,MMULT($AH16:$AM16, BE$3:BE$8)/$BE$9) -> 0.88888889 | BG16: =IF(OR(GradeSheet!$M11="W (Withdrawn)", GradeSheet!$M11="I (Incomplete)"), 0, IF(AU16>=55%, 1, 0)) -> #REF! | BH16: =IF(OR(CSE4098A_Spring2026_Grade!$I6="W (Withdrawn)", CSE4098A_Spring2026_Grade!$I6="I (Incomplete)"), 0, IF(AV16>=55%, 1, 0)) -> 1 | BI16: =IF(OR(GradeSheet!$M11="W (Withdrawn)", GradeSheet!$M11="I (Incomplete)"), 0, IF(AW16>=55%, 1, 0)) -> #REF! | BJ16: =IF(OR(GradeSheet!$M11="W (Withdrawn)", GradeSheet!$M11="I (Incomplete)"), 0, IF(AX16>=55%, 1, 0)) -> #REF! | BK16: =IF(OR(GradeSheet!$M11="W (Withdrawn)", GradeSheet!$M11="I (Incomplete)"), 0, IF(AY16>=55%, 1, 0)) -> #REF! | BL16: =IF(OR(GradeSheet!$M11="W (Withdrawn)", GradeSheet!$M11="I (Incomplete)"), 0, IF(AZ16>=55%, 1, 0)) -> #REF! | BM16: =IF(OR(GradeSheet!$M11="W (Withdrawn)", GradeSheet!$M11="I (Incomplete)"), 0, IF(BA16>=55%, 1, 0)) -> #REF! | BN16: =IF(OR(GradeSheet!$M11="W (Withdrawn)", GradeSheet!$M11="I (Incomplete)"), 0, IF(BB16>=55%, 1, 0)) -> #REF! | BO16: =IF(OR(CSE4098A_Spring2026_Grade!$I6="W (Withdrawn)", CSE4098A_Spring2026_Grade!$I6="I (Incomplete)"), 0, IF(BC16>=55%, 1, 0)) -> 0 | BP16: =IF(OR(CSE4098A_Spring2026_Grade!$I6="W (Withdrawn)", CSE4098A_Spring2026_Grade!$I6="I (Incomplete)"), 0, IF(BD16>=55%, 1, 0)) -> 1 | BQ16: =IF(OR(CSE4098A_Spring2026_Grade!$I6="W (Withdrawn)", CSE4098A_Spring2026_Grade!$I6="I (Incomplete)"), 0, IF(BE16>=55%, 1, 0)) -> 1 | BR16: =IF(OR(CSE4098A_Spring2026_Grade!$I6="W (Withdrawn)", CSE4098A_Spring2026_Grade!$I6="I (Incomplete)"), 0, IF(BF16>=55%, 1, 0)) -> 1
A17: 3 | B17: =CSE4098A_Spring2026_Grade!B7 -> 231014006 | C17: =CSE4098A_Spring2026_Grade!C7 -> Ibnul Haque Chowdhury | D17: ='CO_Report Evaluation'!P5 -> 12.666667 | E17: ='CO_Report Evaluation'!Q5 -> 2.6666667 | F17: ='CO_Report Evaluation'!R5 -> 2.3333333 | M17: 2 | T17: =((CSE4098A_Spring2026_Grade!E7)*10)/45 -> 8.0977778 | AB17: =SUM(V17,D17,J17) -> 12.666667 | AC17: =SUM(Q17, W17,E17,K17) -> 2.6666667 | AD17: =SUM(R17, X17,F17,L17) -> 2.3333333 | AE17: =SUM(S17, Y17,G17,M17) -> 2 | AF17: =SUM(T17,H17,N17) -> 8.0977778 | AG17: =SUM(AA17,I17,O17) -> 0 | AH17: =IF(AB17 = 0, 0, AB17/AB$14) -> 0.84444444 | AI17: =IF(AC17 = 0, 0, AC17/AC$14) -> 0.88888889 | AJ17: =IF(AD17 = 0, 0, AD17/AD$14) -> 0.77777778 | AK17: =IF(AE17 = 0, 0, AE17/AE$14) -> 0.4 | AL17: =IF(AF17 = 0, 0, AF17/AF$14) -> 0.80977778 | AM17: =IF(AG17 = 0, 0, AG17/AG$14) -> 0 | AN17: =IF(OR(CSE4098A_Spring2026_Grade!$I7="W (Withdrawn)", CSE4098A_Spring2026_Grade!$I7="I (Incomplete)"), 0, IF(AH17>=55%, 1, 0)) -> 1 | AO17: =IF(OR(CSE4098A_Spring2026_Grade!$I7="W (Withdrawn)", CSE4098A_Spring2026_Grade!I7="I (Incomplete)"), 0, IF(AI17>=55%, 1, 0)) -> 1 | AP17: =IF(OR(CSE4098A_Spring2026_Grade!$I7="W (Withdrawn)", CSE4098A_Spring2026_Grade!$I7="I (Incomplete)"), 0, IF(AJ17>=55%, 1, 0)) -> 1 | AQ17: =IF(OR(CSE4098A_Spring2026_Grade!$I7="W (Withdrawn)", CSE4098A_Spring2026_Grade!$I7="I (Incomplete)"), 0, IF(AK17>=55%, 1, 0)) -> 0 | AR17: =IF(OR(CSE4098A_Spring2026_Grade!$I7="W (Withdrawn)", CSE4098A_Spring2026_Grade!$I7="I (Incomplete)"), 0, IF(AL17>=55%, 1, 0)) -> 1 | AS17: =IF(OR(CSE4098A_Spring2026_Grade!$I7="W (Withdrawn)", CSE4098A_Spring2026_Grade!$I7="I (Incomplete)"), 0, IF(AM17>=55%, 1, 0)) -> 0 | AU17: =IF($AT$9=0,0,MMULT($AH17:$AM17, AT$3:AT$8)/$AT$9) -> 0 | AV17: =IF($AU$9=0,0,MMULT($AH17:$AM17, AU$3:AU$8)/$AU$9) -> 0.84444444 | AW17: {=IF($AV$9=0,0,MMULT($AH17:$AM17, AV$3:AV$8)/$AV$9)} -> 0 | AX17: {=IF($AW$9=0,0,MMULT($AH17:$AM17, AW$3:AW$8)/$AW$9)} -> 0 | AY17: =IF($AX$9=0,0,MMULT($AH17:$AM17, AX$3:AX$8)/$AX$9) -> 0 | AZ17: {=IF($AY$9=0,0,MMULT($AH17:$AM17, AY$3:AY$8)/$AY$9)} -> 0 | BA17: {=IF($AZ$9=0,0,MMULT($AH17:$AM17, AZ$3:AZ$8)/$AZ$9)} -> 0 | BB17: {=IF($BA$9=0,0,MMULT($AH17:$AM17, BA$3:BA$8)/$BA$9)} -> 0 | BC17: {=IF($BB$9=0,0,MMULT($AH17:$AM17, BB$3:BB$8)/$BB$9)} -> 0.4 | BD17: {=IF($BC$9=0,0,MMULT($AH17:$AM17, BC$3:BC$8)/$BC$9)} -> 0.80977778 | BE17: =IF($BD$9=0,0,MMULT($AH17:$AM17, BD$3:BD$8)/$BD$9) -> 0.77777778 | BF17: =IF($BE$9=0,0,MMULT($AH17:$AM17, BE$3:BE$8)/$BE$9) -> 0.88888889 | BG17: =IF(OR(GradeSheet!$M12="W (Withdrawn)", GradeSheet!$M12="I (Incomplete)"), 0, IF(AU17>=55%, 1, 0)) -> #REF! | BH17: =IF(OR(CSE4098A_Spring2026_Grade!$I7="W (Withdrawn)", CSE4098A_Spring2026_Grade!$I7="I (Incomplete)"), 0, IF(AV17>=55%, 1, 0)) -> 1 | BI17: =IF(OR(GradeSheet!$M12="W (Withdrawn)", GradeSheet!$M12="I (Incomplete)"), 0, IF(AW17>=55%, 1, 0)) -> #REF! | BJ17: =IF(OR(GradeSheet!$M12="W (Withdrawn)", GradeSheet!$M12="I (Incomplete)"), 0, IF(AX17>=55%, 1, 0)) -> #REF! | BK17: =IF(OR(GradeSheet!$M12="W (Withdrawn)", GradeSheet!$M12="I (Incomplete)"), 0, IF(AY17>=55%, 1, 0)) -> #REF! | BL17: =IF(OR(GradeSheet!$M12="W (Withdrawn)", GradeSheet!$M12="I (Incomplete)"), 0, IF(AZ17>=55%, 1, 0)) -> #REF! | BM17: =IF(OR(GradeSheet!$M12="W (Withdrawn)", GradeSheet!$M12="I (Incomplete)"), 0, IF(BA17>=55%, 1, 0)) -> #REF! | BN17: =IF(OR(GradeSheet!$M12="W (Withdrawn)", GradeSheet!$M12="I (Incomplete)"), 0, IF(BB17>=55%, 1, 0)) -> #REF! | BO17: =IF(OR(CSE4098A_Spring2026_Grade!$I7="W (Withdrawn)", CSE4098A_Spring2026_Grade!$I7="I (Incomplete)"), 0, IF(BC17>=55%, 1, 0)) -> 0 | BP17: =IF(OR(CSE4098A_Spring2026_Grade!$I7="W (Withdrawn)", CSE4098A_Spring2026_Grade!$I7="I (Incomplete)"), 0, IF(BD17>=55%, 1, 0)) -> 1 | BQ17: =IF(OR(CSE4098A_Spring2026_Grade!$I7="W (Withdrawn)", CSE4098A_Spring2026_Grade!$I7="I (Incomplete)"), 0, IF(BE17>=55%, 1, 0)) -> 1 | BR17: =IF(OR(CSE4098A_Spring2026_Grade!$I7="W (Withdrawn)", CSE4098A_Spring2026_Grade!$I7="I (Incomplete)"), 0, IF(BF17>=55%, 1, 0)) -> 1
A18: 4 | B18: =CSE4098A_Spring2026_Grade!B8 -> 231014022 | C18: =CSE4098A_Spring2026_Grade!C8 -> Rafsan Islam | D18: ='CO_Report Evaluation'!P6 -> 12.666667 | E18: ='CO_Report Evaluation'!Q6 -> 2.6666667 | F18: ='CO_Report Evaluation'!R6 -> 2.3333333 | M18: 2 | T18: =((CSE4098A_Spring2026_Grade!E8)*10)/45 -> 8.8222222 | AB18: =SUM(V18,D18,J18) -> 12.666667 | AC18: =SUM(Q18, W18,E18,K18) -> 2.6666667 | AD18: =SUM(R18, X18,F18,L18) -> 2.3333333 | AE18: =SUM(S18, Y18,G18,M18) -> 2 | AF18: =SUM(T18,H18,N18) -> 8.8222222 | AG18: =SUM(AA18,I18,O18) -> 0 | AH18: =IF(AB18 = 0, 0, AB18/AB$14) -> 0.84444444 | AI18: =IF(AC18 = 0, 0, AC18/AC$14) -> 0.88888889 | AJ18: =IF(AD18 = 0, 0, AD18/AD$14) -> 0.77777778 | AK18: =IF(AE18 = 0, 0, AE18/AE$14) -> 0.4 | AL18: =IF(AF18 = 0, 0, AF18/AF$14) -> 0.88222222 | AM18: =IF(AG18 = 0, 0, AG18/AG$14) -> 0 | AN18: =IF(OR(CSE4098A_Spring2026_Grade!$I8="W (Withdrawn)", CSE4098A_Spring2026_Grade!$I8="I (Incomplete)"), 0, IF(AH18>=55%, 1, 0)) -> 1 | AO18: =IF(OR(CSE4098A_Spring2026_Grade!$I8="W (Withdrawn)", CSE4098A_Spring2026_Grade!I8="I (Incomplete)"), 0, IF(AI18>=55%, 1, 0)) -> 1 | AP18: =IF(OR(CSE4098A_Spring2026_Grade!$I8="W (Withdrawn)", CSE4098A_Spring2026_Grade!$I8="I (Incomplete)"), 0, IF(AJ18>=55%, 1, 0)) -> 1 | AQ18: =IF(OR(CSE4098A_Spring2026_Grade!$I8="W (Withdrawn)", CSE4098A_Spring2026_Grade!$I8="I (Incomplete)"), 0, IF(AK18>=55%, 1, 0)) -> 0 | AR18: =IF(OR(CSE4098A_Spring2026_Grade!$I8="W (Withdrawn)", CSE4098A_Spring2026_Grade!$I8="I (Incomplete)"), 0, IF(AL18>=55%, 1, 0)) -> 1 | AS18: =IF(OR(CSE4098A_Spring2026_Grade!$I8="W (Withdrawn)", CSE4098A_Spring2026_Grade!$I8="I (Incomplete)"), 0, IF(AM18>=55%, 1, 0)) -> 0 | AU18: =IF($AT$9=0,0,MMULT($AH18:$AM18, AT$3:AT$8)/$AT$9) -> 0 | AV18: =IF($AU$9=0,0,MMULT($AH18:$AM18, AU$3:AU$8)/$AU$9) -> 0.84444444 | AW18: {=IF($AV$9=0,0,MMULT($AH18:$AM18, AV$3:AV$8)/$AV$9)} -> 0 | AX18: {=IF($AW$9=0,0,MMULT($AH18:$AM18, AW$3:AW$8)/$AW$9)} -> 0 | AY18: =IF($AX$9=0,0,MMULT($AH18:$AM18, AX$3:AX$8)/$AX$9) -> 0 | AZ18: {=IF($AY$9=0,0,MMULT($AH18:$AM18, AY$3:AY$8)/$AY$9)} -> 0 | BA18: {=IF($AZ$9=0,0,MMULT($AH18:$AM18, AZ$3:AZ$8)/$AZ$9)} -> 0 | BB18: {=IF($BA$9=0,0,MMULT($AH18:$AM18, BA$3:BA$8)/$BA$9)} -> 0 | BC18: {=IF($BB$9=0,0,MMULT($AH18:$AM18, BB$3:BB$8)/$BB$9)} -> 0.4 | BD18: {=IF($BC$9=0,0,MMULT($AH18:$AM18, BC$3:BC$8)/$BC$9)} -> 0.88222222 | BE18: =IF($BD$9=0,0,MMULT($AH18:$AM18, BD$3:BD$8)/$BD$9) -> 0.77777778 | BF18: =IF($BE$9=0,0,MMULT($AH18:$AM18, BE$3:BE$8)/$BE$9) -> 0.88888889 | BG18: =IF(OR(GradeSheet!$M13="W (Withdrawn)", GradeSheet!$M13="I (Incomplete)"), 0, IF(AU18>=55%, 1, 0)) -> #REF! | BH18: =IF(OR(CSE4098A_Spring2026_Grade!$I8="W (Withdrawn)", CSE4098A_Spring2026_Grade!$I8="I (Incomplete)"), 0, IF(AV18>=55%, 1, 0)) -> 1 | BI18: =IF(OR(GradeSheet!$M13="W (Withdrawn)", GradeSheet!$M13="I (Incomplete)"), 0, IF(AW18>=55%, 1, 0)) -> #REF! | BJ18: =IF(OR(GradeSheet!$M13="W (Withdrawn)", GradeSheet!$M13="I (Incomplete)"), 0, IF(AX18>=55%, 1, 0)) -> #REF! | BK18: =IF(OR(GradeSheet!$M13="W (Withdrawn)", GradeSheet!$M13="I (Incomplete)"), 0, IF(AY18>=55%, 1, 0)) -> #REF! | BL18: =IF(OR(GradeSheet!$M13="W (Withdrawn)", GradeSheet!$M13="I (Incomplete)"), 0, IF(AZ18>=55%, 1, 0)) -> #REF! | BM18: =IF(OR(GradeSheet!$M13="W (Withdrawn)", GradeSheet!$M13="I (Incomplete)"), 0, IF(BA18>=55%, 1, 0)) -> #REF! | BN18: =IF(OR(GradeSheet!$M13="W (Withdrawn)", GradeSheet!$M13="I (Incomplete)"), 0, IF(BB18>=55%, 1, 0)) -> #REF! | BO18: =IF(OR(CSE4098A_Spring2026_Grade!$I8="W (Withdrawn)", CSE4098A_Spring2026_Grade!$I8="I (Incomplete)"), 0, IF(BC18>=55%, 1, 0)) -> 0 | BP18: =IF(OR(CSE4098A_Spring2026_Grade!$I8="W (Withdrawn)", CSE4098A_Spring2026_Grade!$I8="I (Incomplete)"), 0, IF(BD18>=55%, 1, 0)) -> 1 | BQ18: =IF(OR(CSE4098A_Spring2026_Grade!$I8="W (Withdrawn)", CSE4098A_Spring2026_Grade!$I8="I (Incomplete)"), 0, IF(BE18>=55%, 1, 0)) -> 1 | BR18: =IF(OR(CSE4098A_Spring2026_Grade!$I8="W (Withdrawn)", CSE4098A_Spring2026_Grade!$I8="I (Incomplete)"), 0, IF(BF18>=55%, 1, 0)) -> 1
A19: 5 | B19: =CSE4098A_Spring2026_Grade!B9 -> 231014042 | C19: =CSE4098A_Spring2026_Grade!C9 -> Abir Akbar | D19: ='CO_Report Evaluation'!P7 -> 12.666667 | E19: ='CO_Report Evaluation'!Q7 -> 2.6666667 | F19: ='CO_Report Evaluation'!R7 -> 2.3333333 | M19: 3 | T19: =((CSE4098A_Spring2026_Grade!E9)*10)/45 -> 7.9844444 | AB19: =SUM(V19,D19,J19) -> 12.666667 | AC19: =SUM(Q19, W19,E19,K19) -> 2.6666667 | AD19: =SUM(R19, X19,F19,L19) -> 2.3333333 | AE19: =SUM(S19, Y19,G19,M19) -> 3 | AF19: =SUM(T19,H19,N19) -> 7.9844444 | AG19: =SUM(AA19,I19,O19) -> 0 | AH19: =IF(AB19 = 0, 0, AB19/AB$14) -> 0.84444444 | AI19: =IF(AC19 = 0, 0, AC19/AC$14) -> 0.88888889 | AJ19: =IF(AD19 = 0, 0, AD19/AD$14) -> 0.77777778 | AK19: =IF(AE19 = 0, 0, AE19/AE$14) -> 0.6 | AL19: =IF(AF19 = 0, 0, AF19/AF$14) -> 0.79844444 | AM19: =IF(AG19 = 0, 0, AG19/AG$14) -> 0 | AN19: =IF(OR(CSE4098A_Spring2026_Grade!$I9="W (Withdrawn)", CSE4098A_Spring2026_Grade!$I9="I (Incomplete)"), 0, IF(AH19>=55%, 1, 0)) -> 1 | AO19: =IF(OR(CSE4098A_Spring2026_Grade!$I9="W (Withdrawn)", CSE4098A_Spring2026_Grade!I9="I (Incomplete)"), 0, IF(AI19>=55%, 1, 0)) -> 1 | AP19: =IF(OR(CSE4098A_Spring2026_Grade!$I9="W (Withdrawn)", CSE4098A_Spring2026_Grade!$I9="I (Incomplete)"), 0, IF(AJ19>=55%, 1, 0)) -> 1 | AQ19: =IF(OR(CSE4098A_Spring2026_Grade!$I9="W (Withdrawn)", CSE4098A_Spring2026_Grade!$I9="I (Incomplete)"), 0, IF(AK19>=55%, 1, 0)) -> 1 | AR19: =IF(OR(CSE4098A_Spring2026_Grade!$I9="W (Withdrawn)", CSE4098A_Spring2026_Grade!$I9="I (Incomplete)"), 0, IF(AL19>=55%, 1, 0)) -> 1 | AS19: =IF(OR(CSE4098A_Spring2026_Grade!$I9="W (Withdrawn)", CSE4098A_Spring2026_Grade!$I9="I (Incomplete)"), 0, IF(AM19>=55%, 1, 0)) -> 0 | AU19: =IF($AT$9=0,0,MMULT($AH19:$AM19, AT$3:AT$8)/$AT$9) -> 0 | AV19: =IF($AU$9=0,0,MMULT($AH19:$AM19, AU$3:AU$8)/$AU$9) -> 0.84444444 | AW19: {=IF($AV$9=0,0,MMULT($AH19:$AM19, AV$3:AV$8)/$AV$9)} -> 0 | AX19: {=IF($AW$9=0,0,MMULT($AH19:$AM19, AW$3:AW$8)/$AW$9)} -> 0 | AY19: =IF($AX$9=0,0,MMULT($AH19:$AM19, AX$3:AX$8)/$AX$9) -> 0 | AZ19: {=IF($AY$9=0,0,MMULT($AH19:$AM19, AY$3:AY$8)/$AY$9)} -> 0 | BA19: {=IF($AZ$9=0,0,MMULT($AH19:$AM19, AZ$3:AZ$8)/$AZ$9)} -> 0 | BB19: {=IF($BA$9=0,0,MMULT($AH19:$AM19, BA$3:BA$8)/$BA$9)} -> 0 | BC19: {=IF($BB$9=0,0,MMULT($AH19:$AM19, BB$3:BB$8)/$BB$9)} -> 0.6 | BD19: {=IF($BC$9=0,0,MMULT($AH19:$AM19, BC$3:BC$8)/$BC$9)} -> 0.79844444 | BE19: =IF($BD$9=0,0,MMULT($AH19:$AM19, BD$3:BD$8)/$BD$9) -> 0.77777778 | BF19: =IF($BE$9=0,0,MMULT($AH19:$AM19, BE$3:BE$8)/$BE$9) -> 0.88888889 | BG19: =IF(OR(GradeSheet!$M14="W (Withdrawn)", GradeSheet!$M14="I (Incomplete)"), 0, IF(AU19>=55%, 1, 0)) -> #REF! | BH19: =IF(OR(CSE4098A_Spring2026_Grade!$I9="W (Withdrawn)", CSE4098A_Spring2026_Grade!$I9="I (Incomplete)"), 0, IF(AV19>=55%, 1, 0)) -> 1 | BI19: =IF(OR(GradeSheet!$M14="W (Withdrawn)", GradeSheet!$M14="I (Incomplete)"), 0, IF(AW19>=55%, 1, 0)) -> #REF! | BJ19: =IF(OR(GradeSheet!$M14="W (Withdrawn)", GradeSheet!$M14="I (Incomplete)"), 0, IF(AX19>=55%, 1, 0)) -> #REF! | BK19: =IF(OR(GradeSheet!$M14="W (Withdrawn)", GradeSheet!$M14="I (Incomplete)"), 0, IF(AY19>=55%, 1, 0)) -> #REF! | BL19: =IF(OR(GradeSheet!$M14="W (Withdrawn)", GradeSheet!$M14="I (Incomplete)"), 0, IF(AZ19>=55%, 1, 0)) -> #REF! | BM19: =IF(OR(GradeSheet!$M14="W (Withdrawn)", GradeSheet!$M14="I (Incomplete)"), 0, IF(BA19>=55%, 1, 0)) -> #REF! | BN19: =IF(OR(GradeSheet!$M14="W (Withdrawn)", GradeSheet!$M14="I (Incomplete)"), 0, IF(BB19>=55%, 1, 0)) -> #REF! | BO19: =IF(OR(CSE4098A_Spring2026_Grade!$I9="W (Withdrawn)", CSE4098A_Spring2026_Grade!$I9="I (Incomplete)"), 0, IF(BC19>=55%, 1, 0)) -> 1 | BP19: =IF(OR(CSE4098A_Spring2026_Grade!$I9="W (Withdrawn)", CSE4098A_Spring2026_Grade!$I9="I (Incomplete)"), 0, IF(BD19>=55%, 1, 0)) -> 1 | BQ19: =IF(OR(CSE4098A_Spring2026_Grade!$I9="W (Withdrawn)", CSE4098A_Spring2026_Grade!$I9="I (Incomplete)"), 0, IF(BE19>=55%, 1, 0)) -> 1 | BR19: =IF(OR(CSE4098A_Spring2026_Grade!$I9="W (Withdrawn)", CSE4098A_Spring2026_Grade!$I9="I (Incomplete)"), 0, IF(BF19>=55%, 1, 0)) -> 1
A20: 6 | B20: =CSE4098A_Spring2026_Grade!B10 -> 232014128 | C20: =CSE4098A_Spring2026_Grade!C10 -> Tonmoy Talukder | D20: ='CO_Report Evaluation'!P8 -> 12.666667 | E20: ='CO_Report Evaluation'!Q8 -> 2.6666667 | F20: ='CO_Report Evaluation'!R8 -> 2.6666667 | M20: 4 | T20: =((CSE4098A_Spring2026_Grade!E10)*10)/45 -> 8.7111111 | AB20: =SUM(V20,D20,J20) -> 12.666667 | AC20: =SUM(Q20, W20,E20,K20) -> 2.6666667 | AD20: =SUM(R20, X20,F20,L20) -> 2.6666667 | AE20: =SUM(S20, Y20,G20,M20) -> 4 | AF20: =SUM(T20,H20,N20) -> 8.7111111 | AG20: =SUM(AA20,I20,O20) -> 0 | AH20: =IF(AB20 = 0, 0, AB20/AB$14) -> 0.84444444 | AI20: =IF(AC20 = 0, 0, AC20/AC$14) -> 0.88888889 | AJ20: =IF(AD20 = 0, 0, AD20/AD$14) -> 0.88888889 | AK20: =IF(AE20 = 0, 0, AE20/AE$14) -> 0.8 | AL20: =IF(AF20 = 0, 0, AF20/AF$14) -> 0.87111111 | AM20: =IF(AG20 = 0, 0, AG20/AG$14) -> 0 | AN20: =IF(OR(CSE4098A_Spring2026_Grade!$I10="W (Withdrawn)", CSE4098A_Spring2026_Grade!$I10="I (Incomplete)"), 0, IF(AH20>=55%, 1, 0)) -> 1 | AO20: =IF(OR(CSE4098A_Spring2026_Grade!$I10="W (Withdrawn)", CSE4098A_Spring2026_Grade!I10="I (Incomplete)"), 0, IF(AI20>=55%, 1, 0)) -> 1 | AP20: =IF(OR(CSE4098A_Spring2026_Grade!$I10="W (Withdrawn)", CSE4098A_Spring2026_Grade!$I10="I (Incomplete)"), 0, IF(AJ20>=55%, 1, 0)) -> 1 | AQ20: =IF(OR(CSE4098A_Spring2026_Grade!$I10="W (Withdrawn)", CSE4098A_Spring2026_Grade!$I10="I (Incomplete)"), 0, IF(AK20>=55%, 1, 0)) -> 1 | AR20: =IF(OR(CSE4098A_Spring2026_Grade!$I10="W (Withdrawn)", CSE4098A_Spring2026_Grade!$I10="I (Incomplete)"), 0, IF(AL20>=55%, 1, 0)) -> 1 | AS20: =IF(OR(CSE4098A_Spring2026_Grade!$I10="W (Withdrawn)", CSE4098A_Spring2026_Grade!$I10="I (Incomplete)"), 0, IF(AM20>=55%, 1, 0)) -> 0 | AU20: =IF($AT$9=0,0,MMULT($AH20:$AM20, AT$3:AT$8)/$AT$9) -> 0 | AV20: =IF($AU$9=0,0,MMULT($AH20:$AM20, AU$3:AU$8)/$AU$9) -> 0.84444444 | AW20: {=IF($AV$9=0,0,MMULT($AH20:$AM20, AV$3:AV$8)/$AV$9)} -> 0 | AX20: {=IF($AW$9=0,0,MMULT($AH20:$AM20, AW$3:AW$8)/$AW$9)} -> 0 | AY20: =IF($AX$9=0,0,MMULT($AH20:$AM20, AX$3:AX$8)/$AX$9) -> 0 | AZ20: {=IF($AY$9=0,0,MMULT($AH20:$AM20, AY$3:AY$8)/$AY$9)} -> 0 | BA20: {=IF($AZ$9=0,0,MMULT($AH20:$AM20, AZ$3:AZ$8)/$AZ$9)} -> 0 | BB20: {=IF($BA$9=0,0,MMULT($AH20:$AM20, BA$3:BA$8)/$BA$9)} -> 0 | BC20: {=IF($BB$9=0,0,MMULT($AH20:$AM20, BB$3:BB$8)/$BB$9)} -> 0.8 | BD20: {=IF($BC$9=0,0,MMULT($AH20:$AM20, BC$3:BC$8)/$BC$9)} -> 0.87111111 | BE20: =IF($BD$9=0,0,MMULT($AH20:$AM20, BD$3:BD$8)/$BD$9) -> 0.88888889 | BF20: =IF($BE$9=0,0,MMULT($AH20:$AM20, BE$3:BE$8)/$BE$9) -> 0.88888889 | BG20: =IF(OR(GradeSheet!$M15="W (Withdrawn)", GradeSheet!$M15="I (Incomplete)"), 0, IF(AU20>=55%, 1, 0)) -> #REF! | BH20: =IF(OR(CSE4098A_Spring2026_Grade!$I10="W (Withdrawn)", CSE4098A_Spring2026_Grade!$I10="I (Incomplete)"), 0, IF(AV20>=55%, 1, 0)) -> 1 | BI20: =IF(OR(GradeSheet!$M15="W (Withdrawn)", GradeSheet!$M15="I (Incomplete)"), 0, IF(AW20>=55%, 1, 0)) -> #REF! | BJ20: =IF(OR(GradeSheet!$M15="W (Withdrawn)", GradeSheet!$M15="I (Incomplete)"), 0, IF(AX20>=55%, 1, 0)) -> #REF! | BK20: =IF(OR(GradeSheet!$M15="W (Withdrawn)", GradeSheet!$M15="I (Incomplete)"), 0, IF(AY20>=55%, 1, 0)) -> #REF! | BL20: =IF(OR(GradeSheet!$M15="W (Withdrawn)", GradeSheet!$M15="I (Incomplete)"), 0, IF(AZ20>=55%, 1, 0)) -> #REF! | BM20: =IF(OR(GradeSheet!$M15="W (Withdrawn)", GradeSheet!$M15="I (Incomplete)"), 0, IF(BA20>=55%, 1, 0)) -> #REF! | BN20: =IF(OR(GradeSheet!$M15="W (Withdrawn)", GradeSheet!$M15="I (Incomplete)"), 0, IF(BB20>=55%, 1, 0)) -> #REF! | BO20: =IF(OR(CSE4098A_Spring2026_Grade!$I10="W (Withdrawn)", CSE4098A_Spring2026_Grade!$I10="I (Incomplete)"), 0, IF(BC20>=55%, 1, 0)) -> 1 | BP20: =IF(OR(CSE4098A_Spring2026_Grade!$I10="W (Withdrawn)", CSE4098A_Spring2026_Grade!$I10="I (Incomplete)"), 0, IF(BD20>=55%, 1, 0)) -> 1 | BQ20: =IF(OR(CSE4098A_Spring2026_Grade!$I10="W (Withdrawn)", CSE4098A_Spring2026_Grade!$I10="I (Incomplete)"), 0, IF(BE20>=55%, 1, 0)) -> 1 | BR20: =IF(OR(CSE4098A_Spring2026_Grade!$I10="W (Withdrawn)", CSE4098A_Spring2026_Grade!$I10="I (Incomplete)"), 0, IF(BF20>=55%, 1, 0)) -> 1
A21: 7 | B21: =CSE4098A_Spring2026_Grade!B11 -> 231014001 | C21: =CSE4098A_Spring2026_Grade!C11 -> Md. Aminul Islam Rupak | D21: ='CO_Report Evaluation'!P9 -> 12.666667 | E21: ='CO_Report Evaluation'!Q9 -> 2.6666667 | F21: ='CO_Report Evaluation'!R9 -> 2.6666667 | M21: 3 | T21: =((CSE4098A_Spring2026_Grade!E11)*10)/45 -> 8.7111111 | AB21: =SUM(V21,D21,J21) -> 12.666667 | AC21: =SUM(Q21, W21,E21,K21) -> 2.6666667 | AD21: =SUM(R21, X21,F21,L21) -> 2.6666667 | AE21: =SUM(S21, Y21,G21,M21) -> 3 | AF21: =SUM(T21,H21,N21) -> 8.7111111 | AG21: =SUM(AA21,I21,O21) -> 0 | AH21: =IF(AB21 = 0, 0, AB21/AB$14) -> 0.84444444 | AI21: =IF(AC21 = 0, 0, AC21/AC$14) -> 0.88888889 | AJ21: =IF(AD21 = 0, 0, AD21/AD$14) -> 0.88888889 | AK21: =IF(AE21 = 0, 0, AE21/AE$14) -> 0.6 | AL21: =IF(AF21 = 0, 0, AF21/AF$14) -> 0.87111111 | AM21: =IF(AG21 = 0, 0, AG21/AG$14) -> 0 | AN21: =IF(OR(CSE4098A_Spring2026_Grade!$I11="W (Withdrawn)", CSE4098A_Spring2026_Grade!$I11="I (Incomplete)"), 0, IF(AH21>=55%, 1, 0)) -> 1 | AO21: =IF(OR(CSE4098A_Spring2026_Grade!$I11="W (Withdrawn)", CSE4098A_Spring2026_Grade!I11="I (Incomplete)"), 0, IF(AI21>=55%, 1, 0)) -> 1 | AP21: =IF(OR(CSE4098A_Spring2026_Grade!$I11="W (Withdrawn)", CSE4098A_Spring2026_Grade!$I11="I (Incomplete)"), 0, IF(AJ21>=55%, 1, 0)) -> 1 | AQ21: =IF(OR(CSE4098A_Spring2026_Grade!$I11="W (Withdrawn)", CSE4098A_Spring2026_Grade!$I11="I (Incomplete)"), 0, IF(AK21>=55%, 1, 0)) -> 1 | AR21: =IF(OR(CSE4098A_Spring2026_Grade!$I11="W (Withdrawn)", CSE4098A_Spring2026_Grade!$I11="I (Incomplete)"), 0, IF(AL21>=55%, 1, 0)) -> 1 | AS21: =IF(OR(CSE4098A_Spring2026_Grade!$I11="W (Withdrawn)", CSE4098A_Spring2026_Grade!$I11="I (Incomplete)"), 0, IF(AM21>=55%, 1, 0)) -> 0 | AU21: =IF($AT$9=0,0,MMULT($AH21:$AM21, AT$3:AT$8)/$AT$9) -> 0 | AV21: =IF($AU$9=0,0,MMULT($AH21:$AM21, AU$3:AU$8)/$AU$9) -> 0.84444444 | AW21: {=IF($AV$9=0,0,MMULT($AH21:$AM21, AV$3:AV$8)/$AV$9)} -> 0 | AX21: {=IF($AW$9=0,0,MMULT($AH21:$AM21, AW$3:AW$8)/$AW$9)} -> 0 | AY21: =IF($AX$9=0,0,MMULT($AH21:$AM21, AX$3:AX$8)/$AX$9) -> 0 | AZ21: {=IF($AY$9=0,0,MMULT($AH21:$AM21, AY$3:AY$8)/$AY$9)} -> 0 | BA21: {=IF($AZ$9=0,0,MMULT($AH21:$AM21, AZ$3:AZ$8)/$AZ$9)} -> 0 | BB21: {=IF($BA$9=0,0,MMULT($AH21:$AM21, BA$3:BA$8)/$BA$9)} -> 0 | BC21: {=IF($BB$9=0,0,MMULT($AH21:$AM21, BB$3:BB$8)/$BB$9)} -> 0.6 | BD21: {=IF($BC$9=0,0,MMULT($AH21:$AM21, BC$3:BC$8)/$BC$9)} -> 0.87111111 | BE21: =IF($BD$9=0,0,MMULT($AH21:$AM21, BD$3:BD$8)/$BD$9) -> 0.88888889 | BF21: =IF($BE$9=0,0,MMULT($AH21:$AM21, BE$3:BE$8)/$BE$9) -> 0.88888889 | BG21: =IF(OR(GradeSheet!$M16="W (Withdrawn)", GradeSheet!$M16="I (Incomplete)"), 0, IF(AU21>=55%, 1, 0)) -> #REF! | BH21: =IF(OR(CSE4098A_Spring2026_Grade!$I11="W (Withdrawn)", CSE4098A_Spring2026_Grade!$I11="I (Incomplete)"), 0, IF(AV21>=55%, 1, 0)) -> 1 | BI21: =IF(OR(GradeSheet!$M16="W (Withdrawn)", GradeSheet!$M16="I (Incomplete)"), 0, IF(AW21>=55%, 1, 0)) -> #REF! | BJ21: =IF(OR(GradeSheet!$M16="W (Withdrawn)", GradeSheet!$M16="I (Incomplete)"), 0, IF(AX21>=55%, 1, 0)) -> #REF! | BK21: =IF(OR(GradeSheet!$M16="W (Withdrawn)", GradeSheet!$M16="I (Incomplete)"), 0, IF(AY21>=55%, 1, 0)) -> #REF! | BL21: =IF(OR(GradeSheet!$M16="W (Withdrawn)", GradeSheet!$M16="I (Incomplete)"), 0, IF(AZ21>=55%, 1, 0)) -> #REF! | BM21: =IF(OR(GradeSheet!$M16="W (Withdrawn)", GradeSheet!$M16="I (Incomplete)"), 0, IF(BA21>=55%, 1, 0)) -> #REF! | BN21: =IF(OR(GradeSheet!$M16="W (Withdrawn)", GradeSheet!$M16="I (Incomplete)"), 0, IF(BB21>=55%, 1, 0)) -> #REF! | BO21: =IF(OR(CSE4098A_Spring2026_Grade!$I11="W (Withdrawn)", CSE4098A_Spring2026_Grade!$I11="I (Incomplete)"), 0, IF(BC21>=55%, 1, 0)) -> 1 | BP21: =IF(OR(CSE4098A_Spring2026_Grade!$I11="W (Withdrawn)", CSE4098A_Spring2026_Grade!$I11="I (Incomplete)"), 0, IF(BD21>=55%, 1, 0)) -> 1 | BQ21: =IF(OR(CSE4098A_Spring2026_Grade!$I11="W (Withdrawn)", CSE4098A_Spring2026_Grade!$I11="I (Incomplete)"), 0, IF(BE21>=55%, 1, 0)) -> 1 | BR21: =IF(OR(CSE4098A_Spring2026_Grade!$I11="W (Withdrawn)", CSE4098A_Spring2026_Grade!$I11="I (Incomplete)"), 0, IF(BF21>=55%, 1, 0)) -> 1
A22: 8 | B22: =CSE4098A_Spring2026_Grade!B12 -> 223014100 | C22: =CSE4098A_Spring2026_Grade!C12 -> Jannatul Tazree | D22: ='CO_Report Evaluation'!P10 -> 12.666667 | E22: ='CO_Report Evaluation'!Q10 -> 2.6666667 | F22: ='CO_Report Evaluation'!R10 -> 2.6666667 | M22: 2 | T22: =((CSE4098A_Spring2026_Grade!E12)*10)/45 -> 9.4822222 | AB22: =SUM(V22,D22,J22) -> 12.666667 | AC22: =SUM(Q22, W22,E22,K22) -> 2.6666667 | AD22: =SUM(R22, X22,F22,L22) -> 2.6666667 | AE22: =SUM(S22, Y22,G22,M22) -> 2 | AF22: =SUM(T22,H22,N22) -> 9.4822222 | AG22: =SUM(AA22,I22,O22) -> 0 | AH22: =IF(AB22 = 0, 0, AB22/AB$14) -> 0.84444444 | AI22: =IF(AC22 = 0, 0, AC22/AC$14) -> 0.88888889 | AJ22: =IF(AD22 = 0, 0, AD22/AD$14) -> 0.88888889 | AK22: =IF(AE22 = 0, 0, AE22/AE$14) -> 0.4 | AL22: =IF(AF22 = 0, 0, AF22/AF$14) -> 0.94822222 | AM22: =IF(AG22 = 0, 0, AG22/AG$14) -> 0 | AN22: =IF(OR(CSE4098A_Spring2026_Grade!$I12="W (Withdrawn)", CSE4098A_Spring2026_Grade!$I12="I (Incomplete)"), 0, IF(AH22>=55%, 1, 0)) -> 1 | AO22: =IF(OR(CSE4098A_Spring2026_Grade!$I12="W (Withdrawn)", CSE4098A_Spring2026_Grade!I12="I (Incomplete)"), 0, IF(AI22>=55%, 1, 0)) -> 1 | AP22: =IF(OR(CSE4098A_Spring2026_Grade!$I12="W (Withdrawn)", CSE4098A_Spring2026_Grade!$I12="I (Incomplete)"), 0, IF(AJ22>=55%, 1, 0)) -> 1 | AQ22: =IF(OR(CSE4098A_Spring2026_Grade!$I12="W (Withdrawn)", CSE4098A_Spring2026_Grade!$I12="I (Incomplete)"), 0, IF(AK22>=55%, 1, 0)) -> 0 | AR22: =IF(OR(CSE4098A_Spring2026_Grade!$I12="W (Withdrawn)", CSE4098A_Spring2026_Grade!$I12="I (Incomplete)"), 0, IF(AL22>=55%, 1, 0)) -> 1 | AS22: =IF(OR(CSE4098A_Spring2026_Grade!$I12="W (Withdrawn)", CSE4098A_Spring2026_Grade!$I12="I (Incomplete)"), 0, IF(AM22>=55%, 1, 0)) -> 0 | AU22: =IF($AT$9=0,0,MMULT($AH22:$AM22, AT$3:AT$8)/$AT$9) -> 0 | AV22: =IF($AU$9=0,0,MMULT($AH22:$AM22, AU$3:AU$8)/$AU$9) -> 0.84444444 | AW22: {=IF($AV$9=0,0,MMULT($AH22:$AM22, AV$3:AV$8)/$AV$9)} -> 0 | AX22: {=IF($AW$9=0,0,MMULT($AH22:$AM22, AW$3:AW$8)/$AW$9)} -> 0 | AY22: =IF($AX$9=0,0,MMULT($AH22:$AM22, AX$3:AX$8)/$AX$9) -> 0 | AZ22: {=IF($AY$9=0,0,MMULT($AH22:$AM22, AY$3:AY$8)/$AY$9)} -> 0 | BA22: {=IF($AZ$9=0,0,MMULT($AH22:$AM22, AZ$3:AZ$8)/$AZ$9)} -> 0 | BB22: {=IF($BA$9=0,0,MMULT($AH22:$AM22, BA$3:BA$8)/$BA$9)} -> 0 | BC22: {=IF($BB$9=0,0,MMULT($AH22:$AM22, BB$3:BB$8)/$BB$9)} -> 0.4 | BD22: {=IF($BC$9=0,0,MMULT($AH22:$AM22, BC$3:BC$8)/$BC$9)} -> 0.94822222 | BE22: =IF($BD$9=0,0,MMULT($AH22:$AM22, BD$3:BD$8)/$BD$9) -> 0.88888889 | BF22: =IF($BE$9=0,0,MMULT($AH22:$AM22, BE$3:BE$8)/$BE$9) -> 0.88888889 | BG22: =IF(OR(GradeSheet!$M17="W (Withdrawn)", GradeSheet!$M17="I (Incomplete)"), 0, IF(AU22>=55%, 1, 0)) -> #REF! | BH22: =IF(OR(CSE4098A_Spring2026_Grade!$I12="W (Withdrawn)", CSE4098A_Spring2026_Grade!$I12="I (Incomplete)"), 0, IF(AV22>=55%, 1, 0)) -> 1 | BI22: =IF(OR(GradeSheet!$M17="W (Withdrawn)", GradeSheet!$M17="I (Incomplete)"), 0, IF(AW22>=55%, 1, 0)) -> #REF! | BJ22: =IF(OR(GradeSheet!$M17="W (Withdrawn)", GradeSheet!$M17="I (Incomplete)"), 0, IF(AX22>=55%, 1, 0)) -> #REF! | BK22: =IF(OR(GradeSheet!$M17="W (Withdrawn)", GradeSheet!$M17="I (Incomplete)"), 0, IF(AY22>=55%, 1, 0)) -> #REF! | BL22: =IF(OR(GradeSheet!$M17="W (Withdrawn)", GradeSheet!$M17="I (Incomplete)"), 0, IF(AZ22>=55%, 1, 0)) -> #REF! | BM22: =IF(OR(GradeSheet!$M17="W (Withdrawn)", GradeSheet!$M17="I (Incomplete)"), 0, IF(BA22>=55%, 1, 0)) -> #REF! | BN22: =IF(OR(GradeSheet!$M17="W (Withdrawn)", GradeSheet!$M17="I (Incomplete)"), 0, IF(BB22>=55%, 1, 0)) -> #REF! | BO22: =IF(OR(CSE4098A_Spring2026_Grade!$I12="W (Withdrawn)", CSE4098A_Spring2026_Grade!$I12="I (Incomplete)"), 0, IF(BC22>=55%, 1, 0)) -> 0 | BP22: =IF(OR(CSE4098A_Spring2026_Grade!$I12="W (Withdrawn)", CSE4098A_Spring2026_Grade!$I12="I (Incomplete)"), 0, IF(BD22>=55%, 1, 0)) -> 1 | BQ22: =IF(OR(CSE4098A_Spring2026_Grade!$I12="W (Withdrawn)", CSE4098A_Spring2026_Grade!$I12="I (Incomplete)"), 0, IF(BE22>=55%, 1, 0)) -> 1 | BR22: =IF(OR(CSE4098A_Spring2026_Grade!$I12="W (Withdrawn)", CSE4098A_Spring2026_Grade!$I12="I (Incomplete)"), 0, IF(BF22>=55%, 1, 0)) -> 1
A23: 9 | B23: =CSE4098A_Spring2026_Grade!B13 -> 232014003 | C23: =CSE4098A_Spring2026_Grade!C13 -> Tasin Bin Mortoza | D23: ='CO_Report Evaluation'!P11 -> 12.666667 | E23: ='CO_Report Evaluation'!Q11 -> 2.6666667 | F23: ='CO_Report Evaluation'!R11 -> 2.6666667 | M23: 2 | T23: =((CSE4098A_Spring2026_Grade!E13)*10)/45 -> 8.9777778 | AB23: =SUM(V23,D23,J23) -> 12.666667 | AC23: =SUM(Q23, W23,E23,K23) -> 2.6666667 | AD23: =SUM(R23, X23,F23,L23) -> 2.6666667 | AE23: =SUM(S23, Y23,G23,M23) -> 2 | AF23: =SUM(T23,H23,N23) -> 8.9777778 | AG23: =SUM(AA23,I23,O23) -> 0 | AH23: =IF(AB23 = 0, 0, AB23/AB$14) -> 0.84444444 | AI23: =IF(AC23 = 0, 0, AC23/AC$14) -> 0.88888889 | AJ23: =IF(AD23 = 0, 0, AD23/AD$14) -> 0.88888889 | AK23: =IF(AE23 = 0, 0, AE23/AE$14) -> 0.4 | AL23: =IF(AF23 = 0, 0, AF23/AF$14) -> 0.89777778 | AM23: =IF(AG23 = 0, 0, AG23/AG$14) -> 0 | AN23: =IF(OR(CSE4098A_Spring2026_Grade!$I13="W (Withdrawn)", CSE4098A_Spring2026_Grade!$I13="I (Incomplete)"), 0, IF(AH23>=55%, 1, 0)) -> 1 | AO23: =IF(OR(CSE4098A_Spring2026_Grade!$I13="W (Withdrawn)", CSE4098A_Spring2026_Grade!I13="I (Incomplete)"), 0, IF(AI23>=55%, 1, 0)) -> 1 | AP23: =IF(OR(CSE4098A_Spring2026_Grade!$I13="W (Withdrawn)", CSE4098A_Spring2026_Grade!$I13="I (Incomplete)"), 0, IF(AJ23>=55%, 1, 0)) -> 1 | AQ23: =IF(OR(CSE4098A_Spring2026_Grade!$I13="W (Withdrawn)", CSE4098A_Spring2026_Grade!$I13="I (Incomplete)"), 0, IF(AK23>=55%, 1, 0)) -> 0 | AR23: =IF(OR(CSE4098A_Spring2026_Grade!$I13="W (Withdrawn)", CSE4098A_Spring2026_Grade!$I13="I (Incomplete)"), 0, IF(AL23>=55%, 1, 0)) -> 1 | AS23: =IF(OR(CSE4098A_Spring2026_Grade!$I13="W (Withdrawn)", CSE4098A_Spring2026_Grade!$I13="I (Incomplete)"), 0, IF(AM23>=55%, 1, 0)) -> 0 | AU23: =IF($AT$9=0,0,MMULT($AH23:$AM23, AT$3:AT$8)/$AT$9) -> 0 | AV23: =IF($AU$9=0,0,MMULT($AH23:$AM23, AU$3:AU$8)/$AU$9) -> 0.84444444 | AW23: {=IF($AV$9=0,0,MMULT($AH23:$AM23, AV$3:AV$8)/$AV$9)} -> 0 | AX23: {=IF($AW$9=0,0,MMULT($AH23:$AM23, AW$3:AW$8)/$AW$9)} -> 0 | AY23: =IF($AX$9=0,0,MMULT($AH23:$AM23, AX$3:AX$8)/$AX$9) -> 0 | AZ23: {=IF($AY$9=0,0,MMULT($AH23:$AM23, AY$3:AY$8)/$AY$9)} -> 0 | BA23: {=IF($AZ$9=0,0,MMULT($AH23:$AM23, AZ$3:AZ$8)/$AZ$9)} -> 0 | BB23: {=IF($BA$9=0,0,MMULT($AH23:$AM23, BA$3:BA$8)/$BA$9)} -> 0 | BC23: {=IF($BB$9=0,0,MMULT($AH23:$AM23, BB$3:BB$8)/$BB$9)} -> 0.4 | BD23: {=IF($BC$9=0,0,MMULT($AH23:$AM23, BC$3:BC$8)/$BC$9)} -> 0.89777778 | BE23: =IF($BD$9=0,0,MMULT($AH23:$AM23, BD$3:BD$8)/$BD$9) -> 0.88888889 | BF23: =IF($BE$9=0,0,MMULT($AH23:$AM23, BE$3:BE$8)/$BE$9) -> 0.88888889 | BG23: =IF(OR(GradeSheet!$M18="W (Withdrawn)", GradeSheet!$M18="I (Incomplete)"), 0, IF(AU23>=55%, 1, 0)) -> #REF! | BH23: =IF(OR(CSE4098A_Spring2026_Grade!$I13="W (Withdrawn)", CSE4098A_Spring2026_Grade!$I13="I (Incomplete)"), 0, IF(AV23>=55%, 1, 0)) -> 1 | BI23: =IF(OR(GradeSheet!$M18="W (Withdrawn)", GradeSheet!$M18="I (Incomplete)"), 0, IF(AW23>=55%, 1, 0)) -> #REF! | BJ23: =IF(OR(GradeSheet!$M18="W (Withdrawn)", GradeSheet!$M18="I (Incomplete)"), 0, IF(AX23>=55%, 1, 0)) -> #REF! | BK23: =IF(OR(GradeSheet!$M18="W (Withdrawn)", GradeSheet!$M18="I (Incomplete)"), 0, IF(AY23>=55%, 1, 0)) -> #REF! | BL23: =IF(OR(GradeSheet!$M18="W (Withdrawn)", GradeSheet!$M18="I (Incomplete)"), 0, IF(AZ23>=55%, 1, 0)) -> #REF! | BM23: =IF(OR(GradeSheet!$M18="W (Withdrawn)", GradeSheet!$M18="I (Incomplete)"), 0, IF(BA23>=55%, 1, 0)) -> #REF! | BN23: =IF(OR(GradeSheet!$M18="W (Withdrawn)", GradeSheet!$M18="I (Incomplete)"), 0, IF(BB23>=55%, 1, 0)) -> #REF! | BO23: =IF(OR(CSE4098A_Spring2026_Grade!$I13="W (Withdrawn)", CSE4098A_Spring2026_Grade!$I13="I (Incomplete)"), 0, IF(BC23>=55%, 1, 0)) -> 0 | BP23: =IF(OR(CSE4098A_Spring2026_Grade!$I13="W (Withdrawn)", CSE4098A_Spring2026_Grade!$I13="I (Incomplete)"), 0, IF(BD23>=55%, 1, 0)) -> 1 | BQ23: =IF(OR(CSE4098A_Spring2026_Grade!$I13="W (Withdrawn)", CSE4098A_Spring2026_Grade!$I13="I (Incomplete)"), 0, IF(BE23>=55%, 1, 0)) -> 1 | BR23: =IF(OR(CSE4098A_Spring2026_Grade!$I13="W (Withdrawn)", CSE4098A_Spring2026_Grade!$I13="I (Incomplete)"), 0, IF(BF23>=55%, 1, 0)) -> 1
A24: 10 | B24: =CSE4098A_Spring2026_Grade!B14 -> 223014084 | C24: =CSE4098A_Spring2026_Grade!C14 -> Mirza Mostafa Abrar | D24: ='CO_Report Evaluation'!P12 -> 12.666667 | E24: ='CO_Report Evaluation'!Q12 -> 2 | F24: ='CO_Report Evaluation'!R12 -> 2.6666667 | M24: 5 | T24: =((CSE4098A_Spring2026_Grade!E14)*10)/45 -> 9.0377778 | AB24: =SUM(V24,D24,J24) -> 12.666667 | AC24: =SUM(Q24, W24,E24,K24) -> 2 | AD24: =SUM(R24, X24,F24,L24) -> 2.6666667 | AE24: =SUM(S24, Y24,G24,M24) -> 5 | AF24: =SUM(T24,H24,N24) -> 9.0377778 | AG24: =SUM(AA24,I24,O24) -> 0 | AH24: =IF(AB24 = 0, 0, AB24/AB$14) -> 0.84444444 | AI24: =IF(AC24 = 0, 0, AC24/AC$14) -> 0.66666667 | AJ24: =IF(AD24 = 0, 0, AD24/AD$14) -> 0.88888889 | AK24: =IF(AE24 = 0, 0, AE24/AE$14) -> 1 | AL24: =IF(AF24 = 0, 0, AF24/AF$14) -> 0.90377778 | AM24: =IF(AG24 = 0, 0, AG24/AG$14) -> 0 | AN24: =IF(OR(CSE4098A_Spring2026_Grade!$I14="W (Withdrawn)", CSE4098A_Spring2026_Grade!$I14="I (Incomplete)"), 0, IF(AH24>=55%, 1, 0)) -> 1 | AO24: =IF(OR(CSE4098A_Spring2026_Grade!$I14="W (Withdrawn)", CSE4098A_Spring2026_Grade!I14="I (Incomplete)"), 0, IF(AI24>=55%, 1, 0)) -> 1 | AP24: =IF(OR(CSE4098A_Spring2026_Grade!$I14="W (Withdrawn)", CSE4098A_Spring2026_Grade!$I14="I (Incomplete)"), 0, IF(AJ24>=55%, 1, 0)) -> 1 | AQ24: =IF(OR(CSE4098A_Spring2026_Grade!$I14="W (Withdrawn)", CSE4098A_Spring2026_Grade!$I14="I (Incomplete)"), 0, IF(AK24>=55%, 1, 0)) -> 1 | AR24: =IF(OR(CSE4098A_Spring2026_Grade!$I14="W (Withdrawn)", CSE4098A_Spring2026_Grade!$I14="I (Incomplete)"), 0, IF(AL24>=55%, 1, 0)) -> 1 | AS24: =IF(OR(CSE4098A_Spring2026_Grade!$I14="W (Withdrawn)", CSE4098A_Spring2026_Grade!$I14="I (Incomplete)"), 0, IF(AM24>=55%, 1, 0)) -> 0 | AU24: =IF($AT$9=0,0,MMULT($AH24:$AM24, AT$3:AT$8)/$AT$9) -> 0 | AV24: =IF($AU$9=0,0,MMULT($AH24:$AM24, AU$3:AU$8)/$AU$9) -> 0.84444444 | AW24: {=IF($AV$9=0,0,MMULT($AH24:$AM24, AV$3:AV$8)/$AV$9)} -> 0 | AX24: {=IF($AW$9=0,0,MMULT($AH24:$AM24, AW$3:AW$8)/$AW$9)} -> 0 | AY24: =IF($AX$9=0,0,MMULT($AH24:$AM24, AX$3:AX$8)/$AX$9) -> 0 | AZ24: {=IF($AY$9=0,0,MMULT($AH24:$AM24, AY$3:AY$8)/$AY$9)} -> 0 | BA24: {=IF($AZ$9=0,0,MMULT($AH24:$AM24, AZ$3:AZ$8)/$AZ$9)} -> 0 | BB24: {=IF($BA$9=0,0,MMULT($AH24:$AM24, BA$3:BA$8)/$BA$9)} -> 0 | BC24: {=IF($BB$9=0,0,MMULT($AH24:$AM24, BB$3:BB$8)/$BB$9)} -> 1 | BD24: {=IF($BC$9=0,0,MMULT($AH24:$AM24, BC$3:BC$8)/$BC$9)} -> 0.90377778 | BE24: =IF($BD$9=0,0,MMULT($AH24:$AM24, BD$3:BD$8)/$BD$9) -> 0.88888889 | BF24: =IF($BE$9=0,0,MMULT($AH24:$AM24, BE$3:BE$8)/$BE$9) -> 0.66666667 | BG24: =IF(OR(GradeSheet!$M19="W (Withdrawn)", GradeSheet!$M19="I (Incomplete)"), 0, IF(AU24>=55%, 1, 0)) -> #REF! | BH24: =IF(OR(CSE4098A_Spring2026_Grade!$I14="W (Withdrawn)", CSE4098A_Spring2026_Grade!$I14="I (Incomplete)"), 0, IF(AV24>=55%, 1, 0)) -> 1 | BI24: =IF(OR(GradeSheet!$M19="W (Withdrawn)", GradeSheet!$M19="I (Incomplete)"), 0, IF(AW24>=55%, 1, 0)) -> #REF! | BJ24: =IF(OR(GradeSheet!$M19="W (Withdrawn)", GradeSheet!$M19="I (Incomplete)"), 0, IF(AX24>=55%, 1, 0)) -> #REF! | BK24: =IF(OR(GradeSheet!$M19="W (Withdrawn)", GradeSheet!$M19="I (Incomplete)"), 0, IF(AY24>=55%, 1, 0)) -> #REF! | BL24: =IF(OR(GradeSheet!$M19="W (Withdrawn)", GradeSheet!$M19="I (Incomplete)"), 0, IF(AZ24>=55%, 1, 0)) -> #REF! | BM24: =IF(OR(GradeSheet!$M19="W (Withdrawn)", GradeSheet!$M19="I (Incomplete)"), 0, IF(BA24>=55%, 1, 0)) -> #REF! | BN24: =IF(OR(GradeSheet!$M19="W (Withdrawn)", GradeSheet!$M19="I (Incomplete)"), 0, IF(BB24>=55%, 1, 0)) -> #REF! | BO24: =IF(OR(CSE4098A_Spring2026_Grade!$I14="W (Withdrawn)", CSE4098A_Spring2026_Grade!$I14="I (Incomplete)"), 0, IF(BC24>=55%, 1, 0)) -> 1 | BP24: =IF(OR(CSE4098A_Spring2026_Grade!$I14="W (Withdrawn)", CSE4098A_Spring2026_Grade!$I14="I (Incomplete)"), 0, IF(BD24>=55%, 1, 0)) -> 1 | BQ24: =IF(OR(CSE4098A_Spring2026_Grade!$I14="W (Withdrawn)", CSE4098A_Spring2026_Grade!$I14="I (Incomplete)"), 0, IF(BE24>=55%, 1, 0)) -> 1 | BR24: =IF(OR(CSE4098A_Spring2026_Grade!$I14="W (Withdrawn)", CSE4098A_Spring2026_Grade!$I14="I (Incomplete)"), 0, IF(BF24>=55%, 1, 0)) -> 1
A25: 11 | B25: =CSE4098A_Spring2026_Grade!B15 -> 223014075 | C25: =CSE4098A_Spring2026_Grade!C15 -> S M Rahnuma Apshara | D25: ='CO_Report Evaluation'!P13 -> 12.666667 | E25: ='CO_Report Evaluation'!Q13 -> 2 | F25: ='CO_Report Evaluation'!R13 -> 2.6666667 | M25: 5 | T25: =((CSE4098A_Spring2026_Grade!E15)*10)/45 -> 9.6288889 | AB25: =SUM(V25,D25,J25) -> 12.666667 | AC25: =SUM(Q25, W25,E25,K25) -> 2 | AD25: =SUM(R25, X25,F25,L25) -> 2.6666667 | AE25: =SUM(S25, Y25,G25,M25) -> 5 | AF25: =SUM(T25,H25,N25) -> 9.6288889 | AG25: =SUM(AA25,I25,O25) -> 0 | AH25: =IF(AB25 = 0, 0, AB25/AB$14) -> 0.84444444 | AI25: =IF(AC25 = 0, 0, AC25/AC$14) -> 0.66666667 | AJ25: =IF(AD25 = 0, 0, AD25/AD$14) -> 0.88888889 | AK25: =IF(AE25 = 0, 0, AE25/AE$14) -> 1 | AL25: =IF(AF25 = 0, 0, AF25/AF$14) -> 0.96288889 | AM25: =IF(AG25 = 0, 0, AG25/AG$14) -> 0 | AN25: =IF(OR(CSE4098A_Spring2026_Grade!$I15="W (Withdrawn)", CSE4098A_Spring2026_Grade!$I15="I (Incomplete)"), 0, IF(AH25>=55%, 1, 0)) -> 1 | AO25: =IF(OR(CSE4098A_Spring2026_Grade!$I15="W (Withdrawn)", CSE4098A_Spring2026_Grade!I15="I (Incomplete)"), 0, IF(AI25>=55%, 1, 0)) -> 1 | AP25: =IF(OR(CSE4098A_Spring2026_Grade!$I15="W (Withdrawn)", CSE4098A_Spring2026_Grade!$I15="I (Incomplete)"), 0, IF(AJ25>=55%, 1, 0)) -> 1 | AQ25: =IF(OR(CSE4098A_Spring2026_Grade!$I15="W (Withdrawn)", CSE4098A_Spring2026_Grade!$I15="I (Incomplete)"), 0, IF(AK25>=55%, 1, 0)) -> 1 | AR25: =IF(OR(CSE4098A_Spring2026_Grade!$I15="W (Withdrawn)", CSE4098A_Spring2026_Grade!$I15="I (Incomplete)"), 0, IF(AL25>=55%, 1, 0)) -> 1 | AS25: =IF(OR(CSE4098A_Spring2026_Grade!$I15="W (Withdrawn)", CSE4098A_Spring2026_Grade!$I15="I (Incomplete)"), 0, IF(AM25>=55%, 1, 0)) -> 0 | AU25: =IF($AT$9=0,0,MMULT($AH25:$AM25, AT$3:AT$8)/$AT$9) -> 0 | AV25: =IF($AU$9=0,0,MMULT($AH25:$AM25, AU$3:AU$8)/$AU$9) -> 0.84444444 | AW25: {=IF($AV$9=0,0,MMULT($AH25:$AM25, AV$3:AV$8)/$AV$9)} -> 0 | AX25: {=IF($AW$9=0,0,MMULT($AH25:$AM25, AW$3:AW$8)/$AW$9)} -> 0 | AY25: =IF($AX$9=0,0,MMULT($AH25:$AM25, AX$3:AX$8)/$AX$9) -> 0 | AZ25: {=IF($AY$9=0,0,MMULT($AH25:$AM25, AY$3:AY$8)/$AY$9)} -> 0 | BA25: {=IF($AZ$9=0,0,MMULT($AH25:$AM25, AZ$3:AZ$8)/$AZ$9)} -> 0 | BB25: {=IF($BA$9=0,0,MMULT($AH25:$AM25, BA$3:BA$8)/$BA$9)} -> 0 | BC25: {=IF($BB$9=0,0,MMULT($AH25:$AM25, BB$3:BB$8)/$BB$9)} -> 1 | BD25: {=IF($BC$9=0,0,MMULT($AH25:$AM25, BC$3:BC$8)/$BC$9)} -> 0.96288889 | BE25: =IF($BD$9=0,0,MMULT($AH25:$AM25, BD$3:BD$8)/$BD$9) -> 0.88888889 | BF25: =IF($BE$9=0,0,MMULT($AH25:$AM25, BE$3:BE$8)/$BE$9) -> 0.66666667 | BG25: =IF(OR(GradeSheet!$M20="W (Withdrawn)", GradeSheet!$M20="I (Incomplete)"), 0, IF(AU25>=55%, 1, 0)) -> #REF! | BH25: =IF(OR(CSE4098A_Spring2026_Grade!$I15="W (Withdrawn)", CSE4098A_Spring2026_Grade!$I15="I (Incomplete)"), 0, IF(AV25>=55%, 1, 0)) -> 1 | BI25: =IF(OR(GradeSheet!$M20="W (Withdrawn)", GradeSheet!$M20="I (Incomplete)"), 0, IF(AW25>=55%, 1, 0)) -> #REF! | BJ25: =IF(OR(GradeSheet!$M20="W (Withdrawn)", GradeSheet!$M20="I (Incomplete)"), 0, IF(AX25>=55%, 1, 0)) -> #REF! | BK25: =IF(OR(GradeSheet!$M20="W (Withdrawn)", GradeSheet!$M20="I (Incomplete)"), 0, IF(AY25>=55%, 1, 0)) -> #REF! | BL25: =IF(OR(GradeSheet!$M20="W (Withdrawn)", GradeSheet!$M20="I (Incomplete)"), 0, IF(AZ25>=55%, 1, 0)) -> #REF! | BM25: =IF(OR(GradeSheet!$M20="W (Withdrawn)", GradeSheet!$M20="I (Incomplete)"), 0, IF(BA25>=55%, 1, 0)) -> #REF! | BN25: =IF(OR(GradeSheet!$M20="W (Withdrawn)", GradeSheet!$M20="I (Incomplete)"), 0, IF(BB25>=55%, 1, 0)) -> #REF! | BO25: =IF(OR(CSE4098A_Spring2026_Grade!$I15="W (Withdrawn)", CSE4098A_Spring2026_Grade!$I15="I (Incomplete)"), 0, IF(BC25>=55%, 1, 0)) -> 1 | BP25: =IF(OR(CSE4098A_Spring2026_Grade!$I15="W (Withdrawn)", CSE4098A_Spring2026_Grade!$I15="I (Incomplete)"), 0, IF(BD25>=55%, 1, 0)) -> 1 | BQ25: =IF(OR(CSE4098A_Spring2026_Grade!$I15="W (Withdrawn)", CSE4098A_Spring2026_Grade!$I15="I (Incomplete)"), 0, IF(BE25>=55%, 1, 0)) -> 1 | BR25: =IF(OR(CSE4098A_Spring2026_Grade!$I15="W (Withdrawn)", CSE4098A_Spring2026_Grade!$I15="I (Incomplete)"), 0, IF(BF25>=55%, 1, 0)) -> 1
A26: 12 | B26: =CSE4098A_Spring2026_Grade!B16 -> 223014108 | C26: =CSE4098A_Spring2026_Grade!C16 -> Israt Islam | D26: ='CO_Report Evaluation'!P14 -> 12.666667 | E26: ='CO_Report Evaluation'!Q14 -> 2 | F26: ='CO_Report Evaluation'!R14 -> 2.6666667 | M26: 3 | T26: =((CSE4098A_Spring2026_Grade!E16)*10)/45 -> 9.4822222 | AB26: =SUM(V26,D26,J26) -> 12.666667 | AC26: =SUM(Q26, W26,E26,K26) -> 2 | AD26: =SUM(R26, X26,F26,L26) -> 2.6666667 | AE26: =SUM(S26, Y26,G26,M26) -> 3 | AF26: =SUM(T26,H26,N26) -> 9.4822222 | AG26: =SUM(AA26,I26,O26) -> 0 | AH26: =IF(AB26 = 0, 0, AB26/AB$14) -> 0.84444444 | AI26: =IF(AC26 = 0, 0, AC26/AC$14) -> 0.66666667 | AJ26: =IF(AD26 = 0, 0, AD26/AD$14) -> 0.88888889 | AK26: =IF(AE26 = 0, 0, AE26/AE$14) -> 0.6 | AL26: =IF(AF26 = 0, 0, AF26/AF$14) -> 0.94822222 | AM26: =IF(AG26 = 0, 0, AG26/AG$14) -> 0 | AN26: =IF(OR(CSE4098A_Spring2026_Grade!$I16="W (Withdrawn)", CSE4098A_Spring2026_Grade!$I16="I (Incomplete)"), 0, IF(AH26>=55%, 1, 0)) -> 1 | AO26: =IF(OR(CSE4098A_Spring2026_Grade!$I16="W (Withdrawn)", CSE4098A_Spring2026_Grade!I16="I (Incomplete)"), 0, IF(AI26>=55%, 1, 0)) -> 1 | AP26: =IF(OR(CSE4098A_Spring2026_Grade!$I16="W (Withdrawn)", CSE4098A_Spring2026_Grade!$I16="I (Incomplete)"), 0, IF(AJ26>=55%, 1, 0)) -> 1 | AQ26: =IF(OR(CSE4098A_Spring2026_Grade!$I16="W (Withdrawn)", CSE4098A_Spring2026_Grade!$I16="I (Incomplete)"), 0, IF(AK26>=55%, 1, 0)) -> 1 | AR26: =IF(OR(CSE4098A_Spring2026_Grade!$I16="W (Withdrawn)", CSE4098A_Spring2026_Grade!$I16="I (Incomplete)"), 0, IF(AL26>=55%, 1, 0)) -> 1 | AS26: =IF(OR(CSE4098A_Spring2026_Grade!$I16="W (Withdrawn)", CSE4098A_Spring2026_Grade!$I16="I (Incomplete)"), 0, IF(AM26>=55%, 1, 0)) -> 0 | AU26: =IF($AT$9=0,0,MMULT($AH26:$AM26, AT$3:AT$8)/$AT$9) -> 0 | AV26: =IF($AU$9=0,0,MMULT($AH26:$AM26, AU$3:AU$8)/$AU$9) -> 0.84444444 | AW26: {=IF($AV$9=0,0,MMULT($AH26:$AM26, AV$3:AV$8)/$AV$9)} -> 0 | AX26: {=IF($AW$9=0,0,MMULT($AH26:$AM26, AW$3:AW$8)/$AW$9)} -> 0 | AY26: =IF($AX$9=0,0,MMULT($AH26:$AM26, AX$3:AX$8)/$AX$9) -> 0 | AZ26: {=IF($AY$9=0,0,MMULT($AH26:$AM26, AY$3:AY$8)/$AY$9)} -> 0 | BA26: {=IF($AZ$9=0,0,MMULT($AH26:$AM26, AZ$3:AZ$8)/$AZ$9)} -> 0 | BB26: {=IF($BA$9=0,0,MMULT($AH26:$AM26, BA$3:BA$8)/$BA$9)} -> 0 | BC26: {=IF($BB$9=0,0,MMULT($AH26:$AM26, BB$3:BB$8)/$BB$9)} -> 0.6 | BD26: {=IF($BC$9=0,0,MMULT($AH26:$AM26, BC$3:BC$8)/$BC$9)} -> 0.94822222 | BE26: =IF($BD$9=0,0,MMULT($AH26:$AM26, BD$3:BD$8)/$BD$9) -> 0.88888889 | BF26: =IF($BE$9=0,0,MMULT($AH26:$AM26, BE$3:BE$8)/$BE$9) -> 0.66666667 | BG26: =IF(OR(GradeSheet!$M21="W (Withdrawn)", GradeSheet!$M21="I (Incomplete)"), 0, IF(AU26>=55%, 1, 0)) -> #REF! | BH26: =IF(OR(CSE4098A_Spring2026_Grade!$I16="W (Withdrawn)", CSE4098A_Spring2026_Grade!$I16="I (Incomplete)"), 0, IF(AV26>=55%, 1, 0)) -> 1 | BI26: =IF(OR(GradeSheet!$M21="W (Withdrawn)", GradeSheet!$M21="I (Incomplete)"), 0, IF(AW26>=55%, 1, 0)) -> #REF! | BJ26: =IF(OR(GradeSheet!$M21="W (Withdrawn)", GradeSheet!$M21="I (Incomplete)"), 0, IF(AX26>=55%, 1, 0)) -> #REF! | BK26: =IF(OR(GradeSheet!$M21="W (Withdrawn)", GradeSheet!$M21="I (Incomplete)"), 0, IF(AY26>=55%, 1, 0)) -> #REF! | BL26: =IF(OR(GradeSheet!$M21="W (Withdrawn)", GradeSheet!$M21="I (Incomplete)"), 0, IF(AZ26>=55%, 1, 0)) -> #REF! | BM26: =IF(OR(GradeSheet!$M21="W (Withdrawn)", GradeSheet!$M21="I (Incomplete)"), 0, IF(BA26>=55%, 1, 0)) -> #REF! | BN26: =IF(OR(GradeSheet!$M21="W (Withdrawn)", GradeSheet!$M21="I (Incomplete)"), 0, IF(BB26>=55%, 1, 0)) -> #REF! | BO26: =IF(OR(CSE4098A_Spring2026_Grade!$I16="W (Withdrawn)", CSE4098A_Spring2026_Grade!$I16="I (Incomplete)"), 0, IF(BC26>=55%, 1, 0)) -> 1 | BP26: =IF(OR(CSE4098A_Spring2026_Grade!$I16="W (Withdrawn)", CSE4098A_Spring2026_Grade!$I16="I (Incomplete)"), 0, IF(BD26>=55%, 1, 0)) -> 1 | BQ26: =IF(OR(CSE4098A_Spring2026_Grade!$I16="W (Withdrawn)", CSE4098A_Spring2026_Grade!$I16="I (Incomplete)"), 0, IF(BE26>=55%, 1, 0)) -> 1 | BR26: =IF(OR(CSE4098A_Spring2026_Grade!$I16="W (Withdrawn)", CSE4098A_Spring2026_Grade!$I16="I (Incomplete)"), 0, IF(BF26>=55%, 1, 0)) -> 1
... A97: 83 | B97: =CSE4098A_Spring2026_Grade!B87 -> 231014028 | C97: =CSE4098A_Spring2026_Grade!C87 -> Maimuna Islam | D97: ='CO_Report Evaluation'!P85 -> 12.666667 | E97: ='CO_Report Evaluation'!Q85 -> 2.6666667 | F97: ='CO_Report Evaluation'!R85 -> 3 | M97: 4 | T97: =((CSE4098A_Spring2026_Grade!E87)*10)/45 -> 8.1977778 | AB97: =SUM(V97,D97,J97) -> 12.666667 | AC97: =SUM(Q97, W97,E97,K97) -> 2.6666667 | AD97: =SUM(R97, X97,F97,L97) -> 3 | AE97: =SUM(S97, Y97,G97,M97) -> 4 | AF97: =SUM(T97,H97,N97) -> 8.1977778 | AG97: =SUM(AA97,I97,O97) -> 0 | AH97: =IF(AB97 = 0, 0, AB97/AB$14) -> 0.84444444 | AI97: =IF(AC97 = 0, 0, AC97/AC$14) -> 0.88888889 | AJ97: =IF(AD97 = 0, 0, AD97/AD$14) -> 1 | AK97: =IF(AE97 = 0, 0, AE97/AE$14) -> 0.8 | AL97: =IF(AF97 = 0, 0, AF97/AF$14) -> 0.81977778 | AM97: =IF(AG97 = 0, 0, AG97/AG$14) -> 0 | AN97: =IF(OR(CSE4098A_Spring2026_Grade!$I87="W (Withdrawn)", CSE4098A_Spring2026_Grade!$I87="I (Incomplete)"), 0, IF(AH97>=55%, 1, 0)) -> 1 | AO97: =IF(OR(CSE4098A_Spring2026_Grade!$I87="W (Withdrawn)", CSE4098A_Spring2026_Grade!I87="I (Incomplete)"), 0, IF(AI97>=55%, 1, 0)) -> 1 | AP97: =IF(OR(CSE4098A_Spring2026_Grade!$I87="W (Withdrawn)", CSE4098A_Spring2026_Grade!$I87="I (Incomplete)"), 0, IF(AJ97>=55%, 1, 0)) -> 1 | AQ97: =IF(OR(CSE4098A_Spring2026_Grade!$I87="W (Withdrawn)", CSE4098A_Spring2026_Grade!$I87="I (Incomplete)"), 0, IF(AK97>=55%, 1, 0)) -> 1 | AR97: =IF(OR(CSE4098A_Spring2026_Grade!$I87="W (Withdrawn)", CSE4098A_Spring2026_Grade!$I87="I (Incomplete)"), 0, IF(AL97>=55%, 1, 0)) -> 1 | AS97: =IF(OR(CSE4098A_Spring2026_Grade!$I87="W (Withdrawn)", CSE4098A_Spring2026_Grade!$I87="I (Incomplete)"), 0, IF(AM97>=55%, 1, 0)) -> 0 | AU97: =IF($AT$9=0,0,MMULT($AH97:$AM97, AT$3:AT$8)/$AT$9) -> 0 | AV97: =IF($AU$9=0,0,MMULT($AH97:$AM97, AU$3:AU$8)/$AU$9) -> 0.84444444 | AW97: {=IF($AV$9=0,0,MMULT($AH97:$AM97, AV$3:AV$8)/$AV$9)} -> 0 | AX97: {=IF($AW$9=0,0,MMULT($AH97:$AM97, AW$3:AW$8)/$AW$9)} -> 0 | AY97: =IF($AX$9=0,0,MMULT($AH97:$AM97, AX$3:AX$8)/$AX$9) -> 0 | AZ97: {=IF($AY$9=0,0,MMULT($AH97:$AM97, AY$3:AY$8)/$AY$9)} -> 0 | BA97: {=IF($AZ$9=0,0,MMULT($AH97:$AM97, AZ$3:AZ$8)/$AZ$9)} -> 0 | BB97: {=IF($BA$9=0,0,MMULT($AH97:$AM97, BA$3:BA$8)/$BA$9)} -> 0 | BC97: {=IF($BB$9=0,0,MMULT($AH97:$AM97, BB$3:BB$8)/$BB$9)} -> 0.8 | BD97: {=IF($BC$9=0,0,MMULT($AH97:$AM97, BC$3:BC$8)/$BC$9)} -> 0.81977778 | BE97: =IF($BD$9=0,0,MMULT($AH97:$AM97, BD$3:BD$8)/$BD$9) -> 1 | BF97: =IF($BE$9=0,0,MMULT($AH97:$AM97, BE$3:BE$8)/$BE$9) -> 0.88888889 | BG97: =IF(OR(GradeSheet!$M92="W (Withdrawn)", GradeSheet!$M92="I (Incomplete)"), 0, IF(AU97>=55%, 1, 0)) -> #REF! | BH97: =IF(OR(CSE4098A_Spring2026_Grade!$I87="W (Withdrawn)", CSE4098A_Spring2026_Grade!$I87="I (Incomplete)"), 0, IF(AV97>=55%, 1, 0)) -> 1 | BI97: =IF(OR(GradeSheet!$M92="W (Withdrawn)", GradeSheet!$M92="I (Incomplete)"), 0, IF(AW97>=55%, 1, 0)) -> #REF! | BJ97: =IF(OR(GradeSheet!$M92="W (Withdrawn)", GradeSheet!$M92="I (Incomplete)"), 0, IF(AX97>=55%, 1, 0)) -> #REF! | BK97: =IF(OR(GradeSheet!$M92="W (Withdrawn)", GradeSheet!$M92="I (Incomplete)"), 0, IF(AY97>=55%, 1, 0)) -> #REF! | BL97: =IF(OR(GradeSheet!$M92="W (Withdrawn)", GradeSheet!$M92="I (Incomplete)"), 0, IF(AZ97>=55%, 1, 0)) -> #REF! | BM97: =IF(OR(GradeSheet!$M92="W (Withdrawn)", GradeSheet!$M92="I (Incomplete)"), 0, IF(BA97>=55%, 1, 0)) -> #REF! | BN97: =IF(OR(GradeSheet!$M92="W (Withdrawn)", GradeSheet!$M92="I (Incomplete)"), 0, IF(BB97>=55%, 1, 0)) -> #REF! | BO97: =IF(OR(CSE4098A_Spring2026_Grade!$I87="W (Withdrawn)", CSE4098A_Spring2026_Grade!$I87="I (Incomplete)"), 0, IF(BC97>=55%, 1, 0)) -> 1 | BP97: =IF(OR(CSE4098A_Spring2026_Grade!$I87="W (Withdrawn)", CSE4098A_Spring2026_Grade!$I87="I (Incomplete)"), 0, IF(BD97>=55%, 1, 0)) -> 1 | BQ97: =IF(OR(CSE4098A_Spring2026_Grade!$I87="W (Withdrawn)", CSE4098A_Spring2026_Grade!$I87="I (Incomplete)"), 0, IF(BE97>=55%, 1, 0)) -> 1 | BR97: =IF(OR(CSE4098A_Spring2026_Grade!$I87="W (Withdrawn)", CSE4098A_Spring2026_Grade!$I87="I (Incomplete)"), 0, IF(BF97>=55%, 1, 0)) -> 1
A98: =COUNTA(A15:A97) -> 83 | B98: Class Average | D98: =AVERAGE(D15:D97) -> 10.297189 | E98: =AVERAGE(E15:E97) -> 2.1526104 | F98: =AVERAGE(F15:F97) -> 2.124498 | G98: =AVERAGE(G15:G97) -> #DIV/0! | H98: =AVERAGE(H15:H97) -> #DIV/0! | I98: =AVERAGE(I15:I97) -> #DIV/0! | J98: =AVERAGE(J15:J97) -> #DIV/0! | K98: =AVERAGE(K15:K97) -> #DIV/0! | ... AG98: =AVERAGE(AG15:AG97) -> 0 | AH98: =(SUMIFS(AH15:AH97,CSE4098A_Spring2026_Grade!I5:CSE4098A_Spring2026_Grade!I87,"<>W (Withdrawn)",CSE4098A_Spring2026_Grade!I5:CSE4098A_Spring2026_Grade!I87,"<>I (Incomplete)"))/($A$98-0-0) -> 0.68647925 | AI98: =(SUMIFS(AI15:AI97, CSE4098A_Spring2026_Grade!I5:CSE4098A_Spring2026_Grade!I87,"<>W (Withdrawn)", CSE4098A_Spring2026_Grade!I5:CSE4098A_Spring2026_Grade!I87,"<>I (Incomplete)")) /($A$98-0-0) -> 0.71753681 | AJ98: =(SUMIFS(AJ15:AJ97, CSE4098A_Spring2026_Grade!I5:CSE4098A_Spring2026_Grade!I87,"<>W (Withdrawn)", CSE4098A_Spring2026_Grade!I5:CSE4098A_Spring2026_Grade!I87,"<>I (Incomplete)")) /($A$98-0-0) -> 0.708166 | AK98: =(SUMIFS(AK15:AK97, CSE4098A_Spring2026_Grade!I5:CSE4098A_Spring2026_Grade!I87,"<>W (Withdrawn)", CSE4098A_Spring2026_Grade!I5:CSE4098A_Spring2026_Grade!I87,"<>I (Incomplete)")) /($A$98-0-0) -> 0.80722892 | AL98: =(SUMIFS(AL15:AL97, CSE4098A_Spring2026_Grade!I5:CSE4098A_Spring2026_Grade!I87,"<>W (Withdrawn)", CSE4098A_Spring2026_Grade!I5:CSE4098A_Spring2026_Grade!I87,"<>I (Incomplete)")) /($A$98-0-0) -> 0.7577751 | AM98: =(SUMIFS(AM15:AM97, CSE4098A_Spring2026_Grade!I5:CSE4098A_Spring2026_Grade!I87,"<>W (Withdrawn)", CSE4098A_Spring2026_Grade!I5:CSE4098A_Spring2026_Grade!I87,"<>I (Incomplete)")) /($A$98-0-0) -> 0 | AN98: =SUM(AN15:AN97) -> 67 | AO98: =SUM(AO15:AO97) -> 67 | AP98: =SUM(AP15:AP97) -> 67 | AQ98: =SUM(AQ15:AQ97) -> 75 | AR98: =SUM(AR15:AR97) -> 80 | AS98: =SUM(AS15:AS97) -> 0 | AU98: =(SUMIFS(AU15:AU55,GradeSheet!M10:GradeSheet!#REF!,"<>W (Withdrawn)",GradeSheet!M10:GradeSheet!#REF!,"<>I (Incomplete)"))/($A$56-GradeSheet!$H$64-GradeSheet!$H$65) -> #ERROR! | AV98: =(SUMIFS(AH$15:AH$97, CSE4098A_Spring2026_Grade!$I$5:$I$87,"<>W (Withdrawn)", CSE4098A_Spring2026_Grade!$I$5:$I$87,"<>I (Incomplete)")) /($A$98-0-0) -> 0.68647925 | AW98: =(SUMIFS(AW15:AW55,GradeSheet!O10:GradeSheet!#REF!,"<>W (Withdrawn)",GradeSheet!O10:GradeSheet!#REF!,"<>I (Incomplete)"))/($A$56-GradeSheet!$H$64-GradeSheet!$H$65) -> #ERROR! | AX98: =(SUMIFS(AX15:AX55,GradeSheet!P10:GradeSheet!#REF!,"<>W (Withdrawn)",GradeSheet!P10:GradeSheet!#REF!,"<>I (Incomplete)"))/($A$56-GradeSheet!$H$64-GradeSheet!$H$65) -> #ERROR! | AY98: =(SUMIFS(AY15:AY55,GradeSheet!Q10:GradeSheet!#REF!,"<>W (Withdrawn)",GradeSheet!Q10:GradeSheet!#REF!,"<>I (Incomplete)"))/($A$56-GradeSheet!$H$64-GradeSheet!$H$65) -> #ERROR! | AZ98: =(SUMIFS(AZ15:AZ55,GradeSheet!R10:GradeSheet!#REF!,"<>W (Withdrawn)",GradeSheet!R10:GradeSheet!#REF!,"<>I (Incomplete)"))/($A$56-GradeSheet!$H$64-GradeSheet!$H$65) -> #ERROR! | BA98: =(SUMIFS(BA15:BA55,GradeSheet!S10:GradeSheet!#REF!,"<>W (Withdrawn)",GradeSheet!S10:GradeSheet!#REF!,"<>I (Incomplete)"))/($A$56-GradeSheet!$H$64-GradeSheet!$H$65) -> #ERROR! | BB98: =(SUMIFS(BB15:BB55,GradeSheet!T10:GradeSheet!#REF!,"<>W (Withdrawn)",GradeSheet!T10:GradeSheet!#REF!,"<>I (Incomplete)"))/($A$56-GradeSheet!$H$64-GradeSheet!$H$65) -> #ERROR! | BC98: =(SUMIFS(BC$15:BC$97, CSE4098A_Spring2026_Grade!$I$5:$I$87,"<>W (Withdrawn)", CSE4098A_Spring2026_Grade!$I$5:$I$87,"<>I (Incomplete)")) /($A$98-0-0) -> 0.80722892 | BD98: =(SUMIFS(BD$15:BD$97, CSE4098A_Spring2026_Grade!$I$5:$I$87,"<>W (Withdrawn)", CSE4098A_Spring2026_Grade!$I$5:$I$87,"<>I (Incomplete)")) /($A$98-0-0) -> 0.7577751 | BE98: =(SUMIFS(BE$15:BE$97, CSE4098A_Spring2026_Grade!$I$5:$I$87,"<>W (Withdrawn)", CSE4098A_Spring2026_Grade!$I$5:$I$87,"<>I (Incomplete)")) /($A$98-0-0) -> 0.708166 | BF98: =(SUMIFS(BF$15:BF$97, CSE4098A_Spring2026_Grade!$I$5:$I$87,"<>W (Withdrawn)", CSE4098A_Spring2026_Grade!$I$5:$I$87,"<>I (Incomplete)")) /($A$98-0-0) -> 0.71753681 | BG98: =SUM(BG15:BG97) -> #REF! | BH98: =SUM(BH15:BH97) -> 67 | BI98: =SUM(BI15:BI97) -> #REF! | BJ98: =SUM(BJ15:BJ97) -> #REF! | BK98: =SUM(BK15:BK97) -> #REF! | BL98: =SUM(BL15:BL97) -> #REF! | BM98: =SUM(BM15:BM97) -> #REF! | BN98: =SUM(BN15:BN97) -> #REF! | ... BR98: =SUM(BR15:BR97) -> 67

Sheet ContinuousQualityImprovement
A1: Continuous Quality Improvement (CQI) Form
A2: Course Code | B2: CSE 4098A | C2: Section | D2: 1
A3: Course Title | B3: Capstone Project | C3: Semester | D3: Spring 2026
A4: Credit | B4: 1 | C4: Number of Students | D4: =CSE4098A_Spring2026_Grade!$H$103 -> 83
A6: Course Outcomes (CO) | C6: Criteria for Achievement | D6: CO Attainment
A7: CO1 | C7: 60% of the students to achieve 55% of the allocated mark | D7: ='CO_PO_Attainment_Analysis '!AN98/(CSE4098A_Spring2026_Grade!$H$103-0-0) -> 0.80722892
A8: CO2 | D8: ='CO_PO_Attainment_Analysis '!AO98/(CSE4098A_Spring2026_Grade!$H$103-0-0) -> 0.80722892
A9: CO3 | D9: ='CO_PO_Attainment_Analysis '!AP98/(CSE4098A_Spring2026_Grade!$H$103-0-0) -> 0.80722892
A10: CO4 | D10: ='CO_PO_Attainment_Analysis '!AQ98/(CSE4098A_Spring2026_Grade!$H$103-0-0) -> 0.90361446
A11: CO5 | D11: ='CO_PO_Attainment_Analysis '!AR98/(CSE4098A_Spring2026_Grade!$H$103-0-0) -> 0.96385542
A14: Plan for Course Improvement: (Based on inputs from Course Outcome Analysis above, results and other sources)*
A15: Should be given more practices
D26: * attach additional sheet, if required
A33: Signature of the Instructor:
A34: Name of the Instructor:
A35: Date:

Sheet CO_Report Evaluation
D1: Evaluator 1 | H1: Evaluator 2 | L1: Supervisor | P1: Final
A2: S/N | B2: Student ID | C2: Student Name | D2: CO1 | E2: CO2 | F2: CO3 | H2: CO1 | I2: CO2 | J2: CO3 | L2: CO1 | M2: CO2 | N2: CO3 | P2: CO1 | Q2: CO2 | R2: CO3
A3: 1 | B3: =CSE4098A_Spring2026_Grade!B5 -> 231014004 | C3: =CSE4098A_Spring2026_Grade!C5 -> Bushra Nusyba Chowdhury | D3: 12 | E3: 2 | F3: 2 | H3: 13 | I3: 3 | J3: 2 | L3: 13 | M3: 3 | N3: 3 | P3: =(D3+H3+L3)/3 -> 12.666667 | Q3: =(E3+I3+M3)/3 -> 2.6666667 | R3: =(F3+J3+N3)/3 -> 2.3333333
A4: 2 | B4: =CSE4098A_Spring2026_Grade!B6 -> 231014146 | C4: =CSE4098A_Spring2026_Grade!C6 -> Tasneem Ahmed | D4: 12 | E4: 2 | F4: 2 | H4: 13 | I4: 3 | J4: 2 | L4: 13 | M4: 3 | N4: 3 | P4: =(D4+H4+L4)/3 -> 12.666667 | Q4: =(E4+I4+M4)/3 -> 2.6666667 | R4: =(F4+J4+N4)/3 -> 2.3333333
A5: 3 | B5: =CSE4098A_Spring2026_Grade!B7 -> 231014006 | C5: =CSE4098A_Spring2026_Grade!C7 -> Ibnul Haque Chowdhury | D5: 12 | E5: 2 | F5: 2 | H5: 13 | I5: 3 | J5: 2 | L5: 13 | M5: 3 | N5: 3 | P5: =(D5+H5+L5)/3 -> 12.666667 | Q5: =(E5+I5+M5)/3 -> 2.6666667 | R5: =(F5+J5+N5)/3 -> 2.3333333
A6: 4 | B6: =CSE4098A_Spring2026_Grade!B8 -> 231014022 | C6: =CSE4098A_Spring2026_Grade!C8 -> Rafsan Islam | D6: 12 | E6: 2 | F6: 2 | H6: 13 | I6: 3 | J6: 2 | L6: 13 | M6: 3 | N6: 3 | P6: =(D6+H6+L6)/3 -> 12.666667 | Q6: =(E6+I6+M6)/3 -> 2.6666667 | R6: =(F6+J6+N6)/3 -> 2.3333333
A7: 5 | B7: =CSE4098A_Spring2026_Grade!B9 -> 231014042 | C7: =CSE4098A_Spring2026_Grade!C9 -> Abir Akbar | D7: 12 | E7: 2 | F7: 2 | H7: 13 | I7: 3 | J7: 2 | L7: 13 | M7: 3 | N7: 3 | P7: =(D7+H7+L7)/3 -> 12.666667 | Q7: =(E7+I7+M7)/3 -> 2.6666667 | R7: =(F7+J7+N7)/3 -> 2.3333333
A8: 6 | B8: =CSE4098A_Spring2026_Grade!B10 -> 232014128 | C8: =CSE4098A_Spring2026_Grade!C10 -> Tonmoy Talukder | D8: 12 | E8: 3 | F8: 2 | H8: 12 | I8: 3 | J8: 3 | L8: 14 | M8: 2 | N8: 3 | P8: =(D8+H8+L8)/3 -> 12.666667 | Q8: =(E8+I8+M8)/3 -> 2.6666667 | R8: =(F8+J8+N8)/3 -> 2.6666667
A9: 7 | B9: =CSE4098A_Spring2026_Grade!B11 -> 231014001 | C9: =CSE4098A_Spring2026_Grade!C11 -> Md. Aminul Islam Rupak | D9: 12 | E9: 3 | F9: 2 | H9: 12 | I9: 3 | J9: 3 | L9: 14 | M9: 2 | N9: 3 | P9: =(D9+H9+L9)/3 -> 12.666667 | Q9: =(E9+I9+M9)/3 -> 2.6666667 | R9: =(F9+J9+N9)/3 -> 2.6666667
A10: 8 | B10: =CSE4098A_Spring2026_Grade!B12 -> 223014100 | C10: =CSE4098A_Spring2026_Grade!C12 -> Jannatul Tazree | D10: 12 | E10: 3 | F10: 2 | H10: 12 | I10: 3 | J10: 3 | L10: 14 | M10: 2 | N10: 3 | P10: =(D10+H10+L10)/3 -> 12.666667 | Q10: =(E10+I10+M10)/3 -> 2.6666667 | R10: =(F10+J10+N10)/3 -> 2.6666667
A11: 9 | B11: =CSE4098A_Spring2026_Grade!B13 -> 232014003 | C11: =CSE4098A_Spring2026_Grade!C13 -> Tasin Bin Mortoza | D11: 12 | E11: 3 | F11: 2 | H11: 12 | I11: 3 | J11: 3 | L11: 14 | M11: 2 | N11: 3 | P11: =(D11+H11+L11)/3 -> 12.666667 | Q11: =(E11+I11+M11)/3 -> 2.6666667 | R11: =(F11+J11+N11)/3 -> 2.6666667
A12: 10 | B12: =CSE4098A_Spring2026_Grade!B14 -> 223014084 | C12: =CSE4098A_Spring2026_Grade!C14 -> Mirza Mostafa Abrar | D12: 14 | E12: 3 | F12: 2 | H12: 12 | I12: 1 | J12: 3 | L12: 12 | M12: 2 | N12: 3 | P12: =(D12+H12+L12)/3 -> 12.666667 | Q12: =(E12+I12+M12)/3 -> 2 | R12: =(F12+J12+N12)/3 -> 2.6666667
A13: 11 | B13: =CSE4098A_Spring2026_Grade!B15 -> 223014075 | C13: =CSE4098A_Spring2026_Grade!C15 -> S M Rahnuma Apshara | D13: 14 | E13: 3 | F13: 2 | H13: 12 | I13: 1 | J13: 3 | L13: 12 | M13: 2 | N13: 3 | P13: =(D13+H13+L13)/3 -> 12.666667 | Q13: =(E13+I13+M13)/3 -> 2 | R13: =(F13+J13+N13)/3 -> 2.6666667
A14: 12 | B14: =CSE4098A_Spring2026_Grade!B16 -> 223014108 | C14: =CSE4098A_Spring2026_Grade!C16 -> Israt Islam | D14: 14 | E14: 3 | F14: 2 | H14: 12 | I14: 1 | J14: 3 | L14: 12 | M14: 2 | N14: 3 | P14: =(D14+H14+L14)/3 -> 12.666667 | Q14: =(E14+I14+M14)/3 -> 2 | R14: =(F14+J14+N14)/3 -> 2.6666667
... A44: 42 | B44: =CSE4098A_Spring2026_Grade!B46 -> 213014058 | C44: =CSE4098A_Spring2026_Grade!C46 -> Samina Akter | D44: 5 | E44: 1 | F44: 1 | H44: 9 | I44: 2 | J44: 2 | L44: 13 | M44: 3 | N44: 3 | P44: =(D44+H44+L44)/3 -> 9 | Q44: =(E44+I44+M44)/3 -> 2 | R44: =(F44+J44+N44)/3 -> 2
A45: 43 | B45: =CSE4098A_Spring2026_Grade!B47 -> 232014048 | C45: =CSE4098A_Spring2026_Grade!C47 -> Md. Shayan Alam | D45: 15 | E45: 3 | F45: 2 | H45: 13 | I45: 3 | J45: 3 | P45: =(D45+H45+L45)/3 -> 9.3333333 | Q45: =(E45+I45+M45)/3 -> 2 | R45: =(F45+J45+N45)/3 -> 1.6666667
A46: 44 | B46: =CSE4098A_Spring2026_Grade!B48 -> 223014077 | C46: =CSE4098A_Spring2026_Grade!C48 -> Mir Hussain Murtaza | D46: 15 | E46: 3 | F46: 2 | H46: 13 | I46: 3 | J46: 3 | P46: =(D46+H46+L46)/3 -> 9.3333333 | Q46: =(E46+I46+M46)/3 -> 2 | R46: =(F46+J46+N46)/3 -> 1.6666667
A47: 45 | B47: =CSE4098A_Spring2026_Grade!B49 -> 232014033 | C47: =CSE4098A_Spring2026_Grade!C49 -> Morium Rahman | D47: 15 | E47: 3 | F47: 2 | H47: 13 | I47: 3 | J47: 3 | P47: =(D47+H47+L47)/3 -> 9.3333333 | Q47: =(E47+I47+M47)/3 -> 2 | R47: =(F47+J47+N47)/3 -> 1.6666667
A48: 46 | B48: =CSE4098A_Spring2026_Grade!B50 -> 232014102 | C48: =CSE4098A_Spring2026_Grade!C50 -> Sabikun Nahar Zaria | D48: 15 | E48: 3 | F48: 2 | H48: 13 | I48: 3 | J48: 3 | P48: =(D48+H48+L48)/3 -> 9.3333333 | Q48: =(E48+I48+M48)/3 -> 2 | R48: =(F48+J48+N48)/3 -> 1.6666667
A49: 47 | B49: =CSE4098A_Spring2026_Grade!B51 -> 232014040 | C49: =CSE4098A_Spring2026_Grade!C51 -> Sima Akter Tithe | H49: 12 | I49: 2 | J49: 3 | P49: =(D49+H49+L49)/3 -> 4 | Q49: =(E49+I49+M49)/3 -> 0.66666667 | R49: =(F49+J49+N49)/3 -> 1
A50: 48 | B50: =CSE4098A_Spring2026_Grade!B52 -> 232014027 | C50: =CSE4098A_Spring2026_Grade!C52 -> Muskan Gouri | H50: 12 | I50: 2 | J50: 3 | P50: =(D50+H50+L50)/3 -> 4 | Q50: =(E50+I50+M50)/3 -> 0.66666667 | R50: =(F50+J50+N50)/3 -> 1
A51: 49 | B51: =CSE4098A_Spring2026_Grade!B53 -> 213014024 | C51: =CSE4098A_Spring2026_Grade!C53 -> Minhaz Hossen | H51: 12 | I51: 2 | J51: 3 | P51: =(D51+H51+L51)/3 -> 4 | Q51: =(E51+I51+M51)/3 -> 0.66666667 | R51: =(F51+J51+N51)/3 -> 1
A52: 50 | B52: =CSE4098A_Spring2026_Grade!B54 -> 221014137 | C52: =CSE4098A_Spring2026_Grade!C54 -> Prisom Halder | H52: 12 | I52: 2 | J52: 3 | P52: =(D52+H52+L52)/3 -> 4 | Q52: =(E52+I52+M52)/3 -> 0.66666667 | R52: =(F52+J52+N52)/3 -> 1
A53: 51 | B53: =CSE4098A_Spring2026_Grade!B55 -> 223014125 | C53: =CSE4098A_Spring2026_Grade!C55 -> Fatima Wohabee | D53: 8 | E53: 2 | F53: 2 | H53: 10 | I53: 2 | J53: 2 | P53: =(D53+H53+L53)/3 -> 6 | Q53: =(E53+I53+M53)/3 -> 1.3333333 | R53: =(F53+J53+N53)/3 -> 1.3333333
A54: 52 | B54: =CSE4098A_Spring2026_Grade!B56 -> 231014008 | C54: =CSE4098A_Spring2026_Grade!C56 -> Tasnim Taher | D54: 8 | E54: 2 | F54: 2 | H54: 10 | I54: 2 | J54: 2 | P54: =(D54+H54+L54)/3 -> 6 | Q54: =(E54+I54+M54)/3 -> 1.3333333 | R54: =(F54+J54+N54)/3 -> 1.3333333
A55: 53 | B55: =CSE4098A_Spring2026_Grade!B57 -> 223014064 | C55: =CSE4098A_Spring2026_Grade!C57 -> Israt Zahan Ifa | D55: 8 | E55: 2 | F55: 2 | H55: 10 | I55: 2 | J55: 2 | P55: =(D55+H55+L55)/3 -> 6 | Q55: =(E55+I55+M55)/3 -> 1.3333333 | R55: =(F55+J55+N55)/3 -> 1.3333333
A56: 54 | B56: =CSE4098A_Spring2026_Grade!B58 -> 231014123 | C56: =CSE4098A_Spring2026_Grade!C58 -> Rakib Rahman | D56: 8 | E56: 2 | F56: 2 | H56: 10 | I56: 2 | J56: 2 | P56: =(D56+H56+L56)/3 -> 6 | Q56: =(E56+I56+M56)/3 -> 1.3333333 | R56: =(F56+J56+N56)/3 -> 1.3333333
A57: 55 | B57: =CSE4098A_Spring2026_Grade!B59 -> 223014141 | C57: =CSE4098A_Spring2026_Grade!C59 -> Yasin Khandakar | H57: 10 | I57: 2 | J57: 2 | L57: 7 | M57: 1 | N57: 1 | P57: =(D57+H57+L57)/3 -> 5.6666667 | Q57: =(E57+I57+M57)/3 -> 1 | R57: =(F57+J57+N57)/3 -> 1
A58: 56 | B58: =CSE4098A_Spring2026_Grade!B60 -> 223014002 | C58: =CSE4098A_Spring2026_Grade!C60 -> Sanjida Siddique | H58: 10 | I58: 2 | J58: 2 | L58: 7 | M58: 1 | N58: 1 | P58: =(D58+H58+L58)/3 -> 5.6666667 | Q58: =(E58+I58+M58)/3 -> 1 | R58: =(F58+J58+N58)/3 -> 1
A59: 57 | B59: =CSE4098A_Spring2026_Grade!B61 -> 221014059 | C59: =CSE4098A_Spring2026_Grade!C61 -> Shakila Rahman Sudha | H59: 10 | I59: 2 | J59: 2 | L59: 7 | M59: 1 | N59: 1 | P59: =(D59+H59+L59)/3 -> 5.6666667 | Q59: =(E59+I59+M59)/3 -> 1 | R59: =(F59+J59+N59)/3 -> 1
A60: 58 | B60: =CSE4098A_Spring2026_Grade!B62 -> 222014061 | C60: =CSE4098A_Spring2026_Grade!C62 -> Rafsan Jani Siam | H60: 10 | I60: 2 | J60: 2 | L60: 7 | M60: 1 | N60: 1 | P60: =(D60+H60+L60)/3 -> 5.6666667 | Q60: =(E60+I60+M60)/3 -> 1 | R60: =(F60+J60+N60)/3 -> 1
A61: 59 | B61: =CSE4098A_Spring2026_Grade!B63 -> 222014014 | C61: =CSE4098A_Spring2026_Grade!C63 -> Bahadur Zamn Shezan | D61: 10 | E61: 2 | F61: 2 | H61: 10 | I61: 1 | J61: 1 | L61: 14 | M61: 3 | N61: 3 | P61: =(D61+H61+L61)/3 -> 11.333333 | Q61: =(E61+I61+M61)/3 -> 2 | R61: =(F61+J61+N61)/3 -> 2
A62: 60 | B62: =CSE4098A_Spring2026_Grade!B64 -> 222014004 | C62: =CSE4098A_Spring2026_Grade!C64 -> Ratul Hasan Polok | D62: 10 | E62: 2 | F62: 2 | H62: 10 | I62: 1 | J62: 1 | L62: 14 | M62: 3 | N62: 3 | P62: =(D62+H62+L62)/3 -> 11.333333 | Q62: =(E62+I62+M62)/3 -> 2 | R62: =(F62+J62+N62)/3 -> 2
A63: 61 | B63: =CSE4098A_Spring2026_Grade!B65 -> 232014059 | C63: =CSE4098A_Spring2026_Grade!C65 -> Tasfia Hasan Tushin | D63: 10 | E63: 2 | F63: 2 | H63: 10 | I63: 1 | J63: 1 | L63: 14 | M63: 3 | N63: 3 | P63: =(D63+H63+L63)/3 -> 11.333333 | Q63: =(E63+I63+M63)/3 -> 2 | R63: =(F63+J63+N63)/3 -> 2
A64: 62 | B64: =CSE4098A_Spring2026_Grade!B66 -> 232014130 | C64: =CSE4098A_Spring2026_Grade!C66 -> Thamina Hossen | D64: 10 | E64: 2 | F64: 2 | H64: 10 | I64: 1 | J64: 1 | L64: 14 | M64: 3 | N64: 3 | P64: =(D64+H64+L64)/3 -> 11.333333 | Q64: =(E64+I64+M64)/3 -> 2 | R64: =(F64+J64+N64)/3 -> 2
A65: 63 | B65: =CSE4098A_Spring2026_Grade!B67 -> 231014084 | C65: =CSE4098A_Spring2026_Grade!C67 -> Tanzila Tasnim Rahman | D65: 10 | E65: 3 | F65: 3 | H65: 9 | I65: 3 | J65: 3 | L65: 10 | M65: 2 | N65: 2 | P65: =(D65+H65+L65)/3 -> 9.6666667 | Q65: =(E65+I65+M65)/3 -> 2.6666667 | R65: =(F65+J65+N65)/3 -> 2.6666667
A66: 64 | B66: =CSE4098A_Spring2026_Grade!B68 -> 231014029 | C66: =CSE4098A_Spring2026_Grade!C68 -> Sadia Sharmin | D66: 10 | E66: 3 | F66: 3 | H66: 9 | I66: 3 | J66: 3 | L66: 10 | M66: 2 | N66: 2 | P66: =(D66+H66+L66)/3 -> 9.6666667 | Q66: =(E66+I66+M66)/3 -> 2.6666667 | R66: =(F66+J66+N66)/3 -> 2.6666667
A67: 65 | B67: =CSE4098A_Spring2026_Grade!B69 -> 231014083 | C67: =CSE4098A_Spring2026_Grade!C69 -> Jannatun Farjana | D67: 10 | E67: 3 | F67: 3 | H67: 9 | I67: 3 | J67: 3 | L67: 10 | M67: 2 | N67: 2 | P67: =(D67+H67+L67)/3 -> 9.6666667 | Q67: =(E67+I67+M67)/3 -> 2.6666667 | R67: =(F67+J67+N67)/3 -> 2.6666667
A68: 66 | B68: =CSE4098A_Spring2026_Grade!B70 -> 231014077 | C68: =CSE4098A_Spring2026_Grade!C70 -> Sumaiya Afrin | D68: 10 | E68: 3 | F68: 3 | H68: 9 | I68: 3 | J68: 3 | L68: 10 | M68: 2 | N68: 2 | P68: =(D68+H68+L68)/3 -> 9.6666667 | Q68: =(E68+I68+M68)/3 -> 2.6666667 | R68: =(F68+J68+N68)/3 -> 2.6666667
A69: 67 | B69: =CSE4098A_Spring2026_Grade!B71 -> 223014082 | C69: =CSE4098A_Spring2026_Grade!C71 -> Tarif-E-Mustafa | D69: 14 | E69: 3 | F69: 3 | H69: 12 | I69: 2 | J69: 2 | L69: 13 | M69: 3 | N69: 3 | P69: =(D69+H69+L69)/3 -> 13 | Q69: =(E69+I69+M69)/3 -> 2.6666667 | R69: =(F69+J69+N69)/3 -> 2.6666667
A70: 68 | B70: =CSE4098A_Spring2026_Grade!B72 -> 231014002 | C70: =CSE4098A_Spring2026_Grade!C72 -> Saykot Biswas Shawon | D70: 14 | E70: 3 | F70: 3 | H70: 12 | I70: 2 | J70: 2 | L70: 13 | M70: 3 | N70: 3 | P70: =(D70+H70+L70)/3 -> 13 | Q70: =(E70+I70+M70)/3 -> 2.6666667 | R70: =(F70+J70+N70)/3 -> 2.6666667
A71: 69 | B71: =CSE4098A_Spring2026_Grade!B73 -> 231014047 | C71: =CSE4098A_Spring2026_Grade!C73 -> Abu Saleh Md Araf | D71: 14 | E71: 3 | F71: 3 | H71: 12 | I71: 2 | J71: 2 | L71: 13 | M71: 3 | N71: 3 | P71: =(D71+H71+L71)/3 -> 13 | Q71: =(E71+I71+M71)/3 -> 2.6666667 | R71: =(F71+J71+N71)/3 -> 2.6666667
A72: 70 | B72: =CSE4098A_Spring2026_Grade!B74 -> 231014025 | C72: =CSE4098A_Spring2026_Grade!C74 -> Sariful Islam Rana | D72: 14 | E72: 3 | F72: 3 | H72: 12 | I72: 2 | J72: 2 | L72: 13 | M72: 3 | N72: 3 | P72: =(D72+H72+L72)/3 -> 13 | Q72: =(E72+I72+M72)/3 -> 2.6666667 | R72: =(F72+J72+N72)/3 -> 2.6666667
... A85: 83 | B85: =CSE4098A_Spring2026_Grade!B87 -> 231014028 | C85: =CSE4098A_Spring2026_Grade!C87 -> Maimuna Islam | D85: 13 | E85: 3 | F85: 3 | H85: 12 | I85: 2 | J85: 3 | L85: 13 | M85: 3 | N85: 3 | P85: =(D85+H85+L85)/3 -> 12.666667 | Q85: =(E85+I85+M85)/3 -> 2.6666667 | R85: =(F85+J85+N85)/3 -> 3
P86: =(D86+H86+L86)/3 -> 0 | Q86: =(E86+I86+M86)/3 -> 0 | R86: =(F86+J86+N86)/3 -> 0

Sheet CSE4098A_Spring2026_Report
A1: Capstone Project Report (CSE 4098A)
A2: Marks Distribution
C3: Spring 2026 | D3: Supervisor | G3: Evaluator's Marks (Provided in Rubrics: 33)
A4: Sl | B4: Student ID | C4: Student Name | D4: Supervisor (Provided in Rubrics: 33) | E4: Supervisor Marks (40%) | F4: MGK | G4: ASU | H4: NafM | I4: SviA | J4: RHF | K4: RaiK | L4: MNMA | M4: ASR | N4: MAWA | O4: JFR | P4: RWAIK | Q4: TSZK | R4: FsAh | S4: FK | T4: WFU | U4: MdKH | V4: DAMT | W4: SJSQ | X4: ABY | Y4: SBMM | Z4: NUA | AA4: Evaluator's Marsk (40%) | AB4: Total (Supervisor: 60% + Evaluator: 40%)
A5: 1 | B5: =CSE4098A_Spring2026_Grade!B5 -> 231014004 | C5: =CSE4098A_Spring2026_Grade!C5 -> Bushra Nusyba Chowdhury | D5: 30 | E5: =ROUND((40*D5)/33,2) -> 36.36 | J5: 27 | K5: 24 | AA5: =ROUND((40*AVERAGE(G5:Z5))/33,2) -> 30.91 | AB5: =ROUND((E5*60%+AA5*40%),2) -> 34.18
A6: 2 | B6: =CSE4098A_Spring2026_Grade!B6 -> 231014146 | C6: =CSE4098A_Spring2026_Grade!C6 -> Tasneem Ahmed | D6: 30 | E6: =ROUND((40*D6)/33,2) -> 36.36 | J6: 27 | K6: 24 | AA6: =ROUND((40*AVERAGE(G6:Z6))/33,2) -> 30.91 | AB6: =ROUND((E6*60%+AA6*40%),2) -> 34.18
A7: 3 | B7: =CSE4098A_Spring2026_Grade!B7 -> 231014006 | C7: =CSE4098A_Spring2026_Grade!C7 -> Ibnul Haque Chowdhury | D7: 30 | E7: =ROUND((40*D7)/33,2) -> 36.36 | J7: 27 | K7: 24 | AA7: =ROUND((40*AVERAGE(G7:Z7))/33,2) -> 30.91 | AB7: =ROUND((E7*60%+AA7*40%),2) -> 34.18
A8: 4 | B8: =CSE4098A_Spring2026_Grade!B8 -> 231014022 | C8: =CSE4098A_Spring2026_Grade!C8 -> Rafsan Islam | D8: 30 | E8: =ROUND((40*D8)/33,2) -> 36.36 | J8: 27 | K8: 24 | AA8: =ROUND((40*AVERAGE(G8:Z8))/33,2) -> 30.91 | AB8: =ROUND((E8*60%+AA8*40%),2) -> 34.18
A9: 5 | B9: =CSE4098A_Spring2026_Grade!B9 -> 231014042 | C9: =CSE4098A_Spring2026_Grade!C9 -> Abir Akbar | D9: 30 | E9: =ROUND((40*D9)/33,2) -> 36.36 | J9: 27 | K9: 24 | AA9: =ROUND((40*AVERAGE(G9:Z9))/33,2) -> 30.91 | AB9: =ROUND((E9*60%+AA9*40%),2) -> 34.18
A10: 6 | B10: =CSE4098A_Spring2026_Grade!B10 -> 232014128 | C10: =CSE4098A_Spring2026_Grade!C10 -> Tonmoy Talukder | D10: 30 | E10: =ROUND((40*D10)/33,2) -> 36.36 | F10: 27 | I10: 28 | AA10: =ROUND((40*AVERAGE(G10:Z10))/33,2) -> 33.94 | AB10: =ROUND((E10*60%+AA10*40%),2) -> 35.39
A11: 7 | B11: =CSE4098A_Spring2026_Grade!B11 -> 231014001 | C11: =CSE4098A_Spring2026_Grade!C11 -> Md. Aminul Islam Rupak | D11: 30 | E11: =ROUND((40*D11)/33,2) -> 36.36 | F11: 27 | I11: 28 | AA11: =ROUND((40*AVERAGE(G11:Z11))/33,2) -> 33.94 | AB11: =ROUND((E11*60%+AA11*40%),2) -> 35.39
A12: 8 | B12: =CSE4098A_Spring2026_Grade!B12 -> 223014100 | C12: =CSE4098A_Spring2026_Grade!C12 -> Jannatul Tazree | D12: 30 | E12: =ROUND((40*D12)/33,2) -> 36.36 | F12: 27 | I12: 28 | AA12: =ROUND((40*AVERAGE(G12:Z12))/33,2) -> 33.94 | AB12: =ROUND((E12*60%+AA12*40%),2) -> 35.39
A13: 9 | B13: =CSE4098A_Spring2026_Grade!B13 -> 232014003 | C13: =CSE4098A_Spring2026_Grade!C13 -> Tasin Bin Mortoza | D13: 30 | E13: =ROUND((40*D13)/33,2) -> 36.36 | F13: 27 | I13: 28 | AA13: =ROUND((40*AVERAGE(G13:Z13))/33,2) -> 33.94 | AB13: =ROUND((E13*60%+AA13*40%),2) -> 35.39
A14: 10 | B14: =CSE4098A_Spring2026_Grade!B14 -> 223014084 | C14: =CSE4098A_Spring2026_Grade!C14 -> Mirza Mostafa Abrar | D14: 28 | E14: =ROUND((40*D14)/33,2) -> 33.94 | G14: 28 | O14: 30 | AA14: =ROUND((40*AVERAGE(G14:Z14))/33,2) -> 35.15 | AB14: =ROUND((E14*60%+AA14*40%),2) -> 34.42
A15: 11 | B15: =CSE4098A_Spring2026_Grade!B15 -> 223014075 | C15: =CSE4098A_Spring2026_Grade!C15 -> S M Rahnuma Apshara | D15: 28 | E15: =ROUND((40*D15)/33,2) -> 33.94 | G15: 28 | O15: 30 | AA15: =ROUND((40*AVERAGE(G15:Z15))/33,2) -> 35.15 | AB15: =ROUND((E15*60%+AA15*40%),2) -> 34.42
A16: 12 | B16: =CSE4098A_Spring2026_Grade!B16 -> 223014108 | C16: =CSE4098A_Spring2026_Grade!C16 -> Israt Islam | D16: 28 | E16: =ROUND((40*D16)/33,2) -> 33.94 | G16: 28 | O16: 30 | AA16: =ROUND((40*AVERAGE(G16:Z16))/33,2) -> 35.15 | AB16: =ROUND((E16*60%+AA16*40%),2) -> 34.42
A17: 13 | B17: =CSE4098A_Spring2026_Grade!B17 -> 223014090 | C17: =CSE4098A_Spring2026_Grade!C17 -> Shatabdee Chanda Shruti | D17: 28 | E17: =ROUND((40*D17)/33,2) -> 33.94 | G17: 28 | O17: 30 | AA17: =ROUND((40*AVERAGE(G17:Z17))/33,2) -> 35.15 | AB17: =ROUND((E17*60%+AA17*40%),2) -> 34.42
A18: 14 | B18: =CSE4098A_Spring2026_Grade!B18 -> 223014024 | C18: =CSE4098A_Spring2026_Grade!C18 -> Piyas Sarkar | D18: 24 | E18: =ROUND((40*D18)/33,2) -> 29.09 | G18: 31 | X18: 28 | AA18: =ROUND((40*AVERAGE(G18:Z18))/33,2) -> 35.76 | AB18: =ROUND((E18*60%+AA18*40%),2) -> 31.76
A19: 15 | B19: =CSE4098A_Spring2026_Grade!B19 -> 223014112 | C19: =CSE4098A_Spring2026_Grade!C19 -> Md. Mahmuduzzaman Mollah Rabbee | D19: 24 | E19: =ROUND((40*D19)/33,2) -> 29.09 | G19: 31 | X19: 28 | AA19: =ROUND((40*AVERAGE(G19:Z19))/33,2) -> 35.76 | AB19: =ROUND((E19*60%+AA19*40%),2) -> 31.76
A20: 16 | B20: =CSE4098A_Spring2026_Grade!B20 -> 231014136 | C20: =CSE4098A_Spring2026_Grade!C20 -> Md. Tasdiqur Rahman Khan | D20: 24 | E20: =ROUND((40*D20)/33,2) -> 29.09 | G20: 31 | X20: 28 | AA20: =ROUND((40*AVERAGE(G20:Z20))/33,2) -> 35.76 | AB20: =ROUND((E20*60%+AA20*40%),2) -> 31.76
A21: 17 | B21: =CSE4098A_Spring2026_Grade!B21 -> 223014206 | C21: =CSE4098A_Spring2026_Grade!C21 -> Rafia Haque Arpita | D21: 24 | E21: =ROUND((40*D21)/33,2) -> 29.09 | G21: 31 | X21: 28 | AA21: =ROUND((40*AVERAGE(G21:Z21))/33,2) -> 35.76 | AB21: =ROUND((E21*60%+AA21*40%),2) -> 31.76
A22: 18 | B22: =CSE4098A_Spring2026_Grade!B22 -> 231014010 | C22: =CSE4098A_Spring2026_Grade!C22 -> Mahmudul Islam Shajib | D22: 26 | E22: =ROUND((40*D22)/33,2) -> 31.52 | I22: 31 | O22: 28 | AA22: =ROUND((40*AVERAGE(G22:Z22))/33,2) -> 35.76 | AB22: =ROUND((E22*60%+AA22*40%),2) -> 33.22
A23: 19 | B23: =CSE4098A_Spring2026_Grade!B23 -> 231014082 | C23: =CSE4098A_Spring2026_Grade!C23 -> Mst. Fahmida Jesmin | D23: 26 | E23: =ROUND((40*D23)/33,2) -> 31.52 | I23: 31 | O23: 28 | AA23: =ROUND((40*AVERAGE(G23:Z23))/33,2) -> 35.76 | AB23: =ROUND((E23*60%+AA23*40%),2) -> 33.22
A24: 20 | B24: =CSE4098A_Spring2026_Grade!B24 -> 231014133 | C24: =CSE4098A_Spring2026_Grade!C24 -> Md. Eakramul Karim Tarik | D24: 26 | E24: =ROUND((40*D24)/33,2) -> 31.52 | I24: 31 | O24: 28 | AA24: =ROUND((40*AVERAGE(G24:Z24))/33,2) -> 35.76 | AB24: =ROUND((E24*60%+AA24*40%),2) -> 33.22
A25: 21 | B25: =CSE4098A_Spring2026_Grade!B25 -> 231014120 | C25: =CSE4098A_Spring2026_Grade!C25 -> Md. Abir Hosen | D25: 32 | E25: =ROUND((40*D25)/33,2) -> 38.79 | O25: 31 | X25: 20 | AA25: =ROUND((40*AVERAGE(G25:Z25))/33,2) -> 30.91 | AB25: =ROUND((E25*60%+AA25*40%),2) -> 35.64
A26: 22 | B26: =CSE4098A_Spring2026_Grade!B26 -> 231014096 | C26: =CSE4098A_Spring2026_Grade!C26 -> Md. Rahat Hawlader | D26: 32 | E26: =ROUND((40*D26)/33,2) -> 38.79 | O26: 31 | X26: 20 | AA26: =ROUND((40*AVERAGE(G26:Z26))/33,2) -> 30.91 | AB26: =ROUND((E26*60%+AA26*40%),2) -> 35.64
A27: 23 | B27: =CSE4098A_Spring2026_Grade!B27 -> 231014014 | C27: =CSE4098A_Spring2026_Grade!C27 -> Shahriar Alam Sazzad | D27: 32 | E27: =ROUND((40*D27)/33,2) -> 38.79 | O27: 31 | X27: 20 | AA27: =ROUND((40*AVERAGE(G27:Z27))/33,2) -> 30.91 | AB27: =ROUND((E27*60%+AA27*40%),2) -> 35.64
A28: 24 | B28: =CSE4098A_Spring2026_Grade!B28 -> 231014018 | C28: =CSE4098A_Spring2026_Grade!C28 -> Zubaida Akter Prova | D28: 32 | E28: =ROUND((40*D28)/33,2) -> 38.79 | O28: 31 | X28: 20 | AA28: =ROUND((40*AVERAGE(G28:Z28))/33,2) -> 30.91 | AB28: =ROUND((E28*60%+AA28*40%),2) -> 35.64
A29: 25 | B29: =CSE4098A_Spring2026_Grade!B29 -> 231014052 | C29: =CSE4098A_Spring2026_Grade!C29 -> Md. Shaidur Rahman | D29: 25 | E29: =ROUND((40*D29)/33,2) -> 30.3 | P29: 16 | V29: 15 | AA29: =ROUND((40*AVERAGE(G29:Z29))/33,2) -> 18.79 | AB29: =ROUND((E29*60%+AA29*40%),2) -> 25.7
A30: 26 | B30: =CSE4098A_Spring2026_Grade!B30 -> 231014131 | C30: =CSE4098A_Spring2026_Grade!C30 -> Sumia Sharmin Sinthia | D30: 25 | E30: =ROUND((40*D30)/33,2) -> 30.3 | P30: 16 | V30: 15 | AA30: =ROUND((40*AVERAGE(G30:Z30))/33,2) -> 18.79 | AB30: =ROUND((E30*60%+AA30*40%),2) -> 25.7
A31: 27 | B31: =CSE4098A_Spring2026_Grade!B31 -> 221014109 | C31: =CSE4098A_Spring2026_Grade!C31 -> Maharun Nessa Akhi | D31: 25 | E31: =ROUND((40*D31)/33,2) -> 30.3 | P31: 16 | V31: 15 | AA31: =ROUND((40*AVERAGE(G31:Z31))/33,2) -> 18.79 | AB31: =ROUND((E31*60%+AA31*40%),2) -> 25.7
A32: 28 | B32: =CSE4098A_Spring2026_Grade!B32 -> 223014088 | C32: =CSE4098A_Spring2026_Grade!C32 -> Md. Sakib Ishrak | D32: 25 | E32: =ROUND((40*D32)/33,2) -> 30.3 | P32: 16 | V32: 15 | AA32: =ROUND((40*AVERAGE(G32:Z32))/33,2) -> 18.79 | AB32: =ROUND((E32*60%+AA32*40%),2) -> 25.7
A33: 29 | B33: =CSE4098A_Spring2026_Grade!B33 -> 231014017 | C33: =CSE4098A_Spring2026_Grade!C33 -> Md. Jahid Ahamed Jihad | D33: 29 | E33: =ROUND((40*D33)/33,2) -> 35.15 | M33: 22 | W33: 30 | AA33: =ROUND((40*AVERAGE(G33:Z33))/33,2) -> 31.52 | AB33: =ROUND((E33*60%+AA33*40%),2) -> 33.7
A34: 30 | B34: =CSE4098A_Spring2026_Grade!B34 -> 231014115 | C34: =CSE4098A_Spring2026_Grade!C34 -> Iftiker Jahid Moyshun | D34: 29 | E34: =ROUND((40*D34)/33,2) -> 35.15 | M34: 22 | W34: 30 | AA34: =ROUND((40*AVERAGE(G34:Z34))/33,2) -> 31.52 | AB34: =ROUND((E34*60%+AA34*40%),2) -> 33.7
A35: 31 | B35: =CSE4098A_Spring2026_Grade!B35 -> 231014151 | C35: =CSE4098A_Spring2026_Grade!C35 -> Hasan Uddin Chowdhury | D35: 29 | E35: =ROUND((40*D35)/33,2) -> 35.15 | M35: 22 | W35: 30 | AA35: =ROUND((40*AVERAGE(G35:Z35))/33,2) -> 31.52 | AB35: =ROUND((E35*60%+AA35*40%),2) -> 33.7
A36: 32 | B36: =CSE4098A_Spring2026_Grade!B36 -> 231014003 | C36: =CSE4098A_Spring2026_Grade!C36 -> Md. Arfan Alam | D36: 29 | E36: =ROUND((40*D36)/33,2) -> 35.15 | M36: 22 | W36: 30 | AA36: =ROUND((40*AVERAGE(G36:Z36))/33,2) -> 31.52 | AB36: =ROUND((E36*60%+AA36*40%),2) -> 33.7
A37: 33 | B37: =CSE4098A_Spring2026_Grade!B37 -> 231014147 | C37: =CSE4098A_Spring2026_Grade!C37 -> Asif Ahmed | D37: 29 | E37: =ROUND((40*D37)/33,2) -> 35.15 | M37: 22 | W37: 30 | AA37: =ROUND((40*AVERAGE(G37:Z37))/33,2) -> 31.52 | AB37: =ROUND((E37*60%+AA37*40%),2) -> 33.7
A38: 34 | B38: =CSE4098A_Spring2026_Grade!B38 -> 213014010 | C38: =CSE4098A_Spring2026_Grade!C38 -> Mozahedur Nur Nishanul Niloy | D38: 30 | E38: =ROUND((40*D38)/33,2) -> 36.36 | Y38: 17 | Z38: 18 | AA38: =ROUND((40*AVERAGE(G38:Z38))/33,2) -> 21.21 | AB38: =ROUND((E38*60%+AA38*40%),2) -> 30.3
A39: 35 | B39: =CSE4098A_Spring2026_Grade!B39 -> 221014096 | C39: =CSE4098A_Spring2026_Grade!C39 -> Md. Nasimuzzaman Setu | D39: 30 | E39: =ROUND((40*D39)/33,2) -> 36.36 | Y39: 17 | Z39: 18 | AA39: =ROUND((40*AVERAGE(G39:Z39))/33,2) -> 21.21 | AB39: =ROUND((E39*60%+AA39*40%),2) -> 30.3
A40: 36 | B40: =CSE4098A_Spring2026_Grade!B40 -> 221014061 | C40: =CSE4098A_Spring2026_Grade!C40 -> Mirazul Islam Turag | D40: 30 | E40: =ROUND((40*D40)/33,2) -> 36.36 | Y40: 17 | Z40: 18 | AA40: =ROUND((40*AVERAGE(G40:Z40))/33,2) -> 21.21 | AB40: =ROUND((E40*60%+AA40*40%),2) -> 30.3
A41: 37 | B41: =CSE4098A_Spring2026_Grade!B41 -> 221014087 | C41: =CSE4098A_Spring2026_Grade!C41 -> Shahriar Al Shihab | D41: 30 | E41: =ROUND((40*D41)/33,2) -> 36.36 | Y41: 17 | Z41: 18 | AA41: =ROUND((40*AVERAGE(G41:Z41))/33,2) -> 21.21 | AB41: =ROUND((E41*60%+AA41*40%),2) -> 30.3
A42: 38 | B42: =CSE4098A_Spring2026_Grade!B42 -> 212014010 | C42: =CSE4098A_Spring2026_Grade!C42 -> Md. Ayman Hasan | D42: 31 | E42: =ROUND((40*D42)/33,2) -> 37.58 | V42: 22 | Y42: 14 | AA42: =ROUND((40*AVERAGE(G42:Z42))/33,2) -> 21.82 | AB42: =ROUND((E42*60%+AA42*40%),2) -> 31.28
A43: 39 | B43: =CSE4098A_Spring2026_Grade!B43 -> 213014056 | C43: =CSE4098A_Spring2026_Grade!C43 -> Shovon Dip Karmaker | D43: 31 | E43: =ROUND((40*D43)/33,2) -> 37.58 | V43: 22 | Y43: 14 | AA43: =ROUND((40*AVERAGE(G43:Z43))/33,2) -> 21.82 | AB43: =ROUND((E43*60%+AA43*40%),2) -> 31.28
A44: 40 | B44: =CSE4098A_Spring2026_Grade!B44 -> 212014022 | C44: =CSE4098A_Spring2026_Grade!C44 -> Tahsin Aftab Khan | D44: 31 | E44: =ROUND((40*D44)/33,2) -> 37.58 | V44: 22 | Y44: 14 | AA44: =ROUND((40*AVERAGE(G44:Z44))/33,2) -> 21.82 | AB44: =ROUND((E44*60%+AA44*40%),2) -> 31.28
A45: 41 | B45: =CSE4098A_Spring2026_Grade!B45 -> 213014040 | C45: =CSE4098A_Spring2026_Grade!C45 -> Towhid Hossain Alvi | D45: 31 | E45: =ROUND((40*D45)/33,2) -> 37.58 | V45: 22 | Y45: 14 | AA45: =ROUND((40*AVERAGE(G45:Z45))/33,2) -> 21.82 | AB45: =ROUND((E45*60%+AA45*40%),2) -> 31.28
A46: 42 | B46: =CSE4098A_Spring2026_Grade!B46 -> 213014058 | C46: =CSE4098A_Spring2026_Grade!C46 -> Samina Akter | D46: 31 | E46: =ROUND((40*D46)/33,2) -> 37.58 | V46: 22 | Y46: 14 | AA46: =ROUND((40*AVERAGE(G46:Z46))/33,2) -> 21.82 | AB46: =ROUND((E46*60%+AA46*40%),2) -> 31.28
A47: 43 | B47: =CSE4098A_Spring2026_Grade!B47 -> 232014048 | C47: =CSE4098A_Spring2026_Grade!C47 -> Md. Shayan Alam | D47: 31 | E47: =ROUND((40*D47)/33,2) -> 37.58 | L47: 31 | S47: 29 | AA47: =ROUND((40*AVERAGE(G47:Z47))/33,2) -> 36.36 | AB47: =ROUND((E47*60%+AA47*40%),2) -> 37.09
A48: 44 | B48: =CSE4098A_Spring2026_Grade!B48 -> 223014077 | C48: =CSE4098A_Spring2026_Grade!C48 -> Mir Hussain Murtaza | D48: 31 | E48: =ROUND((40*D48)/33,2) -> 37.58 | L48: 31 | S48: 29 | AA48: =ROUND((40*AVERAGE(G48:Z48))/33,2) -> 36.36 | AB48: =ROUND((E48*60%+AA48*40%),2) -> 37.09
A49: 45 | B49: =CSE4098A_Spring2026_Grade!B49 -> 232014033 | C49: =CSE4098A_Spring2026_Grade!C49 -> Morium Rahman | D49: 31 | E49: =ROUND((40*D49)/33,2) -> 37.58 | L49: 31 | S49: 29 | AA49: =ROUND((40*AVERAGE(G49:Z49))/33,2) -> 36.36 | AB49: =ROUND((E49*60%+AA49*40%),2) -> 37.09
A50: 46 | B50: =CSE4098A_Spring2026_Grade!B50 -> 232014102 | C50: =CSE4098A_Spring2026_Grade!C50 -> Sabikun Nahar Zaria | D50: 31 | E50: =ROUND((40*D50)/33,2) -> 37.58 | L50: 31 | S50: 29 | AA50: =ROUND((40*AVERAGE(G50:Z50))/33,2) -> 36.36 | AB50: =ROUND((E50*60%+AA50*40%),2) -> 37.09
A51: 47 | B51: =CSE4098A_Spring2026_Grade!B51 -> 232014040 | C51: =CSE4098A_Spring2026_Grade!C51 -> Sima Akter Tithe | D51: 30 | E51: =ROUND((40*D51)/33,2) -> 36.36 | N51: 33 | U51: 28 | AA51: =ROUND((40*AVERAGE(G51:Z51))/33,2) -> 36.97 | AB51: =ROUND((E51*60%+AA51*40%),2) -> 36.6
A52: 48 | B52: =CSE4098A_Spring2026_Grade!B52 -> 232014027 | C52: =CSE4098A_Spring2026_Grade!C52 -> Muskan Gouri | D52: 30 | E52: =ROUND((40*D52)/33,2) -> 36.36 | N52: 33 | U52: 28 | AA52: =ROUND((40*AVERAGE(G52:Z52))/33,2) -> 36.97 | AB52: =ROUND((E52*60%+AA52*40%),2) -> 36.6
A53: 49 | B53: =CSE4098A_Spring2026_Grade!B53 -> 213014024 | C53: =CSE4098A_Spring2026_Grade!C53 -> Minhaz Hossen | D53: 30 | E53: =ROUND((40*D53)/33,2) -> 36.36 | N53: 33 | U53: 28 | AA53: =ROUND((40*AVERAGE(G53:Z53))/33,2) -> 36.97 | AB53: =ROUND((E53*60%+AA53*40%),2) -> 36.6
A54: 50 | B54: =CSE4098A_Spring2026_Grade!B54 -> 221014137 | C54: =CSE4098A_Spring2026_Grade!C54 -> Prisom Halder | D54: 30 | E54: =ROUND((40*D54)/33,2) -> 36.36 | N54: 33 | U54: 28 | AA54: =ROUND((40*AVERAGE(G54:Z54))/33,2) -> 36.97 | AB54: =ROUND((E54*60%+AA54*40%),2) -> 36.6
A55: 51 | B55: =CSE4098A_Spring2026_Grade!B55 -> 223014125 | C55: =CSE4098A_Spring2026_Grade!C55 -> Fatima Wohabee | D55: 25 | E55: =ROUND((40*D55)/33,2) -> 30.3 | L55: 20 | R55: 24 | AA55: =ROUND((40*AVERAGE(G55:Z55))/33,2) -> 26.67 | AB55: =ROUND((E55*60%+AA55*40%),2) -> 28.85
A56: 52 | B56: =CSE4098A_Spring2026_Grade!B56 -> 231014008 | C56: =CSE4098A_Spring2026_Grade!C56 -> Tasnim Taher | D56: 25 | E56: =ROUND((40*D56)/33,2) -> 30.3 | L56: 20 | R56: 24 | AA56: =ROUND((40*AVERAGE(G56:Z56))/33,2) -> 26.67 | AB56: =ROUND((E56*60%+AA56*40%),2) -> 28.85
A57: 53 | B57: =CSE4098A_Spring2026_Grade!B57 -> 223014064 | C57: =CSE4098A_Spring2026_Grade!C57 -> Israt Zahan Ifa | D57: 25 | E57: =ROUND((40*D57)/33,2) -> 30.3 | L57: 20 | R57: 24 | AA57: =ROUND((40*AVERAGE(G57:Z57))/33,2) -> 26.67 | AB57: =ROUND((E57*60%+AA57*40%),2) -> 28.85
A58: 54 | B58: =CSE4098A_Spring2026_Grade!B58 -> 231014123 | C58: =CSE4098A_Spring2026_Grade!C58 -> Rakib Rahman | D58: 25 | E58: =ROUND((40*D58)/33,2) -> 30.3 | L58: 20 | R58: 24 | AA58: =ROUND((40*AVERAGE(G58:Z58))/33,2) -> 26.67 | AB58: =ROUND((E58*60%+AA58*40%),2) -> 28.85
A59: 55 | B59: =CSE4098A_Spring2026_Grade!B59 -> 223014141 | C59: =CSE4098A_Spring2026_Grade!C59 -> Yasin Khandakar | D59: 18 | E59: =ROUND((40*D59)/33,2) -> 21.82 | H59: 22 | L59: 22 | AA59: =ROUND((40*AVERAGE(G59:Z59))/33,2) -> 26.67 | AB59: =ROUND((E59*60%+AA59*40%),2) -> 23.76
A60: 56 | B60: =CSE4098A_Spring2026_Grade!B60 -> 223014002 | C60: =CSE4098A_Spring2026_Grade!C60 -> Sanjida Siddique | D60: 18 | E60: =ROUND((40*D60)/33,2) -> 21.82 | H60: 22 | L60: 22 | AA60: =ROUND((40*AVERAGE(G60:Z60))/33,2) -> 26.67 | AB60: =ROUND((E60*60%+AA60*40%),2) -> 23.76
A61: 57 | B61: =CSE4098A_Spring2026_Grade!B61 -> 221014059 | C61: =CSE4098A_Spring2026_Grade!C61 -> Shakila Rahman Sudha | D61: 18 | E61: =ROUND((40*D61)/33,2) -> 21.82 | H61: 22 | L61: 22 | AA61: =ROUND((40*AVERAGE(G61:Z61))/33,2) -> 26.67 | AB61: =ROUND((E61*60%+AA61*40%),2) -> 23.76
A62: 58 | B62: =CSE4098A_Spring2026_Grade!B62 -> 222014061 | C62: =CSE4098A_Spring2026_Grade!C62 -> Rafsan Jani Siam | D62: 18 | E62: =ROUND((40*D62)/33,2) -> 21.82 | H62: 22 | L62: 22 | AA62: =ROUND((40*AVERAGE(G62:Z62))/33,2) -> 26.67 | AB62: =ROUND((E62*60%+AA62*40%),2) -> 23.76
A63: 59 | B63: =CSE4098A_Spring2026_Grade!B63 -> 222014014 | C63: =CSE4098A_Spring2026_Grade!C63 -> Bahadur Zamn Shezan | D63: 31 | E63: =ROUND((40*D63)/33,2) -> 37.58 | M63: 22 | Y63: 20 | AA63: =ROUND((40*AVERAGE(G63:Z63))/33,2) -> 25.45 | AB63: =ROUND((E63*60%+AA63*40%),2) -> 32.73
A64: 60 | B64: =CSE4098A_Spring2026_Grade!B64 -> 222014004 | C64: =CSE4098A_Spring2026_Grade!C64 -> Ratul Hasan Polok | D64: 31 | E64: =ROUND((40*D64)/33,2) -> 37.58 | M64: 22 | Y64: 20 | AA64: =ROUND((40*AVERAGE(G64:Z64))/33,2) -> 25.45 | AB64: =ROUND((E64*60%+AA64*40%),2) -> 32.73
A65: 61 | B65: =CSE4098A_Spring2026_Grade!B65 -> 232014059 | C65: =CSE4098A_Spring2026_Grade!C65 -> Tasfia Hasan Tushin | D65: 31 | E65: =ROUND((40*D65)/33,2) -> 37.58 | M65: 22 | Y65: 20 | AA65: =ROUND((40*AVERAGE(G65:Z65))/33,2) -> 25.45 | AB65: =ROUND((E65*60%+AA65*40%),2) -> 32.73
A66: 62 | B66: =CSE4098A_Spring2026_Grade!B66 -> 232014130 | C66: =CSE4098A_Spring2026_Grade!C66 -> Thamina Hossen | D66: 31 | E66: =ROUND((40*D66)/33,2) -> 37.58 | M66: 22 | Y66: 20 | AA66: =ROUND((40*AVERAGE(G66:Z66))/33,2) -> 25.45 | AB66: =ROUND((E66*60%+AA66*40%),2) -> 32.73
A67: 63 | B67: =CSE4098A_Spring2026_Grade!B67 -> 231014084 | C67: =CSE4098A_Spring2026_Grade!C67 -> Tanzila Tasnim Rahman | D67: 22 | E67: =ROUND((40*D67)/33,2) -> 26.67 | N67: 27 | R67: 25 | AA67: =ROUND((40*AVERAGE(G67:Z67))/33,2) -> 31.52 | AB67: =ROUND((E67*60%+AA67*40%),2) -> 28.61
A68: 64 | B68: =CSE4098A_Spring2026_Grade!B68 -> 231014029 | C68: =CSE4098A_Spring2026_Grade!C68 -> Sadia Sharmin | D68: 22 | E68: =ROUND((40*D68)/33,2) -> 26.67 | N68: 27 | R68: 25 | AA68: =ROUND((40*AVERAGE(G68:Z68))/33,2) -> 31.52 | AB68: =ROUND((E68*60%+AA68*40%),2) -> 28.61
A69: 65 | B69: =CSE4098A_Spring2026_Grade!B69 -> 231014083 | C69: =CSE4098A_Spring2026_Grade!C69 -> Jannatun Farjana | D69: 22 | E69: =ROUND((40*D69)/33,2) -> 26.67 | N69: 27 | R69: 25 | AA69: =ROUND((40*AVERAGE(G69:Z69))/33,2) -> 31.52 | AB69: =ROUND((E69*60%+AA69*40%),2) -> 28.61
A70: 66 | B70: =CSE4098A_Spring2026_Grade!B70 -> 231014077 | C70: =CSE4098A_Spring2026_Grade!C70 -> Sumaiya Afrin | D70: 22 | E70: =ROUND((40*D70)/33,2) -> 26.67 | N70: 27 | R70: 25 | AA70: =ROUND((40*AVERAGE(G70:Z70))/33,2) -> 31.52 | AB70: =ROUND((E70*60%+AA70*40%),2) -> 28.61
A71: 67 | B71: =CSE4098A_Spring2026_Grade!B71 -> 223014082 | C71: =CSE4098A_Spring2026_Grade!C71 -> Tarif-E-Mustafa | D71: 28 | E71: =ROUND((40*D71)/33,2) -> 33.94 | R71: 27 | S71: 30 | AA71: =ROUND((40*AVERAGE(G71:Z71))/33,2) -> 34.55 | AB71: =ROUND((E71*60%+AA71*40%),2) -> 34.18
A72: 68 | B72: =CSE4098A_Spring2026_Grade!B72 -> 231014002 | C72: =CSE4098A_Spring2026_Grade!C72 -> Saykot Biswas Shawon | D72: 28 | E72: =ROUND((40*D72)/33,2) -> 33.94 | R72: 27 | S72: 30 | AA72: =ROUND((40*AVERAGE(G72:Z72))/33,2) -> 34.55 | AB72: =ROUND((E72*60%+AA72*40%),2) -> 34.18
A73: 69 | B73: =CSE4098A_Spring2026_Grade!B73 -> 231014047 | C73: =CSE4098A_Spring2026_Grade!C73 -> Abu Saleh Md Araf | D73: 28 | E73: =ROUND((40*D73)/33,2) -> 33.94 | R73: 27 | S73: 30 | AA73: =ROUND((40*AVERAGE(G73:Z73))/33,2) -> 34.55 | AB73: =ROUND((E73*60%+AA73*40%),2) -> 34.18
A74: 70 | B74: =CSE4098A_Spring2026_Grade!B74 -> 231014025 | C74: =CSE4098A_Spring2026_Grade!C74 -> Sariful Islam Rana | D74: 28 | E74: =ROUND((40*D74)/33,2) -> 33.94 | R74: 27 | S74: 30 | AA74: =ROUND((40*AVERAGE(G74:Z74))/33,2) -> 34.55 | AB74: =ROUND((E74*60%+AA74*40%),2) -> 34.18
A75: 71 | B75: =CSE4098A_Spring2026_Grade!B75 -> 223014009 | C75: =CSE4098A_Spring2026_Grade!C75 -> Farjana Akter Ema | D75: 26 | E75: =ROUND((40*D75)/33,2) -> 31.52 | P75: 22 | T75: 24 | AA75: =ROUND((40*AVERAGE(G75:Z75))/33,2) -> 27.88 | AB75: =ROUND((E75*60%+AA75*40%),2) -> 30.06
A76: 72 | B76: =CSE4098A_Spring2026_Grade!B76 -> 223014073 | C76: =CSE4098A_Spring2026_Grade!C76 -> Pronoy Pal | D76: 26 | E76: =ROUND((40*D76)/33,2) -> 31.52 | P76: 22 | T76: 24 | AA76: =ROUND((40*AVERAGE(G76:Z76))/33,2) -> 27.88 | AB76: =ROUND((E76*60%+AA76*40%),2) -> 30.06
A77: 73 | B77: =CSE4098A_Spring2026_Grade!B77 -> 223014157 | C77: =CSE4098A_Spring2026_Grade!C77 -> Mohammad Talha | D77: 26 | E77: =ROUND((40*D77)/33,2) -> 31.52 | P77: 22 | T77: 24 | AA77: =ROUND((40*AVERAGE(G77:Z77))/33,2) -> 27.88 | AB77: =ROUND((E77*60%+AA77*40%),2) -> 30.06
A78: 74 | B78: =CSE4098A_Spring2026_Grade!B78 -> 223014022 | C78: =CSE4098A_Spring2026_Grade!C78 -> Sumaiya Islam Rouja | D78: 26 | E78: =ROUND((40*D78)/33,2) -> 31.52 | P78: 22 | T78: 24 | AA78: =ROUND((40*AVERAGE(G78:Z78))/33,2) -> 27.88 | AB78: =ROUND((E78*60%+AA78*40%),2) -> 30.06
A79: 75 | B79: =CSE4098A_Spring2026_Grade!B79 -> 223014117 | C79: =CSE4098A_Spring2026_Grade!C79 -> Sudipto Acharjee Dhrubo | D79: 26 | E79: =ROUND((40*D79)/33,2) -> 31.52 | P79: 22 | T79: 24 | AA79: =ROUND((40*AVERAGE(G79:Z79))/33,2) -> 27.88 | AB79: =ROUND((E79*60%+AA79*40%),2) -> 30.06
A80: 76 | B80: =CSE4098A_Spring2026_Grade!B80 -> 223014005 | C80: =CSE4098A_Spring2026_Grade!C80 -> Md. Mahmudul Hasan Mohot | D80: 24 | E80: =ROUND((40*D80)/33,2) -> 29.09 | T80: 27 | W80: 28 | AA80: =ROUND((40*AVERAGE(G80:Z80))/33,2) -> 33.33 | AB80: =ROUND((E80*60%+AA80*40%),2) -> 30.79
A81: 77 | B81: =CSE4098A_Spring2026_Grade!B81 -> 223014080 | C81: =CSE4098A_Spring2026_Grade!C81 -> Refa Rayhana | D81: 24 | E81: =ROUND((40*D81)/33,2) -> 29.09 | T81: 27 | W81: 28 | AA81: =ROUND((40*AVERAGE(G81:Z81))/33,2) -> 33.33 | AB81: =ROUND((E81*60%+AA81*40%),2) -> 30.79
A82: 78 | B82: =CSE4098A_Spring2026_Grade!B82 -> 223014123 | C82: =CSE4098A_Spring2026_Grade!C82 -> Md. Emon Hossain | D82: 24 | E82: =ROUND((40*D82)/33,2) -> 29.09 | T82: 27 | W82: 28 | AA82: =ROUND((40*AVERAGE(G82:Z82))/33,2) -> 33.33 | AB82: =ROUND((E82*60%+AA82*40%),2) -> 30.79
A83: 79 | B83: =CSE4098A_Spring2026_Grade!B83 -> 223014187 | C83: =CSE4098A_Spring2026_Grade!C83 -> Mohammad Asif Abrar Sayim | D83: 24 | E83: =ROUND((40*D83)/33,2) -> 29.09 | T83: 27 | W83: 28 | AA83: =ROUND((40*AVERAGE(G83:Z83))/33,2) -> 33.33 | AB83: =ROUND((E83*60%+AA83*40%),2) -> 30.79
A84: 80 | B84: =CSE4098A_Spring2026_Grade!B84 -> 231014107 | C84: =CSE4098A_Spring2026_Grade!C84 -> Tahmina Akter Ritu | D84: 29 | E84: =ROUND((40*D84)/33,2) -> 35.15 | N84: 31 | U84: 25 | AA84: =ROUND((40*AVERAGE(G84:Z84))/33,2) -> 33.94 | AB84: =ROUND((E84*60%+AA84*40%),2) -> 34.67
A85: 81 | B85: =CSE4098A_Spring2026_Grade!B85 -> 231014108 | C85: =CSE4098A_Spring2026_Grade!C85 -> Jahra Amin Misty | D85: 29 | E85: =ROUND((40*D85)/33,2) -> 35.15 | N85: 31 | U85: 25 | AA85: =ROUND((40*AVERAGE(G85:Z85))/33,2) -> 33.94 | AB85: =ROUND((E85*60%+AA85*40%),2) -> 34.67
A86: 82 | B86: =CSE4098A_Spring2026_Grade!B86 -> 223014098 | C86: =CSE4098A_Spring2026_Grade!C86 -> Humayara Kabir Upoma | D86: 29 | E86: =ROUND((40*D86)/33,2) -> 35.15 | N86: 31 | U86: 25 | AA86: =ROUND((40*AVERAGE(G86:Z86))/33,2) -> 33.94 | AB86: =ROUND((E86*60%+AA86*40%),2) -> 34.67
A87: 83 | B87: =CSE4098A_Spring2026_Grade!B87 -> 231014028 | C87: =CSE4098A_Spring2026_Grade!C87 -> Maimuna Islam | D87: 29 | E87: =ROUND((40*D87)/33,2) -> 35.15 | N87: 31 | U87: 25 | AA87: =ROUND((40*AVERAGE(G87:Z87))/33,2) -> 33.94 | AB87: =ROUND((E87*60%+AA87*40%),2) -> 34.67

Sheet CSE4098A_Spring2026_Presentatio
A1: Capstone Project Presentation (CSE 4098A)
A2: Marks Distribution
C3: Spring 2026 | D3: Supervisor | F3: Evaluator's Marks (Provided in Rubrics: 45)
A4: Sl | B4: Student ID | C4: Student Name | D4: Supervisor (Provided in Rubrics: 45) | E4: Supervisor Marks (50%) | F4: MGK | G4: NafM | H4: RHF | I4: RaiK | J4: MNMA | K4: ASR | L4: JFR | M4: RWAIK | N4: ASU | O4: FK | P4: WFU | Q4: MdKH | R4: NUA | S4: SviA | T4: MAWA | U4: ABY | V4: SBMM | W4: DWAMT | X4: ASR | Y4: SJSQ | Z4: Evaluator's Marsk (50%) | AA4: Total (Supervisor: 60% + Evaluator: 40%)
A5: 1 | B5: =CSE4098A_Spring2026_Grade!B5 -> 231014004 | C5: =CSE4098A_Spring2026_Grade!C5 -> Bushra Nusyba Chowdhury | D5: 39 | E5: =(50*D5)/45 -> 43.333333 | H5: 36 | I5: 42 | L5: 33 | N5: 33 | S5: 33 | U5: 27 | Z5: =(50*AVERAGE(F5:Y5))/45 -> 37.777778 | AA5: =ROUND((E5*60%+Z5*40%),2) -> 41.11
A6: 2 | B6: =CSE4098A_Spring2026_Grade!B6 -> 231014146 | C6: =CSE4098A_Spring2026_Grade!C6 -> Tasneem Ahmed | D6: 33 | E6: =(50*D6)/45 -> 36.666667 | H6: 36 | I6: 41 | L6: 33 | N6: 36 | S6: 30 | U6: 24 | Z6: =(50*AVERAGE(F6:Y6))/45 -> 37.037037 | AA6: =ROUND((E6*60%+Z6*40%),2) -> 36.81
A7: 3 | B7: =CSE4098A_Spring2026_Grade!B7 -> 231014006 | C7: =CSE4098A_Spring2026_Grade!C7 -> Ibnul Haque Chowdhury | D7: 33 | E7: =(50*D7)/45 -> 36.666667 | H7: 33 | I7: 42 | L7: 33 | N7: 36 | S7: 30 | U7: 21 | Z7: =(50*AVERAGE(F7:Y7))/45 -> 36.111111 | AA7: =ROUND((E7*60%+Z7*40%),2) -> 36.44
A8: 4 | B8: =CSE4098A_Spring2026_Grade!B8 -> 231014022 | C8: =CSE4098A_Spring2026_Grade!C8 -> Rafsan Islam | D8: 39 | E8: =(50*D8)/45 -> 43.333333 | H8: 30 | I8: 41 | L8: 27 | N8: 30 | S8: 30 | U8: 27 | Z8: =(50*AVERAGE(F8:Y8))/45 -> 34.259259 | AA8: =ROUND((E8*60%+Z8*40%),2) -> 39.7
A9: 5 | B9: =CSE4098A_Spring2026_Grade!B9 -> 231014042 | C9: =CSE4098A_Spring2026_Grade!C9 -> Abir Akbar | D9: 33 | E9: =(50*D9)/45 -> 36.666667 | H9: 30 | I9: 41 | L9: 33 | N9: 36 | S9: 27 | U9: 21 | Z9: =(50*AVERAGE(F9:Y9))/45 -> 34.814815 | AA9: =ROUND((E9*60%+Z9*40%),2) -> 35.93
A10: 6 | B10: =CSE4098A_Spring2026_Grade!B10 -> 232014128 | C10: =CSE4098A_Spring2026_Grade!C10 -> Tonmoy Talukder | D10: 40 | E10: =(50*D10)/45 -> 44.444444 | F10: 27 | H10: 24 | L10: 24 | N10: 36 | U10: 30 | Z10: =(50*AVERAGE(F10:Y10))/45 -> 31.333333 | AA10: =ROUND((E10*60%+Z10*40%),2) -> 39.2
A11: 7 | B11: =CSE4098A_Spring2026_Grade!B11 -> 231014001 | C11: =CSE4098A_Spring2026_Grade!C11 -> Md. Aminul Islam Rupak | D11: 40 | E11: =(50*D11)/45 -> 44.444444 | F11: 27 | H11: 27 | L11: 27 | N11: 36 | U11: 24 | Z11: =(50*AVERAGE(F11:Y11))/45 -> 31.333333 | AA11: =ROUND((E11*60%+Z11*40%),2) -> 39.2
A12: 8 | B12: =CSE4098A_Spring2026_Grade!B12 -> 223014100 | C12: =CSE4098A_Spring2026_Grade!C12 -> Jannatul Tazree | D12: 42 | E12: =(50*D12)/45 -> 46.666667 | F12: 33 | H12: 36 | L12: 24 | N12: 39 | U12: 33 | Z12: =(50*AVERAGE(F12:Y12))/45 -> 36.666667 | AA12: =ROUND((E12*60%+Z12*40%),2) -> 42.67
A13: 9 | B13: =CSE4098A_Spring2026_Grade!B13 -> 232014003 | C13: =CSE4098A_Spring2026_Grade!C13 -> Tasin Bin Mortoza | D13: 41 | E13: =(50*D13)/45 -> 45.555556 | F13: 27 | H13: 30 | L13: 27 | N13: 36 | U13: 27 | Z13: =(50*AVERAGE(F13:Y13))/45 -> 32.666667 | AA13: =ROUND((E13*60%+Z13*40%),2) -> 40.4
A14: 10 | B14: =CSE4098A_Spring2026_Grade!B14 -> 223014084 | C14: =CSE4098A_Spring2026_Grade!C14 -> Mirza Mostafa Abrar | D14: 40 | E14: =(50*D14)/45 -> 44.444444 | H14: 27 | L14: 39 | N14: 36 | U14: 24 | Z14: =(50*AVERAGE(F14:Y14))/45 -> 35 | AA14: =ROUND((E14*60%+Z14*40%),2) -> 40.67
A15: 11 | B15: =CSE4098A_Spring2026_Grade!B15 -> 223014075 | C15: =CSE4098A_Spring2026_Grade!C15 -> S M Rahnuma Apshara | D15: 41 | E15: =(50*D15)/45 -> 45.555556 | H15: 36 | L15: 42 | N15: 39 | U15: 27 | Z15: =(50*AVERAGE(F15:Y15))/45 -> 40 | AA15: =ROUND((E15*60%+Z15*40%),2) -> 43.33
A16: 12 | B16: =CSE4098A_Spring2026_Grade!B16 -> 223014108 | C16: =CSE4098A_Spring2026_Grade!C16 -> Israt Islam | D16: 41 | E16: =(50*D16)/45 -> 45.555556 | H16: 30 | L16: 42 | N16: 36 | U16: 30 | Z16: =(50*AVERAGE(F16:Y16))/45 -> 38.333333 | AA16: =ROUND((E16*60%+Z16*40%),2) -> 42.67
A17: 13 | B17: =CSE4098A_Spring2026_Grade!B17 -> 223014090 | C17: =CSE4098A_Spring2026_Grade!C17 -> Shatabdee Chanda Shruti | D17: 40 | E17: =(50*D17)/45 -> 44.444444 | H17: 33 | L17: 39 | N17: 36 | U17: 30 | Z17: =(50*AVERAGE(F17:Y17))/45 -> 38.333333 | AA17: =ROUND((E17*60%+Z17*40%),2) -> 42
A18: 14 | B18: =CSE4098A_Spring2026_Grade!B18 -> 223014024 | C18: =CSE4098A_Spring2026_Grade!C18 -> Piyas Sarkar | D18: 27 | E18: =(50*D18)/45 -> 30 | I18: 40 | L18: 36 | N18: 36 | U18: 36 | Z18: =(50*AVERAGE(F18:Y18))/45 -> 41.111111 | AA18: =ROUND((E18*60%+Z18*40%),2) -> 34.44
A19: 15 | B19: =CSE4098A_Spring2026_Grade!B19 -> 223014112 | C19: =CSE4098A_Spring2026_Grade!C19 -> Md. Mahmuduzzaman Mollah Rabbee | D19: 24 | E19: =(50*D19)/45 -> 26.666667 | I19: 40 | L19: 36 | N19: 36 | U19: 24 | Z19: =(50*AVERAGE(F19:Y19))/45 -> 37.777778 | AA19: =ROUND((E19*60%+Z19*40%),2) -> 31.11
A20: 16 | B20: =CSE4098A_Spring2026_Grade!B20 -> 231014136 | C20: =CSE4098A_Spring2026_Grade!C20 -> Md. Tasdiqur Rahman Khan | D20: 24 | E20: =(50*D20)/45 -> 26.666667 | I20: 40 | L20: 36 | N20: 36 | U20: 24 | Z20: =(50*AVERAGE(F20:Y20))/45 -> 37.777778 | AA20: =ROUND((E20*60%+Z20*40%),2) -> 31.11
A21: 17 | B21: =CSE4098A_Spring2026_Grade!B21 -> 223014206 | C21: =CSE4098A_Spring2026_Grade!C21 -> Rafia Haque Arpita | D21: 27 | E21: =(50*D21)/45 -> 30 | I21: 40 | L21: 36 | N21: 36 | U21: 27 | Z21: =(50*AVERAGE(F21:Y21))/45 -> 38.611111 | AA21: =ROUND((E21*60%+Z21*40%),2) -> 33.44
A22: 18 | B22: =CSE4098A_Spring2026_Grade!B22 -> 231014010 | C22: =CSE4098A_Spring2026_Grade!C22 -> Mahmudul Islam Shajib | D22: 33 | E22: =(50*D22)/45 -> 36.666667 | F22: 39 | I22: 40 | L22: 33 | N22: 30 | U22: 27 | Z22: =(50*AVERAGE(F22:Y22))/45 -> 37.555556 | AA22: =ROUND((E22*60%+Z22*40%),2) -> 37.02
A23: 19 | B23: =CSE4098A_Spring2026_Grade!B23 -> 231014082 | C23: =CSE4098A_Spring2026_Grade!C23 -> Mst. Fahmida Jesmin | D23: 36 | E23: =(50*D23)/45 -> 40 | F23: 39 | I23: 40 | L23: 33 | N23: 33 | U23: 27 | Z23: =(50*AVERAGE(F23:Y23))/45 -> 38.222222 | AA23: =ROUND((E23*60%+Z23*40%),2) -> 39.29
A24: 20 | B24: =CSE4098A_Spring2026_Grade!B24 -> 231014133 | C24: =CSE4098A_Spring2026_Grade!C24 -> Md. Eakramul Karim Tarik | D24: 33 | E24: =(50*D24)/45 -> 36.666667 | F24: 39 | I24: 40 | L24: 33 | N24: 30 | U24: 27 | Z24: =(50*AVERAGE(F24:Y24))/45 -> 37.555556 | AA24: =ROUND((E24*60%+Z24*40%),2) -> 37.02
A25: 21 | B25: =CSE4098A_Spring2026_Grade!B25 -> 231014120 | C25: =CSE4098A_Spring2026_Grade!C25 -> Md. Abir Hosen | D25: 39 | E25: =(50*D25)/45 -> 43.333333 | F25: 30 | I25: 38 | L25: 30 | S25: 33 | U25: 30 | Z25: =(50*AVERAGE(F25:Y25))/45 -> 35.777778 | AA25: =ROUND((E25*60%+Z25*40%),2) -> 40.31
A26: 22 | B26: =CSE4098A_Spring2026_Grade!B26 -> 231014096 | C26: =CSE4098A_Spring2026_Grade!C26 -> Md. Rahat Hawlader | D26: 39 | E26: =(50*D26)/45 -> 43.333333 | F26: 30 | I26: 38 | L26: 30 | S26: 30 | U26: 30 | Z26: =(50*AVERAGE(F26:Y26))/45 -> 35.111111 | AA26: =ROUND((E26*60%+Z26*40%),2) -> 40.04
A27: 23 | B27: =CSE4098A_Spring2026_Grade!B27 -> 231014014 | C27: =CSE4098A_Spring2026_Grade!C27 -> Shahriar Alam Sazzad | D27: 36 | E27: =(50*D27)/45 -> 40 | F27: 30 | I27: 38 | L27: 30 | S27: 33 | U27: 27 | Z27: =(50*AVERAGE(F27:Y27))/45 -> 35.111111 | AA27: =ROUND((E27*60%+Z27*40%),2) -> 38.04
A28: 24 | B28: =CSE4098A_Spring2026_Grade!B28 -> 231014018 | C28: =CSE4098A_Spring2026_Grade!C28 -> Zubaida Akter Prova | D28: 36 | E28: =(50*D28)/45 -> 40 | F28: 30 | I28: 38 | L28: 30 | S28: 24 | U28: 30 | Z28: =(50*AVERAGE(F28:Y28))/45 -> 33.777778 | AA28: =ROUND((E28*60%+Z28*40%),2) -> 37.51
A29: 25 | B29: =CSE4098A_Spring2026_Grade!B29 -> 231014052 | C29: =CSE4098A_Spring2026_Grade!C29 -> Md. Shaidur Rahman | D29: 20 | E29: =(50*D29)/45 -> 22.222222 | P29: 18 | V29: 12 | Y29: 24 | Z29: =(50*AVERAGE(F29:Y29))/45 -> 20 | AA29: =ROUND((E29*60%+Z29*40%),2) -> 21.33
A30: 26 | B30: =CSE4098A_Spring2026_Grade!B30 -> 231014131 | C30: =CSE4098A_Spring2026_Grade!C30 -> Sumia Sharmin Sinthia | D30: 26 | E30: =(50*D30)/45 -> 28.888889 | P30: 21 | V30: 12 | Y30: 19 | Z30: =(50*AVERAGE(F30:Y30))/45 -> 19.259259 | AA30: =ROUND((E30*60%+Z30*40%),2) -> 25.04
A31: 27 | B31: =CSE4098A_Spring2026_Grade!B31 -> 221014109 | C31: =CSE4098A_Spring2026_Grade!C31 -> Maharun Nessa Akhi | D31: 21 | E31: =(50*D31)/45 -> 23.333333 | P31: 18 | V31: 12 | Y31: 22 | Z31: =(50*AVERAGE(F31:Y31))/45 -> 19.259259 | AA31: =ROUND((E31*60%+Z31*40%),2) -> 21.7
A32: 28 | B32: =CSE4098A_Spring2026_Grade!B32 -> 223014088 | C32: =CSE4098A_Spring2026_Grade!C32 -> Md. Sakib Ishrak | D32: 21 | E32: =(50*D32)/45 -> 23.333333 | P32: 18 | V32: 12 | Y32: 18 | Z32: =(50*AVERAGE(F32:Y32))/45 -> 17.777778 | AA32: =ROUND((E32*60%+Z32*40%),2) -> 21.11
A33: 29 | B33: =CSE4098A_Spring2026_Grade!B33 -> 231014017 | C33: =CSE4098A_Spring2026_Grade!C33 -> Md. Jahid Ahamed Jihad | D33: 39 | E33: =(50*D33)/45 -> 43.333333 | M33: 24 | P33: 24 | V33: 30 | W33: 24 | Y33: 21 | Z33: =(50*AVERAGE(F33:Y33))/45 -> 27.333333 | AA33: =ROUND((E33*60%+Z33*40%),2) -> 36.93
A34: 30 | B34: =CSE4098A_Spring2026_Grade!B34 -> 231014115 | C34: =CSE4098A_Spring2026_Grade!C34 -> Iftiker Jahid Moyshun | D34: 36 | E34: =(50*D34)/45 -> 40 | M34: 24 | P34: 24 | V34: 30 | W34: 24 | Y34: 22 | Z34: =(50*AVERAGE(F34:Y34))/45 -> 27.555556 | AA34: =ROUND((E34*60%+Z34*40%),2) -> 35.02
A35: 31 | B35: =CSE4098A_Spring2026_Grade!B35 -> 231014151 | C35: =CSE4098A_Spring2026_Grade!C35 -> Hasan Uddin Chowdhury | D35: 27 | E35: =(50*D35)/45 -> 30 | M35: 24 | P35: 24 | V35: 30 | W35: 24 | Y35: 23 | Z35: =(50*AVERAGE(F35:Y35))/45 -> 27.777778 | AA35: =ROUND((E35*60%+Z35*40%),2) -> 29.11
A36: 32 | B36: =CSE4098A_Spring2026_Grade!B36 -> 231014003 | C36: =CSE4098A_Spring2026_Grade!C36 -> Md. Arfan Alam | D36: 39 | E36: =(50*D36)/45 -> 43.333333 | M36: 24 | P36: 24 | V36: 30 | W36: 24 | Y36: 20 | Z36: =(50*AVERAGE(F36:Y36))/45 -> 27.111111 | AA36: =ROUND((E36*60%+Z36*40%),2) -> 36.84
A37: 33 | B37: =CSE4098A_Spring2026_Grade!B37 -> 231014147 | C37: =CSE4098A_Spring2026_Grade!C37 -> Asif Ahmed | D37: 33 | E37: =(50*D37)/45 -> 36.666667 | M37: 24 | P37: 24 | V37: 30 | W37: 24 | Y37: 19 | Z37: =(50*AVERAGE(F37:Y37))/45 -> 26.888889 | AA37: =ROUND((E37*60%+Z37*40%),2) -> 32.76
A38: 34 | B38: =CSE4098A_Spring2026_Grade!B38 -> 213014010 | C38: =CSE4098A_Spring2026_Grade!C38 -> Mozahedur Nur Nishanul Niloy | D38: 27 | E38: =(50*D38)/45 -> 30 | M38: 30 | R38: 21 | V38: 15 | W38: 18 | Y38: 26 | Z38: =(50*AVERAGE(F38:Y38))/45 -> 24.444444 | AA38: =ROUND((E38*60%+Z38*40%),2) -> 27.78
A39: 35 | B39: =CSE4098A_Spring2026_Grade!B39 -> 221014096 | C39: =CSE4098A_Spring2026_Grade!C39 -> Md. Nasimuzzaman Setu | D39: 27 | E39: =(50*D39)/45 -> 30 | M39: 30 | R39: 21 | V39: 15 | W39: 18 | Y39: 24 | Z39: =(50*AVERAGE(F39:Y39))/45 -> 24 | AA39: =ROUND((E39*60%+Z39*40%),2) -> 27.6
A40: 36 | B40: =CSE4098A_Spring2026_Grade!B40 -> 221014061 | C40: =CSE4098A_Spring2026_Grade!C40 -> Mirazul Islam Turag | D40: 27 | E40: =(50*D40)/45 -> 30 | M40: 30 | R40: 21 | V40: 15 | W40: 18 | Y40: 24 | Z40: =(50*AVERAGE(F40:Y40))/45 -> 24 | AA40: =ROUND((E40*60%+Z40*40%),2) -> 27.6
A41: 37 | B41: =CSE4098A_Spring2026_Grade!B41 -> 221014087 | C41: =CSE4098A_Spring2026_Grade!C41 -> Shahriar Al Shihab | D41: 27 | E41: =(50*D41)/45 -> 30 | M41: 30 | R41: 21 | V41: 15 | W41: 18 | Y41: 23 | Z41: =(50*AVERAGE(F41:Y41))/45 -> 23.777778 | AA41: =ROUND((E41*60%+Z41*40%),2) -> 27.51
A42: 38 | B42: =CSE4098A_Spring2026_Grade!B42 -> 212014010 | C42: =CSE4098A_Spring2026_Grade!C42 -> Md. Ayman Hasan | D42: 27 | E42: =(50*D42)/45 -> 30 | M42: 33 | R42: 30 | V42: 12 | W42: 21 | Y42: 27 | Z42: =(50*AVERAGE(F42:Y42))/45 -> 27.333333 | AA42: =ROUND((E42*60%+Z42*40%),2) -> 28.93
A43: 39 | B43: =CSE4098A_Spring2026_Grade!B43 -> 213014056 | C43: =CSE4098A_Spring2026_Grade!C43 -> Shovon Dip Karmaker | D43: 27 | E43: =(50*D43)/45 -> 30 | M43: 33 | R43: 30 | V43: 12 | W43: 21 | Y43: 28 | Z43: =(50*AVERAGE(F43:Y43))/45 -> 27.555556 | AA43: =ROUND((E43*60%+Z43*40%),2) -> 29.02
A44: 40 | B44: =CSE4098A_Spring2026_Grade!B44 -> 212014022 | C44: =CSE4098A_Spring2026_Grade!C44 -> Tahsin Aftab Khan | D44: 27 | E44: =(50*D44)/45 -> 30 | M44: 33 | R44: 30 | V44: 12 | W44: 21 | Y44: 30 | Z44: =(50*AVERAGE(F44:Y44))/45 -> 28 | AA44: =ROUND((E44*60%+Z44*40%),2) -> 29.2
A45: 41 | B45: =CSE4098A_Spring2026_Grade!B45 -> 213014040 | C45: =CSE4098A_Spring2026_Grade!C45 -> Towhid Hossain Alvi | D45: 27 | E45: =(50*D45)/45 -> 30 | M45: 33 | R45: 30 | V45: 12 | W45: 21 | Y45: 28 | Z45: =(50*AVERAGE(F45:Y45))/45 -> 27.555556 | AA45: =ROUND((E45*60%+Z45*40%),2) -> 29.02
A46: 42 | B46: =CSE4098A_Spring2026_Grade!B46 -> 213014058 | C46: =CSE4098A_Spring2026_Grade!C46 -> Samina Akter | D46: 27 | E46: =(50*D46)/45 -> 30 | M46: 30 | R46: 30 | V46: 12 | W46: 21 | Y46: 27 | Z46: =(50*AVERAGE(F46:Y46))/45 -> 26.666667 | AA46: =ROUND((E46*60%+Z46*40%),2) -> 28.67
A47: 43 | B47: =CSE4098A_Spring2026_Grade!B47 -> 232014048 | C47: =CSE4098A_Spring2026_Grade!C47 -> Md. Shayan Alam | D47: 39 | E47: =(50*D47)/45 -> 43.333333 | J47: 39 | O47: 36 | R47: 39 | Z47: =(50*AVERAGE(F47:Y47))/45 -> 42.222222 | AA47: =ROUND((E47*60%+Z47*40%),2) -> 42.89
A48: 44 | B48: =CSE4098A_Spring2026_Grade!B48 -> 223014077 | C48: =CSE4098A_Spring2026_Grade!C48 -> Mir Hussain Murtaza | D48: 39 | E48: =(50*D48)/45 -> 43.333333 | J48: 42 | O48: 39 | R48: 42 | Z48: =(50*AVERAGE(F48:Y48))/45 -> 45.555556 | AA48: =ROUND((E48*60%+Z48*40%),2) -> 44.22
A49: 45 | B49: =CSE4098A_Spring2026_Grade!B49 -> 232014033 | C49: =CSE4098A_Spring2026_Grade!C49 -> Morium Rahman | D49: 39 | E49: =(50*D49)/45 -> 43.333333 | J49: 39 | O49: 33 | R49: 39 | Z49: =(50*AVERAGE(F49:Y49))/45 -> 41.111111 | AA49: =ROUND((E49*60%+Z49*40%),2) -> 42.44
A50: 46 | B50: =CSE4098A_Spring2026_Grade!B50 -> 232014102 | C50: =CSE4098A_Spring2026_Grade!C50 -> Sabikun Nahar Zaria | D50: 39 | E50: =(50*D50)/45 -> 43.333333 | J50: 39 | O50: 33 | R50: 39 | Z50: =(50*AVERAGE(F50:Y50))/45 -> 41.111111 | AA50: =ROUND((E50*60%+Z50*40%),2) -> 42.44
A51: 47 | B51: =CSE4098A_Spring2026_Grade!B51 -> 232014040 | C51: =CSE4098A_Spring2026_Grade!C51 -> Sima Akter Tithe | D51: 37 | E51: =(50*D51)/45 -> 41.111111 | J51: 36 | O51: 39 | Q51: 27 | T51: 42 | Z51: =(50*AVERAGE(F51:Y51))/45 -> 40 | AA51: =ROUND((E51*60%+Z51*40%),2) -> 40.67
A52: 48 | B52: =CSE4098A_Spring2026_Grade!B52 -> 232014027 | C52: =CSE4098A_Spring2026_Grade!C52 -> Muskan Gouri | D52: 37 | E52: =(50*D52)/45 -> 41.111111 | J52: 36 | O52: 39 | Q52: 27 | T52: 36 | Z52: =(50*AVERAGE(F52:Y52))/45 -> 38.333333 | AA52: =ROUND((E52*60%+Z52*40%),2) -> 40
A53: 49 | B53: =CSE4098A_Spring2026_Grade!B53 -> 213014024 | C53: =CSE4098A_Spring2026_Grade!C53 -> Minhaz Hossen | D53: 37 | E53: =(50*D53)/45 -> 41.111111 | J53: 33 | O53: 33 | Q53: 27 | T53: 33 | Z53: =(50*AVERAGE(F53:Y53))/45 -> 35 | AA53: =ROUND((E53*60%+Z53*40%),2) -> 38.67
A54: 50 | B54: =CSE4098A_Spring2026_Grade!B54 -> 221014137 | C54: =CSE4098A_Spring2026_Grade!C54 -> Prisom Halder | D54: 37 | E54: =(50*D54)/45 -> 41.111111 | J54: 36 | O54: 33 | Q54: 27 | T54: 30 | Z54: =(50*AVERAGE(F54:Y54))/45 -> 35 | AA54: =ROUND((E54*60%+Z54*40%),2) -> 38.67
A55: 51 | B55: =CSE4098A_Spring2026_Grade!B55 -> 223014125 | C55: =CSE4098A_Spring2026_Grade!C55 -> Fatima Wohabee | D55: 30 | E55: =(50*D55)/45 -> 33.333333 | J55: 27 | O55: 33 | Q55: 15 | T55: 15 | Z55: =(50*AVERAGE(F55:Y55))/45 -> 25 | AA55: =ROUND((E55*60%+Z55*40%),2) -> 30
A56: 52 | B56: =CSE4098A_Spring2026_Grade!B56 -> 231014008 | C56: =CSE4098A_Spring2026_Grade!C56 -> Tasnim Taher | D56: 30 | E56: =(50*D56)/45 -> 33.333333 | J56: 24 | O56: 30 | Q56: 15 | T56: 15 | Z56: =(50*AVERAGE(F56:Y56))/45 -> 23.333333 | AA56: =ROUND((E56*60%+Z56*40%),2) -> 29.33
A57: 53 | B57: =CSE4098A_Spring2026_Grade!B57 -> 223014064 | C57: =CSE4098A_Spring2026_Grade!C57 -> Israt Zahan Ifa | D57: 30 | E57: =(50*D57)/45 -> 33.333333 | J57: 24 | O57: 30 | Q57: 15 | T57: 15 | Z57: =(50*AVERAGE(F57:Y57))/45 -> 23.333333 | AA57: =ROUND((E57*60%+Z57*40%),2) -> 29.33
A58: 54 | B58: =CSE4098A_Spring2026_Grade!B58 -> 231014123 | C58: =CSE4098A_Spring2026_Grade!C58 -> Rakib Rahman | D58: 30 | E58: =(50*D58)/45 -> 33.333333 | J58: 24 | O58: 30 | Q58: 15 | T58: 15 | Z58: =(50*AVERAGE(F58:Y58))/45 -> 23.333333 | AA58: =ROUND((E58*60%+Z58*40%),2) -> 29.33
A59: 55 | B59: =CSE4098A_Spring2026_Grade!B59 -> 223014141 | C59: =CSE4098A_Spring2026_Grade!C59 -> Yasin Khandakar | D59: 30 | E59: =(50*D59)/45 -> 33.333333 | J59: 36 | O59: 33 | Q59: 27 | Z59: =(50*AVERAGE(F59:Y59))/45 -> 35.555556 | AA59: =ROUND((E59*60%+Z59*40%),2) -> 34.22
A60: 56 | B60: =CSE4098A_Spring2026_Grade!B60 -> 223014002 | C60: =CSE4098A_Spring2026_Grade!C60 -> Sanjida Siddique | D60: 27 | E60: =(50*D60)/45 -> 30 | J60: 33 | O60: 36 | Q60: 27 | Z60: =(50*AVERAGE(F60:Y60))/45 -> 35.555556 | AA60: =ROUND((E60*60%+Z60*40%),2) -> 32.22
A61: 57 | B61: =CSE4098A_Spring2026_Grade!B61 -> 221014059 | C61: =CSE4098A_Spring2026_Grade!C61 -> Shakila Rahman Sudha | D61: 27 | E61: =(50*D61)/45 -> 30 | J61: 33 | O61: 33 | Q61: 27 | Z61: =(50*AVERAGE(F61:Y61))/45 -> 34.444444 | AA61: =ROUND((E61*60%+Z61*40%),2) -> 31.78
A62: 58 | B62: =CSE4098A_Spring2026_Grade!B62 -> 222014061 | C62: =CSE4098A_Spring2026_Grade!C62 -> Rafsan Jani Siam | D62: 21 | E62: =(50*D62)/45 -> 23.333333 | J62: 30 | O62: 33 | Q62: 27 | Z62: =(50*AVERAGE(F62:Y62))/45 -> 33.333333 | AA62: =ROUND((E62*60%+Z62*40%),2) -> 27.33
A63: 59 | B63: =CSE4098A_Spring2026_Grade!B63 -> 222014014 | C63: =CSE4098A_Spring2026_Grade!C63 -> Bahadur Zamn Shezan | D63: 35 | E63: =(50*D63)/45 -> 38.888889 | P63: 30 | R63: 39 | V63: 30 | W63: 30 | Z63: =(50*AVERAGE(F63:Y63))/45 -> 35.833333 | AA63: =ROUND((E63*60%+Z63*40%),2) -> 37.67
A64: 60 | B64: =CSE4098A_Spring2026_Grade!B64 -> 222014004 | C64: =CSE4098A_Spring2026_Grade!C64 -> Ratul Hasan Polok | D64: 36 | E64: =(50*D64)/45 -> 40 | P64: 30 | R64: 39 | V64: 30 | W64: 30 | Z64: =(50*AVERAGE(F64:Y64))/45 -> 35.833333 | AA64: =ROUND((E64*60%+Z64*40%),2) -> 38.33
A65: 61 | B65: =CSE4098A_Spring2026_Grade!B65 -> 232014059 | C65: =CSE4098A_Spring2026_Grade!C65 -> Tasfia Hasan Tushin | D65: 39 | E65: =(50*D65)/45 -> 43.333333 | P65: 36 | R65: 42 | V65: 30 | W65: 30 | Z65: =(50*AVERAGE(F65:Y65))/45 -> 38.333333 | AA65: =ROUND((E65*60%+Z65*40%),2) -> 41.33
A66: 62 | B66: =CSE4098A_Spring2026_Grade!B66 -> 232014130 | C66: =CSE4098A_Spring2026_Grade!C66 -> Thamina Hossen | D66: 40 | E66: =(50*D66)/45 -> 44.444444 | P66: 36 | R66: 42 | V66: 30 | W66: 30 | Z66: =(50*AVERAGE(F66:Y66))/45 -> 38.333333 | AA66: =ROUND((E66*60%+Z66*40%),2) -> 42
A67: 63 | B67: =CSE4098A_Spring2026_Grade!B67 -> 231014084 | C67: =CSE4098A_Spring2026_Grade!C67 -> Tanzila Tasnim Rahman | D67: 33 | E67: =(50*D67)/45 -> 36.666667 | O67: 30 | Q67: 24 | T67: 21 | Z67: =(50*AVERAGE(F67:Y67))/45 -> 27.777778 | AA67: =ROUND((E67*60%+Z67*40%),2) -> 33.11
A68: 64 | B68: =CSE4098A_Spring2026_Grade!B68 -> 231014029 | C68: =CSE4098A_Spring2026_Grade!C68 -> Sadia Sharmin | D68: 33 | E68: =(50*D68)/45 -> 36.666667 | O68: 36 | Q68: 24 | T68: 33 | Z68: =(50*AVERAGE(F68:Y68))/45 -> 34.444444 | AA68: =ROUND((E68*60%+Z68*40%),2) -> 35.78
A69: 65 | B69: =CSE4098A_Spring2026_Grade!B69 -> 231014083 | C69: =CSE4098A_Spring2026_Grade!C69 -> Jannatun Farjana | D69: 33 | E69: =(50*D69)/45 -> 36.666667 | O69: 33 | Q69: 24 | T69: 27 | Z69: =(50*AVERAGE(F69:Y69))/45 -> 31.111111 | AA69: =ROUND((E69*60%+Z69*40%),2) -> 34.44
A70: 66 | B70: =CSE4098A_Spring2026_Grade!B70 -> 231014077 | C70: =CSE4098A_Spring2026_Grade!C70 -> Sumaiya Afrin | D70: 33 | E70: =(50*D70)/45 -> 36.666667 | O70: 30 | Q70: 24 | T70: 27 | Z70: =(50*AVERAGE(F70:Y70))/45 -> 30 | AA70: =ROUND((E70*60%+Z70*40%),2) -> 34
A71: 67 | B71: =CSE4098A_Spring2026_Grade!B71 -> 223014082 | C71: =CSE4098A_Spring2026_Grade!C71 -> Tarif-E-Mustafa | D71: 24 | E71: =(50*D71)/45 -> 26.666667 | J71: 33 | O71: 33 | T71: 30 | Z71: =(50*AVERAGE(F71:Y71))/45 -> 35.555556 | AA71: =ROUND((E71*60%+Z71*40%),2) -> 30.22
A72: 68 | B72: =CSE4098A_Spring2026_Grade!B72 -> 231014002 | C72: =CSE4098A_Spring2026_Grade!C72 -> Saykot Biswas Shawon | D72: 24 | E72: =(50*D72)/45 -> 26.666667 | J72: 30 | O72: 33 | T72: 30 | Z72: =(50*AVERAGE(F72:Y72))/45 -> 34.444444 | AA72: =ROUND((E72*60%+Z72*40%),2) -> 29.78
A73: 69 | B73: =CSE4098A_Spring2026_Grade!B73 -> 231014047 | C73: =CSE4098A_Spring2026_Grade!C73 -> Abu Saleh Md Araf | D73: 24 | E73: =(50*D73)/45 -> 26.666667 | J73: 33 | O73: 39 | T73: 30 | Z73: =(50*AVERAGE(F73:Y73))/45 -> 37.777778 | AA73: =ROUND((E73*60%+Z73*40%),2) -> 31.11
A74: 70 | B74: =CSE4098A_Spring2026_Grade!B74 -> 231014025 | C74: =CSE4098A_Spring2026_Grade!C74 -> Sariful Islam Rana | D74: 24 | E74: =(50*D74)/45 -> 26.666667 | J74: 30 | O74: 36 | T74: 18 | Z74: =(50*AVERAGE(F74:Y74))/45 -> 31.111111 | AA74: =ROUND((E74*60%+Z74*40%),2) -> 28.44
A75: 71 | B75: =CSE4098A_Spring2026_Grade!B75 -> 223014009 | C75: =CSE4098A_Spring2026_Grade!C75 -> Farjana Akter Ema | D75: 27 | E75: =(50*D75)/45 -> 30 | P75: 24 | R75: 33 | V75: 18 | Y75: 24 | Z75: =(50*AVERAGE(F75:Y75))/45 -> 27.5 | AA75: =ROUND((E75*60%+Z75*40%),2) -> 29
A76: 72 | B76: =CSE4098A_Spring2026_Grade!B76 -> 223014073 | C76: =CSE4098A_Spring2026_Grade!C76 -> Pronoy Pal | D76: 27 | E76: =(50*D76)/45 -> 30 | P76: 21 | R76: 33 | V76: 18 | Y76: 25 | Z76: =(50*AVERAGE(F76:Y76))/45 -> 26.944444 | AA76: =ROUND((E76*60%+Z76*40%),2) -> 28.78
A77: 73 | B77: =CSE4098A_Spring2026_Grade!B77 -> 223014157 | C77: =CSE4098A_Spring2026_Grade!C77 -> Mohammad Talha | D77: 27 | E77: =(50*D77)/45 -> 30 | P77: 21 | R77: 33 | V77: 18 | Y77: 23 | Z77: =(50*AVERAGE(F77:Y77))/45 -> 26.388889 | AA77: =ROUND((E77*60%+Z77*40%),2) -> 28.56
A78: 74 | B78: =CSE4098A_Spring2026_Grade!B78 -> 223014022 | C78: =CSE4098A_Spring2026_Grade!C78 -> Sumaiya Islam Rouja | D78: 27 | E78: =(50*D78)/45 -> 30 | P78: 21 | R78: 33 | V78: 18 | Y78: 23 | Z78: =(50*AVERAGE(F78:Y78))/45 -> 26.388889 | AA78: =ROUND((E78*60%+Z78*40%),2) -> 28.56
A79: 75 | B79: =CSE4098A_Spring2026_Grade!B79 -> 223014117 | C79: =CSE4098A_Spring2026_Grade!C79 -> Sudipto Acharjee Dhrubo | D79: 27 | E79: =(50*D79)/45 -> 30 | P79: 24 | R79: 33 | V79: 18 | Y79: 23 | Z79: =(50*AVERAGE(F79:Y79))/45 -> 27.222222 | AA79: =ROUND((E79*60%+Z79*40%),2) -> 28.89
A80: 76 | B80: =CSE4098A_Spring2026_Grade!B80 -> 223014005 | C80: =CSE4098A_Spring2026_Grade!C80 -> Md. Mahmudul Hasan Mohot | D80: 27 | E80: =(50*D80)/45 -> 30 | P80: 27 | R80: 15 | V80: 24 | Y80: 22 | Z80: =(50*AVERAGE(F80:Y80))/45 -> 24.444444 | AA80: =ROUND((E80*60%+Z80*40%),2) -> 27.78
A81: 77 | B81: =CSE4098A_Spring2026_Grade!B81 -> 223014080 | C81: =CSE4098A_Spring2026_Grade!C81 -> Refa Rayhana | D81: 27 | E81: =(50*D81)/45 -> 30 | P81: 27 | R81: 15 | V81: 24 | Y81: 23 | Z81: =(50*AVERAGE(F81:Y81))/45 -> 24.722222 | AA81: =ROUND((E81*60%+Z81*40%),2) -> 27.89
A82: 78 | B82: =CSE4098A_Spring2026_Grade!B82 -> 223014123 | C82: =CSE4098A_Spring2026_Grade!C82 -> Md. Emon Hossain | D82: 27 | E82: =(50*D82)/45 -> 30 | P82: 27 | R82: 15 | V82: 24 | Y82: 20 | Z82: =(50*AVERAGE(F82:Y82))/45 -> 23.888889 | AA82: =ROUND((E82*60%+Z82*40%),2) -> 27.56
A83: 79 | B83: =CSE4098A_Spring2026_Grade!B83 -> 223014187 | C83: =CSE4098A_Spring2026_Grade!C83 -> Mohammad Asif Abrar Sayim | D83: 27 | E83: =(50*D83)/45 -> 30 | P83: 30 | R83: 15 | V83: 24 | Y83: 25 | Z83: =(50*AVERAGE(F83:Y83))/45 -> 26.111111 | AA83: =ROUND((E83*60%+Z83*40%),2) -> 28.44
A84: 80 | B84: =CSE4098A_Spring2026_Grade!B84 -> 231014107 | C84: =CSE4098A_Spring2026_Grade!C84 -> Tahmina Akter Ritu | D84: 39 | E84: =(50*D84)/45 -> 43.333333 | J84: 30 | Q84: 27 | T84: 39 | Z84: =(50*AVERAGE(F84:Y84))/45 -> 35.555556 | AA84: =ROUND((E84*60%+Z84*40%),2) -> 40.22
A85: 81 | B85: =CSE4098A_Spring2026_Grade!B85 -> 231014108 | C85: =CSE4098A_Spring2026_Grade!C85 -> Jahra Amin Misty | D85: 36 | E85: =(50*D85)/45 -> 40 | J85: 33 | Q85: 27 | T85: 33 | Z85: =(50*AVERAGE(F85:Y85))/45 -> 34.444444 | AA85: =ROUND((E85*60%+Z85*40%),2) -> 37.78
A86: 82 | B86: =CSE4098A_Spring2026_Grade!B86 -> 223014098 | C86: =CSE4098A_Spring2026_Grade!C86 -> Humayara Kabir Upoma | D86: 36 | E86: =(50*D86)/45 -> 40 | J86: 33 | Q86: 21 | T86: 24 | Z86: =(50*AVERAGE(F86:Y86))/45 -> 28.888889 | AA86: =ROUND((E86*60%+Z86*40%),2) -> 35.56
A87: 83 | B87: =CSE4098A_Spring2026_Grade!B87 -> 231014028 | C87: =CSE4098A_Spring2026_Grade!C87 -> Maimuna Islam | D87: 36 | E87: =(50*D87)/45 -> 40 | J87: 30 | Q87: 24 | T87: 33 | Z87: =(50*AVERAGE(F87:Y87))/45 -> 32.222222 | AA87: =ROUND((E87*60%+Z87*40%),2) -> 36.89
