Workbook
Name Grades: #REF!
Name mygrade: #REF!
Name mygrades: #REF!

Sheet CSE4098C_Summer2026_Grade
A1: Capstone Project Grade (CSE 4098C)
A2: Marks Distribution
A3: Summer 2026
A4: Sl | B4: Student ID | C4: Student Name | D4: Report (40%) | E4: Presentation (25%) | F4: Poster (20%) | G4: Peer (5%) | H4: Weekly Journal (10%) | I4: Total (100%) | J4: Grade
A5: 1 | B5: 223014152 | C5: Ahadul Islam Rahul | D5: =CSE4098C_Summer2026_Report!AA5 -> #DIV/0! | E5: =ROUND((CSE4098C_Spring26_Presentation!Z5/50)*25,2) -> 4 | F5: =ROUND((CSE4098C_Summer2026_Poster!AA5/50)*20,2) -> #DIV/0! | I5: =SUM(D5:H5) -> #DIV/0! | J5: =IF(I5>=95,"A+",IF(I5>=85,"A",IF(I5>=80,"A-",IF(I5>=75,"B+",IF(I5>=70,"B",IF(I5>=65,"B-",IF(I5>=60,"C+",IF(I5>=55,"C",IF(I5>=50,"D","F"))))))))) -> #DIV/0!
A6: =A5+1 -> 2 | B6: 223014049 | C6: Md. Sojib Al Hasan | D6: =CSE4098C_Summer2026_Report!AA6 -> #DIV/0! | E6: =ROUND((CSE4098C_Spring26_Presentation!Z6/50)*25,2) -> 4 | F6: =ROUND((CSE4098C_Summer2026_Poster!AA6/50)*20,2) -> #DIV/0! | I6: =SUM(D6:H6) -> #DIV/0! | J6: =IF(I6>=95,"A+",IF(I6>=85,"A",IF(I6>=80,"A-",IF(I6>=75,"B+",IF(I6>=70,"B",IF(I6>=65,"B-",IF(I6>=60,"C+",IF(I6>=55,"C",IF(I6>=50,"D","F"))))))))) -> #DIV/0!
A7: =A6+1 -> 3 | B7: 222014039 | C7: Nadia Akter Jui | D7: =CSE4098C_Summer2026_Report!AA7 -> #DIV/0! | E7: =ROUND((CSE4098C_Spring26_Presentation!Z7/50)*25,2) -> 3.67 | F7: =ROUND((CSE4098C_Summer2026_Poster!AA7/50)*20,2) -> #DIV/0! | I7: =SUM(D7:H7) -> #DIV/0! | J7: =IF(I7>=95,"A+",IF(I7>=85,"A",IF(I7>=80,"A-",IF(I7>=75,"B+",IF(I7>=70,"B",IF(I7>=65,"B-",IF(I7>=60,"C+",IF(I7>=55,"C",IF(I7>=50,"D","F"))))))))) -> #DIV/0!
A8: =A7+1 -> 4 | B8: 222014012 | C8: Md. Minhazul Islam | D8: =CSE4098C_Summer2026_Report!AA8 -> #DIV/0! | E8: =ROUND((CSE4098C_Spring26_Presentation!Z8/50)*25,2) -> 4 | F8: =ROUND((CSE4098C_Summer2026_Poster!AA8/50)*20,2) -> #DIV/0! | I8: =SUM(D8:H8) -> #DIV/0! | J8: =IF(I8>=95,"A+",IF(I8>=85,"A",IF(I8>=80,"A-",IF(I8>=75,"B+",IF(I8>=70,"B",IF(I8>=65,"B-",IF(I8>=60,"C+",IF(I8>=55,"C",IF(I8>=50,"D","F"))))))))) -> #DIV/0!
A9: =A8+1 -> 5 | B9: 222014096 | C9: Md. Shams Arefin | D9: =CSE4098C_Summer2026_Report!AA9 -> #DIV/0! | E9: =ROUND((CSE4098C_Spring26_Presentation!Z9/50)*25,2) -> 4.34 | F9: =ROUND((CSE4098C_Summer2026_Poster!AA9/50)*20,2) -> #DIV/0! | I9: =SUM(D9:H9) -> #DIV/0! | J9: =IF(I9>=95,"A+",IF(I9>=85,"A",IF(I9>=80,"A-",IF(I9>=75,"B+",IF(I9>=70,"B",IF(I9>=65,"B-",IF(I9>=60,"C+",IF(I9>=55,"C",IF(I9>=50,"D","F"))))))))) -> #DIV/0!
A10: =A9+1 -> 6 | B10: 221014135 | C10: Aminul Islam | D10: =CSE4098C_Summer2026_Report!AA10 -> #DIV/0! | E10: =ROUND((CSE4098C_Spring26_Presentation!Z10/50)*25,2) -> 17.11 | F10: =ROUND((CSE4098C_Summer2026_Poster!AA10/50)*20,2) -> #DIV/0! | I10: =SUM(D10:H10) -> #DIV/0! | J10: =IF(I10>=95,"A+",IF(I10>=85,"A",IF(I10>=80,"A-",IF(I10>=75,"B+",IF(I10>=70,"B",IF(I10>=65,"B-",IF(I10>=60,"C+",IF(I10>=55,"C",IF(I10>=50,"D","F"))))))))) -> #DIV/0!
A11: =A10+1 -> 7 | B11: 221014018 | C11: Israfill Hossain Mehedi | D11: =CSE4098C_Summer2026_Report!AA11 -> #DIV/0! | E11: =ROUND((CSE4098C_Spring26_Presentation!Z11/50)*25,2) -> 17.26 | F11: =ROUND((CSE4098C_Summer2026_Poster!AA11/50)*20,2) -> #DIV/0! | I11: =SUM(D11:H11) -> #DIV/0! | J11: =IF(I11>=95,"A+",IF(I11>=85,"A",IF(I11>=80,"A-",IF(I11>=75,"B+",IF(I11>=70,"B",IF(I11>=65,"B-",IF(I11>=60,"C+",IF(I11>=55,"C",IF(I11>=50,"D","F"))))))))) -> #DIV/0!
A12: =A11+1 -> 8 | B12: 221014008 | C12: Mahmudul Hasan Dipto | D12: =CSE4098C_Summer2026_Report!AA12 -> #DIV/0! | E12: =ROUND((CSE4098C_Spring26_Presentation!Z12/50)*25,2) -> 17.11 | F12: =ROUND((CSE4098C_Summer2026_Poster!AA12/50)*20,2) -> #DIV/0! | I12: =SUM(D12:H12) -> #DIV/0! | J12: =IF(I12>=95,"A+",IF(I12>=85,"A",IF(I12>=80,"A-",IF(I12>=75,"B+",IF(I12>=70,"B",IF(I12>=65,"B-",IF(I12>=60,"C+",IF(I12>=55,"C",IF(I12>=50,"D","F"))))))))) -> #DIV/0!
A13: =A12+1 -> 9 | B13: 223014142 | C13: Tamanna Akter | D13: =CSE4098C_Summer2026_Report!AA13 -> #DIV/0! | E13: =ROUND((CSE4098C_Spring26_Presentation!Z13/50)*25,2) -> 15.56 | F13: =ROUND((CSE4098C_Summer2026_Poster!AA13/50)*20,2) -> #DIV/0! | I13: =SUM(D13:H13) -> #DIV/0! | J13: =IF(I13>=95,"A+",IF(I13>=85,"A",IF(I13>=80,"A-",IF(I13>=75,"B+",IF(I13>=70,"B",IF(I13>=65,"B-",IF(I13>=60,"C+",IF(I13>=55,"C",IF(I13>=50,"D","F"))))))))) -> #DIV/0!
A14: =A13+1 -> 10 | B14: 223014204 | C14: Ashrafun Nahar Rahi | D14: =CSE4098C_Summer2026_Report!AA14 -> #DIV/0! | E14: =ROUND((CSE4098C_Spring26_Presentation!Z14/50)*25,2) -> 16.89 | F14: =ROUND((CSE4098C_Summer2026_Poster!AA14/50)*20,2) -> #DIV/0! | I14: =SUM(D14:H14) -> #DIV/0! | J14: =IF(I14>=95,"A+",IF(I14>=85,"A",IF(I14>=80,"A-",IF(I14>=75,"B+",IF(I14>=70,"B",IF(I14>=65,"B-",IF(I14>=60,"C+",IF(I14>=55,"C",IF(I14>=50,"D","F"))))))))) -> #DIV/0!
A15: =A14+1 -> 11 | B15: 213014052 | C15: Khuslima Fardush Mony | D15: =CSE4098C_Summer2026_Report!AA15 -> #DIV/0! | E15: =ROUND((CSE4098C_Spring26_Presentation!Z15/50)*25,2) -> 14.22 | F15: =ROUND((CSE4098C_Summer2026_Poster!AA15/50)*20,2) -> #DIV/0! | I15: =SUM(D15:H15) -> #DIV/0! | J15: =IF(I15>=95,"A+",IF(I15>=85,"A",IF(I15>=80,"A-",IF(I15>=75,"B+",IF(I15>=70,"B",IF(I15>=65,"B-",IF(I15>=60,"C+",IF(I15>=55,"C",IF(I15>=50,"D","F"))))))))) -> #DIV/0!
A16: =A15+1 -> 12 | B16: 221014035 | C16: Md. Alif Hossain | D16: =CSE4098C_Summer2026_Report!AA16 -> #DIV/0! | E16: =ROUND((CSE4098C_Spring26_Presentation!Z16/50)*25,2) -> 14.89 | F16: =ROUND((CSE4098C_Summer2026_Poster!AA16/50)*20,2) -> #DIV/0! | I16: =SUM(D16:H16) -> #DIV/0! | J16: =IF(I16>=95,"A+",IF(I16>=85,"A",IF(I16>=80,"A-",IF(I16>=75,"B+",IF(I16>=70,"B",IF(I16>=65,"B-",IF(I16>=60,"C+",IF(I16>=55,"C",IF(I16>=50,"D","F"))))))))) -> #DIV/0!
A17: =A16+1 -> 13 | B17: 223014074 | C17: Salvir Rahman Ratul | D17: =CSE4098C_Summer2026_Report!AA17 -> #DIV/0! | E17: =ROUND((CSE4098C_Spring26_Presentation!Z17/50)*25,2) -> 22.67 | F17: =ROUND((CSE4098C_Summer2026_Poster!AA17/50)*20,2) -> #DIV/0! | I17: =SUM(D17:H17) -> #DIV/0! | J17: =IF(I17>=95,"A+",IF(I17>=85,"A",IF(I17>=80,"A-",IF(I17>=75,"B+",IF(I17>=70,"B",IF(I17>=65,"B-",IF(I17>=60,"C+",IF(I17>=55,"C",IF(I17>=50,"D","F"))))))))) -> #DIV/0!
... A69: =A68+1 -> 65 | B69: 231014116 | C69: Sukanta Majumder | D69: =CSE4098C_Summer2026_Report!AA69 -> #DIV/0! | E69: =ROUND((CSE4098C_Spring26_Presentation!Z69/50)*25,2) -> 6.58 | F69: =ROUND((CSE4098C_Summer2026_Poster!AA69/50)*20,2) -> #DIV/0! | I69: =SUM(D69:H69) -> #DIV/0! | J69: =IF(I69>=95,"A+",IF(I69>=85,"A",IF(I69>=80,"A-",IF(I69>=75,"B+",IF(I69>=70,"B",IF(I69>=65,"B-",IF(I69>=60,"C+",IF(I69>=55,"C",IF(I69>=50,"D","F"))))))))) -> #DIV/0!
I72: Grade Summery
I73: A+ | J73: =COUNTIF(J$5:J$69, "A+") -> 0
I74: A | J74: =COUNTIF(J$5:J$69, "A") -> 0
I75: A- | J75: =COUNTIF(J$5:J$69, "A-") -> 0
I76: B+ | J76: =COUNTIF(J$5:J$69, "B+") -> 0
I77: B | J77: =COUNTIF(J$5:J$69, "B") -> 0
I78: B- | J78: =COUNTIF(J$5:J$69, "B-") -> 0
I79: C+ | J79: =COUNTIF(J$5:J$69, "C+") -> 0
I80: C | J80: =COUNTIF(J$5:J$69, "C") -> 0
I81: D | J81: =COUNTIF(J$5:J$69, "D") -> 0
I82: F | J82: =COUNTIF(J$5:J$69, "F") -> 0
I83: Total | J83: =SUM(J73:J82) -> 0
C95: Muhammad Golam Kibria, PhD, SMIEEE
C96: Professor & Head
C97: Department of CSE, ULAB

Sheet CSE4098C_Summer2026_Report
A1: Capstone Project Report (CSE 4098C)
A2: Marks Distribution
C3: Summer 2026 | D3: Supervisor | F3: Evaluator's Marks (Provided in Rubrics: 39)
A4: Sl | B4: Student ID | C4: Student Name | D4: Supervisor (Provided in Rubrics: 39) | E4: Supervisor Marks (40%) | F4: MGK | G4: NafM | H4: MdKH | I4: RwaiK | J4: RaiK | K4: NUA | L4: RHF | M4: WFU | N4: ASU | O4: SJSQ | P4: SviA | Q4: ASR | R4: FSAh | S4: JFR | T4: FK | U4: SBMM | V4: MAWA | W4: DAMT | X4: ABY | Y4: MNMA | Z4: Evaluator's Mark (40%) | AA4: Total (Supervisor: 60% + Evaluator: 40%)
A5: 1 | B5: =CSE4098C_Summer2026_Grade!B5 -> 223014152 | C5: =CSE4098C_Summer2026_Grade!C5 -> Ahadul Islam Rahul | D5: 0 | E5: =ROUND((40*D5)/39,2) -> 0 | Z5: =ROUND((40*AVERAGE(F5:Y5))/39,2) -> #DIV/0! | AA5: =ROUND((E5*60%+Z5*40%),2) -> #DIV/0!
A6: =A5+1 -> 2 | B6: =CSE4098C_Summer2026_Grade!B6 -> 223014049 | C6: =CSE4098C_Summer2026_Grade!C6 -> Md. Sojib Al Hasan | D6: 0 | E6: =ROUND((40*D6)/39,2) -> 0 | Z6: =ROUND((40*AVERAGE(F6:Y6))/39,2) -> #DIV/0! | AA6: =ROUND((E6*60%+Z6*40%),2) -> #DIV/0!
A7: =A6+1 -> 3 | B7: =CSE4098C_Summer2026_Grade!B7 -> 222014039 | C7: =CSE4098C_Summer2026_Grade!C7 -> Nadia Akter Jui | D7: 0 | E7: =ROUND((40*D7)/39,2) -> 0 | Z7: =ROUND((40*AVERAGE(F7:Y7))/39,2) -> #DIV/0! | AA7: =ROUND((E7*60%+Z7*40%),2) -> #DIV/0!
A8: =A7+1 -> 4 | B8: =CSE4098C_Summer2026_Grade!B8 -> 222014012 | C8: =CSE4098C_Summer2026_Grade!C8 -> Md. Minhazul Islam | D8: 0 | E8: =ROUND((40*D8)/39,2) -> 0 | Z8: =ROUND((40*AVERAGE(F8:Y8))/39,2) -> #DIV/0! | AA8: =ROUND((E8*60%+Z8*40%),2) -> #DIV/0!
A9: =A8+1 -> 5 | B9: =CSE4098C_Summer2026_Grade!B9 -> 222014096 | C9: =CSE4098C_Summer2026_Grade!C9 -> Md. Shams Arefin | D9: 0 | E9: =ROUND((40*D9)/39,2) -> 0 | Z9: =ROUND((40*AVERAGE(F9:Y9))/39,2) -> #DIV/0! | AA9: =ROUND((E9*60%+Z9*40%),2) -> #DIV/0!
A10: =A9+1 -> 6 | B10: =CSE4098C_Summer2026_Grade!B10 -> 221014135 | C10: =CSE4098C_Summer2026_Grade!C10 -> Aminul Islam | D10: 0 | E10: =ROUND((40*D10)/39,2) -> 0 | Z10: =ROUND((40*AVERAGE(F10:Y10))/39,2) -> #DIV/0! | AA10: =ROUND((E10*60%+Z10*40%),2) -> #DIV/0!
A11: =A10+1 -> 7 | B11: =CSE4098C_Summer2026_Grade!B11 -> 221014018 | C11: =CSE4098C_Summer2026_Grade!C11 -> Israfill Hossain Mehedi | D11: 0 | E11: =ROUND((40*D11)/39,2) -> 0 | Z11: =ROUND((40*AVERAGE(F11:Y11))/39,2) -> #DIV/0! | AA11: =ROUND((E11*60%+Z11*40%),2) -> #DIV/0!
A12: =A11+1 -> 8 | B12: =CSE4098C_Summer2026_Grade!B12 -> 221014008 | C12: =CSE4098C_Summer2026_Grade!C12 -> Mahmudul Hasan Dipto | D12: 0 | E12: =ROUND((40*D12)/39,2) -> 0 | Z12: =ROUND((40*AVERAGE(F12:Y12))/39,2) -> #DIV/0! | AA12: =ROUND((E12*60%+Z12*40%),2) -> #DIV/0!
A13: =A12+1 -> 9 | B13: =CSE4098C_Summer2026_Grade!B13 -> 223014142 | C13: =CSE4098C_Summer2026_Grade!C13 -> Tamanna Akter | D13: 0 | E13: =ROUND((40*D13)/39,2) -> 0 | Z13: =ROUND((40*AVERAGE(F13:Y13))/39,2) -> #DIV/0! | AA13: =ROUND((E13*60%+Z13*40%),2) -> #DIV/0!
A14: =A13+1 -> 10 | B14: =CSE4098C_Summer2026_Grade!B14 -> 223014204 | C14: =CSE4098C_Summer2026_Grade!C14 -> Ashrafun Nahar Rahi | D14: 0 | E14: =ROUND((40*D14)/39,2) -> 0 | Z14: =ROUND((40*AVERAGE(F14:Y14))/39,2) -> #DIV/0! | AA14: =ROUND((E14*60%+Z14*40%),2) -> #DIV/0!
A15: =A14+1 -> 11 | B15: =CSE4098C_Summer2026_Grade!B15 -> 213014052 | C15: =CSE4098C_Summer2026_Grade!C15 -> Khuslima Fardush Mony | D15: 0 | E15: =ROUND((40*D15)/39,2) -> 0 | Z15: =ROUND((40*AVERAGE(F15:Y15))/39,2) -> #DIV/0! | AA15: =ROUND((E15*60%+Z15*40%),2) -> #DIV/0!
A16: =A15+1 -> 12 | B16: =CSE4098C_Summer2026_Grade!B16 -> 221014035 | C16: =CSE4098C_Summer2026_Grade!C16 -> Md. Alif Hossain | D16: 0 | E16: =ROUND((40*D16)/39,2) -> 0 | Z16: =ROUND((40*AVERAGE(F16:Y16))/39,2) -> #DIV/0! | AA16: =ROUND((E16*60%+Z16*40%),2) -> #DIV/0!
A17: =A16+1 -> 13 | B17: =CSE4098C_Summer2026_Grade!B17 -> 223014074 | C17: =CSE4098C_Summer2026_Grade!C17 -> Salvir Rahman Ratul | D17: 0 | E17: =ROUND((40*D17)/39,2) -> 0 | Z17: =ROUND((40*AVERAGE(F17:Y17))/39,2) -> #DIV/0! | AA17: =ROUND((E17*60%+Z17*40%),2) -> #DIV/0!
... A69: =A68+1 -> 65 | B69: =CSE4098C_Summer2026_Grade!B69 -> 231014116 | C69: =CSE4098C_Summer2026_Grade!C69 -> Sukanta Majumder | D69: 0 | E69: =ROUND((40*D69)/39,2) -> 0 | Z69: =ROUND((40*AVERAGE(F69:Y69))/39,2) -> #DIV/0! | AA69: =ROUND((E69*60%+Z69*40%),2) -> #DIV/0!

Sheet CSE4098C_Summer2026_Poster
A1: Capstone Poster Presentation (CSE 4098C)
A2: Marks Distribution
C3: Summer 2026 | D3: Supervisor | F3: Evaluator's Marks (Provided in Rubrics: 12)
A4: Sl | B4: Student ID | C4: Student Name | D4: Supervisor (Provided in Rubrics: 12) | E4: Supervisor Marks (50%) | F4: MGK | G4: NafM | H4: MdKH | I4: RaiK | J4: RHF | K4: SviA | L4: SBMM | M4: JFR | N4: ASU | O4: NUA | P4: FK | Q4: ASR | R4: WFU | S4: DAMT | T4: MAWA | U4: SJSQ | V4: MNMA | W4: FSAh | X4: AATL | Y4: Ashraful Kadir | Z4: Evaluator's Marks (50%) | AA4: Total (Supervisor: 60% + Evaluator: 40%)
A5: 1 | B5: =CSE4098C_Summer2026_Grade!B5 -> 223014152 | C5: =CSE4098C_Summer2026_Grade!C5 -> Ahadul Islam Rahul | D5: 0 | E5: =ROUND((50*D5)/12,2) -> 0 | Z5: =ROUND((50*AVERAGE(F5:V5))/12,2) -> #DIV/0! | AA5: =ROUND((E5*60%+Z5*40%),2) -> #DIV/0!
A6: =A5+1 -> 2 | B6: =CSE4098C_Summer2026_Grade!B6 -> 223014049 | C6: =CSE4098C_Summer2026_Grade!C6 -> Md. Sojib Al Hasan | D6: 0 | E6: =ROUND((50*D6)/12,2) -> 0 | Z6: =ROUND((50*AVERAGE(F6:V6))/12,2) -> #DIV/0! | AA6: =ROUND((E6*60%+Z6*40%),2) -> #DIV/0!
A7: =A6+1 -> 3 | B7: =CSE4098C_Summer2026_Grade!B7 -> 222014039 | C7: =CSE4098C_Summer2026_Grade!C7 -> Nadia Akter Jui | D7: 0 | E7: =ROUND((50*D7)/12,2) -> 0 | Z7: =ROUND((50*AVERAGE(F7:V7))/12,2) -> #DIV/0! | AA7: =ROUND((E7*60%+Z7*40%),2) -> #DIV/0!
A8: =A7+1 -> 4 | B8: =CSE4098C_Summer2026_Grade!B8 -> 222014012 | C8: =CSE4098C_Summer2026_Grade!C8 -> Md. Minhazul Islam | D8: 0 | E8: =ROUND((50*D8)/12,2) -> 0 | Z8: =ROUND((50*AVERAGE(F8:V8))/12,2) -> #DIV/0! | AA8: =ROUND((E8*60%+Z8*40%),2) -> #DIV/0!
A9: =A8+1 -> 5 | B9: =CSE4098C_Summer2026_Grade!B9 -> 222014096 | C9: =CSE4098C_Summer2026_Grade!C9 -> Md. Shams Arefin | D9: 0 | E9: =ROUND((50*D9)/12,2) -> 0 | Z9: =ROUND((50*AVERAGE(F9:V9))/12,2) -> #DIV/0! | AA9: =ROUND((E9*60%+Z9*40%),2) -> #DIV/0!
A10: =A9+1 -> 6 | B10: =CSE4098C_Summer2026_Grade!B10 -> 221014135 | C10: =CSE4098C_Summer2026_Grade!C10 -> Aminul Islam | D10: 0 | E10: =ROUND((50*D10)/12,2) -> 0 | Z10: =ROUND((50*AVERAGE(F10:V10))/12,2) -> #DIV/0! | AA10: =ROUND((E10*60%+Z10*40%),2) -> #DIV/0!
A11: =A10+1 -> 7 | B11: =CSE4098C_Summer2026_Grade!B11 -> 221014018 | C11: =CSE4098C_Summer2026_Grade!C11 -> Israfill Hossain Mehedi | D11: 0 | E11: =ROUND((50*D11)/12,2) -> 0 | Z11: =ROUND((50*AVERAGE(F11:V11))/12,2) -> #DIV/0! | AA11: =ROUND((E11*60%+Z11*40%),2) -> #DIV/0!
A12: =A11+1 -> 8 | B12: =CSE4098C_Summer2026_Grade!B12 -> 221014008 | C12: =CSE4098C_Summer2026_Grade!C12 -> Mahmudul Hasan Dipto | D12: 0 | E12: =ROUND((50*D12)/12,2) -> 0 | Z12: =ROUND((50*AVERAGE(F12:V12))/12,2) -> #DIV/0! | AA12: =ROUND((E12*60%+Z12*40%),2) -> #DIV/0!
A13: =A12+1 -> 9 | B13: =CSE4098C_Summer2026_Grade!B13 -> 223014142 | C13: =CSE4098C_Summer2026_Grade!C13 -> Tamanna Akter | D13: 0 | E13: =ROUND((50*D13)/12,2) -> 0 | Z13: =ROUND((50*AVERAGE(F13:V13))/12,2) -> #DIV/0! | AA13: =ROUND((E13*60%+Z13*40%),2) -> #DIV/0!
A14: =A13+1 -> 10 | B14: =CSE4098C_Summer2026_Grade!B14 -> 223014204 | C14: =CSE4098C_Summer2026_Grade!C14 -> Ashrafun Nahar Rahi | D14: 0 | E14: =ROUND((50*D14)/12,2) -> 0 | Z14: =ROUND((50*AVERAGE(F14:V14))/12,2) -> #DIV/0! | AA14: =ROUND((E14*60%+Z14*40%),2) -> #DIV/0!
A15: =A14+1 -> 11 | B15: =CSE4098C_Summer2026_Grade!B15 -> 213014052 | C15: =CSE4098C_Summer2026_Grade!C15 -> Khuslima Fardush Mony | D15: 0 | E15: =ROUND((50*D15)/12,2) -> 0 | Z15: =ROUND((50*AVERAGE(F15:V15))/12,2) -> #DIV/0! | AA15: =ROUND((E15*60%+Z15*40%),2) -> #DIV/0!
A16: =A15+1 -> 12 | B16: =CSE4098C_Summer2026_Grade!B16 -> 221014035 | C16: =CSE4098C_Summer2026_Grade!C16 -> Md. Alif Hossain | D16: 0 | E16: =ROUND((50*D16)/12,2) -> 0 | Z16: =ROUND((50*AVERAGE(F16:V16))/12,2) -> #DIV/0! | AA16: =ROUND((E16*60%+Z16*40%),2) -> #DIV/0!
A17: =A16+1 -> 13 | B17: =CSE4098C_Summer2026_Grade!B17 -> 223014074 | C17: =CSE4098C_Summer2026_Grade!C17 -> Salvir Rahman Ratul | D17: 0 | E17: =ROUND((50*D17)/12,2) -> 0 | Z17: =ROUND((50*AVERAGE(F17:V17))/12,2) -> #DIV/0! | AA17: =ROUND((E17*60%+Z17*40%),2) -> #DIV/0!
... A69: =A68+1 -> 65 | B69: =CSE4098C_Summer2026_Grade!B69 -> 231014116 | C69: =CSE4098C_Summer2026_Grade!C69 -> Sukanta Majumder | D69: 0 | E69: =ROUND((50*D69)/12,2) -> 0 | Z69: =ROUND((50*AVERAGE(F69:V69))/12,2) -> #DIV/0! | AA69: =ROUND((E69*60%+Z69*40%),2) -> #DIV/0!

Sheet CSE4098C_Spring26_Presentation
A1: Capstone Final Presentation (CSE 4098C)
A2: Marks Distribution
C3: Summer 2026 | D3: Supervisor | F3: Evaluator's Marks (Provided in Rubrics: 45)
A4: Sl | B4: Student ID | C4: Student Name | D4: Supervisor (Provided in Rubrics: 45) | E4: Supervisor Marks (50%) | F4: MGK | G4: NafM | H4: AATL | I4: MdKH | J4: RaiK | K4: RHF | L4: SviA | M4: JFR | N4: SJSQ | O4: NUA | P4: DAMT | Q4: FK | R4: MAWA | S4: RwaiK | T4: AAS | U4: ASR | V4: WFU | W4: MTK | X4: MNMA | Y4: Evaluator's Marks (50%) | Z4: Total (Supervisor: 60% + Evaluator: 40%)
A5: 1 | B5: =CSE4098C_Summer2026_Grade!B5 -> 223014152 | C5: =CSE4098C_Summer2026_Grade!C5 -> Ahadul Islam Rahul | D5: 0 | E5: =ROUND((D5/45)*50,2) -> 0 | P5: 21 | T5: 15 | Y5: =ROUND((50*AVERAGE(F5:X5))/45,2) -> 20 | Z5: =ROUND((E5*60%+Y5*40%),2) -> 8
A6: =A5+1 -> 2 | B6: =CSE4098C_Summer2026_Grade!B6 -> 223014049 | C6: =CSE4098C_Summer2026_Grade!C6 -> Md. Sojib Al Hasan | D6: 0 | E6: =ROUND((D6/45)*50,2) -> 0 | P6: 21 | T6: 15 | Y6: =ROUND((50*AVERAGE(F6:X6))/45,2) -> 20 | Z6: =ROUND((E6*60%+Y6*40%),2) -> 8
A7: =A6+1 -> 3 | B7: =CSE4098C_Summer2026_Grade!B7 -> 222014039 | C7: =CSE4098C_Summer2026_Grade!C7 -> Nadia Akter Jui | D7: 0 | E7: =ROUND((D7/45)*50,2) -> 0 | P7: 18 | T7: 15 | Y7: =ROUND((50*AVERAGE(F7:X7))/45,2) -> 18.33 | Z7: =ROUND((E7*60%+Y7*40%),2) -> 7.33
A8: =A7+1 -> 4 | B8: =CSE4098C_Summer2026_Grade!B8 -> 222014012 | C8: =CSE4098C_Summer2026_Grade!C8 -> Md. Minhazul Islam | D8: 0 | E8: =ROUND((D8/45)*50,2) -> 0 | P8: 21 | T8: 15 | Y8: =ROUND((50*AVERAGE(F8:X8))/45,2) -> 20 | Z8: =ROUND((E8*60%+Y8*40%),2) -> 8
A9: =A8+1 -> 5 | B9: =CSE4098C_Summer2026_Grade!B9 -> 222014096 | C9: =CSE4098C_Summer2026_Grade!C9 -> Md. Shams Arefin | D9: 0 | E9: =ROUND((D9/45)*50,2) -> 0 | P9: 24 | T9: 15 | Y9: =ROUND((50*AVERAGE(F9:X9))/45,2) -> 21.67 | Z9: =ROUND((E9*60%+Y9*40%),2) -> 8.67
A10: =A9+1 -> 6 | B10: =CSE4098C_Summer2026_Grade!B10 -> 221014135 | C10: =CSE4098C_Summer2026_Grade!C10 -> Aminul Islam | D10: 36 | E10: =ROUND((D10/45)*50,2) -> 40 | J10: 30 | O10: 18 | W10: 21 | Y10: =ROUND((50*AVERAGE(F10:X10))/45,2) -> 25.56 | Z10: =ROUND((E10*60%+Y10*40%),2) -> 34.22
A11: =A10+1 -> 7 | B11: =CSE4098C_Summer2026_Grade!B11 -> 221014018 | C11: =CSE4098C_Summer2026_Grade!C11 -> Israfill Hossain Mehedi | D11: 36 | E11: =ROUND((D11/45)*50,2) -> 40 | J11: 29 | O11: 18 | W11: 24 | Y11: =ROUND((50*AVERAGE(F11:X11))/45,2) -> 26.3 | Z11: =ROUND((E11*60%+Y11*40%),2) -> 34.52
A12: =A11+1 -> 8 | B12: =CSE4098C_Summer2026_Grade!B12 -> 221014008 | C12: =CSE4098C_Summer2026_Grade!C12 -> Mahmudul Hasan Dipto | D12: 36 | E12: =ROUND((D12/45)*50,2) -> 40 | J12: 30 | O12: 18 | W12: 21 | Y12: =ROUND((50*AVERAGE(F12:X12))/45,2) -> 25.56 | Z12: =ROUND((E12*60%+Y12*40%),2) -> 34.22
A13: =A12+1 -> 9 | B13: =CSE4098C_Summer2026_Grade!B13 -> 223014142 | C13: =CSE4098C_Summer2026_Grade!C13 -> Tamanna Akter | D13: 34 | E13: =ROUND((D13/45)*50,2) -> 37.78 | I13: 15 | P13: 24 | T13: 18 | Y13: =ROUND((50*AVERAGE(F13:X13))/45,2) -> 21.11 | Z13: =ROUND((E13*60%+Y13*40%),2) -> 31.11
A14: =A13+1 -> 10 | B14: =CSE4098C_Summer2026_Grade!B14 -> 223014204 | C14: =CSE4098C_Summer2026_Grade!C14 -> Ashrafun Nahar Rahi | D14: 38 | E14: =ROUND((D14/45)*50,2) -> 42.22 | I14: 15 | P14: 24 | T14: 18 | Y14: =ROUND((50*AVERAGE(F14:X14))/45,2) -> 21.11 | Z14: =ROUND((E14*60%+Y14*40%),2) -> 33.78
A15: =A14+1 -> 11 | B15: =CSE4098C_Summer2026_Grade!B15 -> 213014052 | C15: =CSE4098C_Summer2026_Grade!C15 -> Khuslima Fardush Mony | D15: 30 | E15: =ROUND((D15/45)*50,2) -> 33.33 | I15: 15 | P15: 24 | T15: 18 | Y15: =ROUND((50*AVERAGE(F15:X15))/45,2) -> 21.11 | Z15: =ROUND((E15*60%+Y15*40%),2) -> 28.44
A16: =A15+1 -> 12 | B16: =CSE4098C_Summer2026_Grade!B16 -> 221014035 | C16: =CSE4098C_Summer2026_Grade!C16 -> Md. Alif Hossain | D16: 32 | E16: =ROUND((D16/45)*50,2) -> 35.56 | I16: 15 | P16: 24 | T16: 18 | Y16: =ROUND((50*AVERAGE(F16:X16))/45,2) -> 21.11 | Z16: =ROUND((E16*60%+Y16*40%),2) -> 29.78
A17: =A16+1 -> 13 | B17: =CSE4098C_Summer2026_Grade!B17 -> 223014074 | C17: =CSE4098C_Summer2026_Grade!C17 -> Salvir Rahman Ratul | D17: 42 | E17: =ROUND((D17/45)*50,2) -> 46.67 | I17: 36 | M17: 42 | P17: 39 | T17: 39 | Y17: =ROUND((50*AVERAGE(F17:X17))/45,2) -> 43.33 | Z17: =ROUND((E17*60%+Y17*40%),2) -> 45.33
A18: =A17+1 -> 14 | B18: =CSE4098C_Summer2026_Grade!B18 -> 223014133 | C18: =CSE4098C_Summer2026_Grade!C18 -> Nancy Drong | D18: 42 | E18: =ROUND((D18/45)*50,2) -> 46.67 | I18: 36 | M18: 42 | P18: 39 | T18: 39 | Y18: =ROUND((50*AVERAGE(F18:X18))/45,2) -> 43.33 | Z18: =ROUND((E18*60%+Y18*40%),2) -> 45.33
A19: =A18+1 -> 15 | B19: =CSE4098C_Summer2026_Grade!B19 -> 223014052 | C19: =CSE4098C_Summer2026_Grade!C19 -> Argho Das | D19: 42 | E19: =ROUND((D19/45)*50,2) -> 46.67 | I19: 36 | M19: 42 | P19: 39 | T19: 39 | Y19: =ROUND((50*AVERAGE(F19:X19))/45,2) -> 43.33 | Z19: =ROUND((E19*60%+Y19*40%),2) -> 45.33
A20: =A19+1 -> 16 | B20: =CSE4098C_Summer2026_Grade!B20 -> 223014105 | C20: =CSE4098C_Summer2026_Grade!C20 -> Navid Rahman | D20: 43 | E20: =ROUND((D20/45)*50,2) -> 47.78 | I20: 33 | M20: 42 | P20: 39 | T20: 39 | Y20: =ROUND((50*AVERAGE(F20:X20))/45,2) -> 42.5 | Z20: =ROUND((E20*60%+Y20*40%),2) -> 45.67
A21: =A20+1 -> 17 | B21: =CSE4098C_Summer2026_Grade!B21 -> 223014196 | C21: =CSE4098C_Summer2026_Grade!C21 -> Shafwan Shadid Khan | D21: 42 | E21: =ROUND((D21/45)*50,2) -> 46.67 | I21: 33 | M21: 42 | P21: 39 | T21: 39 | Y21: =ROUND((50*AVERAGE(F21:X21))/45,2) -> 42.5 | Z21: =ROUND((E21*60%+Y21*40%),2) -> 45
A22: =A21+1 -> 18 | B22: =CSE4098C_Summer2026_Grade!B22 -> 201014026 | C22: =CSE4098C_Summer2026_Grade!C22 -> Sabbir Hossain | D22: 39 | E22: =ROUND((D22/45)*50,2) -> 43.33 | H22: 30 | N22: 26 | U22: 24 | X22: 30 | Y22: =ROUND((50*AVERAGE(F22:X22))/45,2) -> 30.56 | Z22: =ROUND((E22*60%+Y22*40%),2) -> 38.22
A23: =A22+1 -> 19 | B23: =CSE4098C_Summer2026_Grade!B23 -> 173014054 | C23: =CSE4098C_Summer2026_Grade!C23 -> Pranto Sarkar | D23: 33 | E23: =ROUND((D23/45)*50,2) -> 36.67 | H23: 18 | N23: 18 | U23: 0 | X23: 15 | Y23: =ROUND((50*AVERAGE(F23:X23))/45,2) -> 14.17 | Z23: =ROUND((E23*60%+Y23*40%),2) -> 27.67
A24: =A23+1 -> 20 | B24: =CSE4098C_Summer2026_Grade!B24 -> 201014068 | C24: =CSE4098C_Summer2026_Grade!C24 -> Shatabdi Mondal Shila | D24: 33 | E24: =ROUND((D24/45)*50,2) -> 36.67 | H24: 18 | N24: 18 | U24: 6 | X24: 15 | Y24: =ROUND((50*AVERAGE(F24:X24))/45,2) -> 15.83 | Z24: =ROUND((E24*60%+Y24*40%),2) -> 28.33
A25: =A24+1 -> 21 | B25: =CSE4098C_Summer2026_Grade!B25 -> 201014030 | C25: =CSE4098C_Summer2026_Grade!C25 -> Md. Asiful Islam | D25: 33 | E25: =ROUND((D25/45)*50,2) -> 36.67 | H25: 18 | N25: 18 | U25: 6 | X25: 15 | Y25: =ROUND((50*AVERAGE(F25:X25))/45,2) -> 15.83 | Z25: =ROUND((E25*60%+Y25*40%),2) -> 28.33
A26: =A25+1 -> 22 | B26: =CSE4098C_Summer2026_Grade!B26 -> 201014050 | C26: =CSE4098C_Summer2026_Grade!C26 -> Dip Kumar Mondal | D26: 33 | E26: =ROUND((D26/45)*50,2) -> 36.67 | Y26: =ROUND((50*AVERAGE(F26:X26))/45,2) -> #DIV/0! | Z26: =ROUND((E26*60%+Y26*40%),2) -> #DIV/0!
A27: =A26+1 -> 23 | B27: =CSE4098C_Summer2026_Grade!B27 -> 223014213 | C27: =CSE4098C_Summer2026_Grade!C27 -> Md. Minhazul Islam | D27: 39 | E27: =ROUND((D27/45)*50,2) -> 43.33 | I27: 30 | K27: 35 | P27: 24 | T27: 15 | Y27: =ROUND((50*AVERAGE(F27:X27))/45,2) -> 28.89 | Z27: =ROUND((E27*60%+Y27*40%),2) -> 37.55
A28: =A27+1 -> 24 | B28: =CSE4098C_Summer2026_Grade!B28 -> 223014078 | C28: =CSE4098C_Summer2026_Grade!C28 -> Shakhar Das Rony | D28: 39 | E28: =ROUND((D28/45)*50,2) -> 43.33 | I28: 30 | K28: 34 | P28: 24 | T28: 15 | Y28: =ROUND((50*AVERAGE(F28:X28))/45,2) -> 28.61 | Z28: =ROUND((E28*60%+Y28*40%),2) -> 37.44
A29: =A28+1 -> 25 | B29: =CSE4098C_Summer2026_Grade!B29 -> 223014212 | C29: =CSE4098C_Summer2026_Grade!C29 -> Md. Tamim Hasan | D29: 39 | E29: =ROUND((D29/45)*50,2) -> 43.33 | I29: 30 | K29: 35 | P29: 24 | T29: 15 | Y29: =ROUND((50*AVERAGE(F29:X29))/45,2) -> 28.89 | Z29: =ROUND((E29*60%+Y29*40%),2) -> 37.55
A30: =A29+1 -> 26 | B30: =CSE4098C_Summer2026_Grade!B30 -> 223014110 | C30: =CSE4098C_Summer2026_Grade!C30 -> Md. Maruf Hossain | D30: 42 | E30: =ROUND((D30/45)*50,2) -> 46.67 | J30: 36 | V30: 36 | W30: 36 | Y30: =ROUND((50*AVERAGE(F30:X30))/45,2) -> 40 | Z30: =ROUND((E30*60%+Y30*40%),2) -> 44
A31: =A30+1 -> 27 | B31: =CSE4098C_Summer2026_Grade!B31 -> 223014135 | C31: =CSE4098C_Summer2026_Grade!C31 -> Rakibul Hasan | D31: 45 | E31: =ROUND((D31/45)*50,2) -> 50 | J31: 36 | V31: 39 | W31: 39 | Y31: =ROUND((50*AVERAGE(F31:X31))/45,2) -> 42.22 | Z31: =ROUND((E31*60%+Y31*40%),2) -> 46.89
A32: =A31+1 -> 28 | B32: =CSE4098C_Summer2026_Grade!B32 -> 223014122 | C32: =CSE4098C_Summer2026_Grade!C32 -> Rabbi Sadnan Khan | D32: 45 | E32: =ROUND((D32/45)*50,2) -> 50 | J32: 38 | V32: 39 | W32: 42 | Y32: =ROUND((50*AVERAGE(F32:X32))/45,2) -> 44.07 | Z32: =ROUND((E32*60%+Y32*40%),2) -> 47.63
A33: =A32+1 -> 29 | B33: =CSE4098C_Summer2026_Grade!B33 -> 212014030 | C33: =CSE4098C_Summer2026_Grade!C33 -> Faria Islam Sara | D33: 45 | E33: =ROUND((D33/45)*50,2) -> 50 | J33: 36 | V33: 36 | W33: 42 | Y33: =ROUND((50*AVERAGE(F33:X33))/45,2) -> 42.22 | Z33: =ROUND((E33*60%+Y33*40%),2) -> 46.89
A34: =A33+1 -> 30 | B34: =CSE4098C_Summer2026_Grade!B34 -> 222014072 | C34: =CSE4098C_Summer2026_Grade!C34 -> Md. Rahat Pervez | D34: 33 | E34: =ROUND((D34/45)*50,2) -> 36.67 | J34: 29 | V34: 30 | W34: 24 | Y34: =ROUND((50*AVERAGE(F34:X34))/45,2) -> 30.74 | Z34: =ROUND((E34*60%+Y34*40%),2) -> 34.3
A35: =A34+1 -> 31 | B35: =CSE4098C_Summer2026_Grade!B35 -> 222014097 | C35: =CSE4098C_Summer2026_Grade!C35 -> Md. Abul Hashem | D35: 33 | E35: =ROUND((D35/45)*50,2) -> 36.67 | J35: 28 | V35: 30 | W35: 24 | Y35: =ROUND((50*AVERAGE(F35:X35))/45,2) -> 30.37 | Z35: =ROUND((E35*60%+Y35*40%),2) -> 34.15
A36: =A35+1 -> 32 | B36: =CSE4098C_Summer2026_Grade!B36 -> 222014040 | C36: =CSE4098C_Summer2026_Grade!C36 -> Md. Fiaz Anam Tasfi | D36: 24 | E36: =ROUND((D36/45)*50,2) -> 26.67 | J36: 28 | V36: 27 | W36: 24 | Y36: =ROUND((50*AVERAGE(F36:X36))/45,2) -> 29.26 | Z36: =ROUND((E36*60%+Y36*40%),2) -> 27.71
A37: =A36+1 -> 33 | B37: =CSE4098C_Summer2026_Grade!B37 -> 222014071 | C37: =CSE4098C_Summer2026_Grade!C37 -> Kasfia Hossain | D37: 24 | E37: =ROUND((D37/45)*50,2) -> 26.67 | J37: 29 | V37: 27 | W37: 24 | Y37: =ROUND((50*AVERAGE(F37:X37))/45,2) -> 29.63 | Z37: =ROUND((E37*60%+Y37*40%),2) -> 27.85
A38: =A37+1 -> 34 | B38: =CSE4098C_Summer2026_Grade!B38 -> 223014195 | C38: =CSE4098C_Summer2026_Grade!C38 -> Md. Rashedul Islam | D38: 27 | E38: =ROUND((D38/45)*50,2) -> 30 | J38: 28 | V38: 30 | W38: 24 | Y38: =ROUND((50*AVERAGE(F38:X38))/45,2) -> 30.37 | Z38: =ROUND((E38*60%+Y38*40%),2) -> 30.15
A39: =A38+1 -> 35 | B39: =CSE4098C_Summer2026_Grade!B39 -> 223014143 | C39: =CSE4098C_Summer2026_Grade!C39 -> Upoma Paul | D39: 30 | E39: =ROUND((D39/45)*50,2) -> 33.33 | H39: 12 | U39: 27 | X39: 15 | Y39: =ROUND((50*AVERAGE(F39:X39))/45,2) -> 20 | Z39: =ROUND((E39*60%+Y39*40%),2) -> 28
A40: =A39+1 -> 36 | B40: =CSE4098C_Summer2026_Grade!B40 -> 231014167 | C40: =CSE4098C_Summer2026_Grade!C40 -> Fariha Ahmed | D40: 36 | E40: =ROUND((D40/45)*50,2) -> 40 | H40: 21 | U40: 36 | X40: 30 | Y40: =ROUND((50*AVERAGE(F40:X40))/45,2) -> 32.22 | Z40: =ROUND((E40*60%+Y40*40%),2) -> 36.89
A41: =A40+1 -> 37 | B41: =CSE4098C_Summer2026_Grade!B41 -> 231014073 | C41: =CSE4098C_Summer2026_Grade!C41 -> Amifat Juhad Pranto | D41: 36 | E41: =ROUND((D41/45)*50,2) -> 40 | H41: 24 | U41: 36 | X41: 30 | Y41: =ROUND((50*AVERAGE(F41:X41))/45,2) -> 33.33 | Z41: =ROUND((E41*60%+Y41*40%),2) -> 37.33
A42: =A41+1 -> 38 | B42: =CSE4098C_Summer2026_Grade!B42 -> 232014058 | C42: =CSE4098C_Summer2026_Grade!C42 -> Tasnia Kabir Mahia | D42: 28 | E42: =ROUND((D42/45)*50,2) -> 31.11 | H42: 12 | U42: 27 | X42: 15 | Y42: =ROUND((50*AVERAGE(F42:X42))/45,2) -> 20 | Z42: =ROUND((E42*60%+Y42*40%),2) -> 26.67
A43: =A42+1 -> 39 | B43: =CSE4098C_Summer2026_Grade!B43 -> 223014183 | C43: =CSE4098C_Summer2026_Grade!C43 -> Mahbuba Akter Chowdhury | D43: 42 | E43: =ROUND((D43/45)*50,2) -> 46.67 | H43: 30 | Q43: 33 | U43: 39 | X43: 39 | Y43: =ROUND((50*AVERAGE(F43:X43))/45,2) -> 39.17 | Z43: =ROUND((E43*60%+Y43*40%),2) -> 43.67
A44: =A43+1 -> 40 | B44: =CSE4098C_Summer2026_Grade!B44 -> 223014182 | C44: =CSE4098C_Summer2026_Grade!C44 -> Divya Jyoti Bagchi | D44: 43 | E44: =ROUND((D44/45)*50,2) -> 47.78 | H44: 33 | Q44: 39 | U44: 45 | X44: 45 | Y44: =ROUND((50*AVERAGE(F44:X44))/45,2) -> 45 | Z44: =ROUND((E44*60%+Y44*40%),2) -> 46.67
A45: =A44+1 -> 41 | B45: =CSE4098C_Summer2026_Grade!B45 -> 223014127 | C45: =CSE4098C_Summer2026_Grade!C45 -> Naznine Sultana Nitu | D45: 42 | E45: =ROUND((D45/45)*50,2) -> 46.67 | H45: 30 | Q45: 33 | U45: 39 | X45: 39 | Y45: =ROUND((50*AVERAGE(F45:X45))/45,2) -> 39.17 | Z45: =ROUND((E45*60%+Y45*40%),2) -> 43.67
A46: =A45+1 -> 42 | B46: =CSE4098C_Summer2026_Grade!B46 -> 223014011 | C46: =CSE4098C_Summer2026_Grade!C46 -> Fabiha Fayruj | D46: 43 | E46: =ROUND((D46/45)*50,2) -> 47.78 | H46: 30 | Q46: 33 | U46: 39 | X46: 39 | Y46: =ROUND((50*AVERAGE(F46:X46))/45,2) -> 39.17 | Z46: =ROUND((E46*60%+Y46*40%),2) -> 44.34
A47: =A46+1 -> 43 | B47: =CSE4098C_Summer2026_Grade!B47 -> 231014007 | C47: =CSE4098C_Summer2026_Grade!C47 -> Abdullah Al Baki | D47: 42 | E47: =ROUND((D47/45)*50,2) -> 46.67 | H47: 30 | Q47: 33 | U47: 39 | X47: 39 | Y47: =ROUND((50*AVERAGE(F47:X47))/45,2) -> 39.17 | Z47: =ROUND((E47*60%+Y47*40%),2) -> 43.67
A48: =A47+1 -> 44 | B48: =CSE4098C_Summer2026_Grade!B48 -> 212014015 | C48: =CSE4098C_Summer2026_Grade!C48 -> Md. Arif Hossain Mir | D48: 30 | E48: =ROUND((D48/45)*50,2) -> 33.33 | M48: 39 | P48: 27 | T48: 21 | Y48: =ROUND((50*AVERAGE(F48:X48))/45,2) -> 32.22 | Z48: =ROUND((E48*60%+Y48*40%),2) -> 32.89
A49: =A48+1 -> 45 | B49: =CSE4098C_Summer2026_Grade!B49 -> 223014050 | C49: =CSE4098C_Summer2026_Grade!C49 -> Isnat Jahan Ome | D49: 30 | E49: =ROUND((D49/45)*50,2) -> 33.33 | M49: 39 | P49: 27 | T49: 21 | Y49: =ROUND((50*AVERAGE(F49:X49))/45,2) -> 32.22 | Z49: =ROUND((E49*60%+Y49*40%),2) -> 32.89
A50: =A49+1 -> 46 | B50: =CSE4098C_Summer2026_Grade!B50 -> 231014075 | C50: =CSE4098C_Summer2026_Grade!C50 -> Hasib Mahmud | D50: 30 | E50: =ROUND((D50/45)*50,2) -> 33.33 | M50: 39 | P50: 27 | T50: 21 | Y50: =ROUND((50*AVERAGE(F50:X50))/45,2) -> 32.22 | Z50: =ROUND((E50*60%+Y50*40%),2) -> 32.89
A51: =A50+1 -> 47 | B51: =CSE4098C_Summer2026_Grade!B51 -> 222014052 | C51: =CSE4098C_Summer2026_Grade!C51 -> Redwan Ahamad Samir | D51: 40 | E51: =ROUND((D51/45)*50,2) -> 44.44 | O51: 42 | V51: 39 | W51: 24 | Y51: =ROUND((50*AVERAGE(F51:X51))/45,2) -> 38.89 | Z51: =ROUND((E51*60%+Y51*40%),2) -> 42.22
A52: =A51+1 -> 48 | B52: =CSE4098C_Summer2026_Grade!B52 -> 222014009 | C52: =CSE4098C_Summer2026_Grade!C52 -> Samia Rahman | D52: 38 | E52: =ROUND((D52/45)*50,2) -> 42.22 | O52: 39 | V52: 39 | W52: 24 | Y52: =ROUND((50*AVERAGE(F52:X52))/45,2) -> 37.78 | Z52: =ROUND((E52*60%+Y52*40%),2) -> 40.44
A53: =A52+1 -> 49 | B53: =CSE4098C_Summer2026_Grade!B53 -> 222014088 | C53: =CSE4098C_Summer2026_Grade!C53 -> Md. Omur Faruk | D53: 38 | E53: =ROUND((D53/45)*50,2) -> 42.22 | O53: 39 | V53: 39 | W53: 21 | Y53: =ROUND((50*AVERAGE(F53:X53))/45,2) -> 36.67 | Z53: =ROUND((E53*60%+Y53*40%),2) -> 40
A54: =A53+1 -> 50 | B54: =CSE4098C_Summer2026_Grade!B54 -> 231014021 | C54: =CSE4098C_Summer2026_Grade!C54 -> Raiyan Islam | D54: 37 | E54: =ROUND((D54/45)*50,2) -> 41.11 | O54: 39 | V54: 39 | W54: 24 | Y54: =ROUND((50*AVERAGE(F54:X54))/45,2) -> 37.78 | Z54: =ROUND((E54*60%+Y54*40%),2) -> 39.78
A55: =A54+1 -> 51 | B55: =CSE4098C_Summer2026_Grade!B55 -> 223014086 | C55: =CSE4098C_Summer2026_Grade!C55 -> Talat Mahmud Lam | D55: 0 | E55: =ROUND((D55/45)*50,2) -> 0 | H55: 27 | N55: 35 | U55: 45 | X55: 45 | Y55: =ROUND((50*AVERAGE(F55:X55))/45,2) -> 42.22 | Z55: =ROUND((E55*60%+Y55*40%),2) -> 16.89
A56: =A55+1 -> 52 | B56: =CSE4098C_Summer2026_Grade!B56 -> 223014033 | C56: =CSE4098C_Summer2026_Grade!C56 -> Sadia Nuzat Prova | D56: 0 | E56: =ROUND((D56/45)*50,2) -> 0 | H56: 15 | N56: 31 | U56: 30 | X56: 30 | Y56: =ROUND((50*AVERAGE(F56:X56))/45,2) -> 29.44 | Z56: =ROUND((E56*60%+Y56*40%),2) -> 11.78
A57: =A56+1 -> 53 | B57: =CSE4098C_Summer2026_Grade!B57 -> 223014042 | C57: =CSE4098C_Summer2026_Grade!C57 -> Shahin Alam | D57: 0 | E57: =ROUND((D57/45)*50,2) -> 0 | H57: 12 | N57: 26 | U57: 24 | X57: 15 | Y57: =ROUND((50*AVERAGE(F57:X57))/45,2) -> 21.39 | Z57: =ROUND((E57*60%+Y57*40%),2) -> 8.56
A58: =A57+1 -> 54 | B58: =CSE4098C_Summer2026_Grade!B58 -> 223014040 | C58: =CSE4098C_Summer2026_Grade!C58 -> Umme Asma Busra | D58: 0 | E58: =ROUND((D58/45)*50,2) -> 0 | H58: 12 | N58: 26 | U58: 24 | X58: 15 | Y58: =ROUND((50*AVERAGE(F58:X58))/45,2) -> 21.39 | Z58: =ROUND((E58*60%+Y58*40%),2) -> 8.56
A59: =A58+1 -> 55 | B59: =CSE4098C_Summer2026_Grade!B59 -> 223014054 | C59: =CSE4098C_Summer2026_Grade!C59 -> Golam Munem Zarif | D59: 0 | E59: =ROUND((D59/45)*50,2) -> 0 | H59: 12 | N59: 26 | U59: 36 | X59: 15 | Y59: =ROUND((50*AVERAGE(F59:X59))/45,2) -> 24.72 | Z59: =ROUND((E59*60%+Y59*40%),2) -> 9.89
A60: =A59+1 -> 56 | B60: =CSE4098C_Summer2026_Grade!B60 -> 231014049 | C60: =CSE4098C_Summer2026_Grade!C60 -> Kazi Noor E Saba | D60: 0 | E60: =ROUND((D60/45)*50,2) -> 0 | H60: 33 | N60: 36 | Q60: 39 | U60: 45 | X60: 42 | Y60: =ROUND((50*AVERAGE(F60:X60))/45,2) -> 43.33 | Z60: =ROUND((E60*60%+Y60*40%),2) -> 17.33
A61: =A60+1 -> 57 | B61: =CSE4098C_Summer2026_Grade!B61 -> 231014016 | C61: =CSE4098C_Summer2026_Grade!C61 -> Md. Akib Al Mahmud Dihan | D61: 0 | E61: =ROUND((D61/45)*50,2) -> 0 | H61: 27 | N61: 30 | Q61: 30 | U61: 42 | X61: 30 | Y61: =ROUND((50*AVERAGE(F61:X61))/45,2) -> 35.33 | Z61: =ROUND((E61*60%+Y61*40%),2) -> 14.13
A62: =A61+1 -> 58 | B62: =CSE4098C_Summer2026_Grade!B62 -> 231014125 | C62: =CSE4098C_Summer2026_Grade!C62 -> Jumana Muntaha | D62: 0 | E62: =ROUND((D62/45)*50,2) -> 0 | H62: 21 | N62: 26 | Q62: 33 | U62: 42 | X62: 24 | Y62: =ROUND((50*AVERAGE(F62:X62))/45,2) -> 32.44 | Z62: =ROUND((E62*60%+Y62*40%),2) -> 12.98
A63: =A62+1 -> 59 | B63: =CSE4098C_Summer2026_Grade!B63 -> 231014142 | C63: =CSE4098C_Summer2026_Grade!C63 -> Abida Binte Asif | D63: 0 | E63: =ROUND((D63/45)*50,2) -> 0 | H63: 15 | N63: 26 | Q63: 30 | U63: 42 | X63: 27 | Y63: =ROUND((50*AVERAGE(F63:X63))/45,2) -> 31.11 | Z63: =ROUND((E63*60%+Y63*40%),2) -> 12.44
A64: =A63+1 -> 60 | B64: =CSE4098C_Summer2026_Grade!B64 -> 223014146 | C64: =CSE4098C_Summer2026_Grade!C64 -> Sami Hossain | D64: 0 | E64: =ROUND((D64/45)*50,2) -> 0 | H64: 12 | N64: 25 | Q64: 30 | U64: 36 | X64: 24 | Y64: =ROUND((50*AVERAGE(F64:X64))/45,2) -> 28.22 | Z64: =ROUND((E64*60%+Y64*40%),2) -> 11.29
A65: =A64+1 -> 61 | B65: =CSE4098C_Summer2026_Grade!B65 -> 231014024 | C65: =CSE4098C_Summer2026_Grade!C65 -> Md. Shohanoor Rahman | D65: 0 | E65: =ROUND((D65/45)*50,2) -> 0 | H65: 24 | N65: 31 | Q65: 33 | U65: 36 | X65: 30 | Y65: =ROUND((50*AVERAGE(F65:X65))/45,2) -> 34.22 | Z65: =ROUND((E65*60%+Y65*40%),2) -> 13.69
A66: =A65+1 -> 62 | B66: =CSE4098C_Summer2026_Grade!B66 -> 231014064 | C66: =CSE4098C_Summer2026_Grade!C66 -> Pranto Sikder | D66: 0 | E66: =ROUND((D66/45)*50,2) -> 0 | H66: 21 | N66: 31 | Q66: 27 | U66: 36 | X66: 30 | Y66: =ROUND((50*AVERAGE(F66:X66))/45,2) -> 32.22 | Z66: =ROUND((E66*60%+Y66*40%),2) -> 12.89
A67: =A66+1 -> 63 | B67: =CSE4098C_Summer2026_Grade!B67 -> 231014050 | C67: =CSE4098C_Summer2026_Grade!C67 -> Mahmudul Hasan Zeshan | D67: 0 | E67: =ROUND((D67/45)*50,2) -> 0 | H67: 18 | N67: 27 | Q67: 27 | U67: 36 | X67: 30 | Y67: =ROUND((50*AVERAGE(F67:X67))/45,2) -> 30.67 | Z67: =ROUND((E67*60%+Y67*40%),2) -> 12.27
A68: =A67+1 -> 64 | B68: =CSE4098C_Summer2026_Grade!B68 -> 231014160 | C68: =CSE4098C_Summer2026_Grade!C68 -> Aysha Siddika Methila | D68: 0 | E68: =ROUND((D68/45)*50,2) -> 0 | H68: 15 | N68: 27 | Q68: 24 | U68: 36 | X68: 30 | Y68: =ROUND((50*AVERAGE(F68:X68))/45,2) -> 29.33 | Z68: =ROUND((E68*60%+Y68*40%),2) -> 11.73
A69: =A68+1 -> 65 | B69: =CSE4098C_Summer2026_Grade!B69 -> 231014116 | C69: =CSE4098C_Summer2026_Grade!C69 -> Sukanta Majumder | D69: 0 | E69: =ROUND((D69/45)*50,2) -> 0 | H69: 24 | N69: 31 | Q69: 27 | U69: 36 | X69: 30 | Y69: =ROUND((50*AVERAGE(F69:X69))/45,2) -> 32.89 | Z69: =ROUND((E69*60%+Y69*40%),2) -> 13.16

Sheet CO_PO_Attainment_Analysis
AX1: Mapping of COs to POs
C2: Assessment Items | D2: CO1 | E2: CO2 | F2: CO3 | G2: CO4 | H2: CO5 | I2: CO6 | J2: CO7 | K2: CO8 | L2: CO9 | M2: CO10 | AY2: PO1 | AZ2: PO2 | BA2: PO3 | BB2: PO4 | BC2: PO5 | BD2: PO6 | BE2: PO7 | BF2: PO8 | BG2: PO9 | BH2: PO10 | BI2: PO11 | BJ2: PO12
C3: Report | D3: 6 | E3: 3 | F3: 3 | G3: 3 | H3: 6 | I3: 3 | J3: 3 | K3: 3 | AX3: CO1 | AY3: 0 | AZ3: 0 | BA3: 0 | BB3: 0 | BC3: 0 | BD3: 0 | BE3: 0 | BF3: 0 | BG3: 0 | BH3: 0 | BI3: 0 | BJ3: 1
C4: Peer | L4: 5 | AX4: CO2 | AY4: 0 | AZ4: 0 | BA4: 0 | BB4: 0 | BC4: 0 | BD4: 0 | BE4: 0 | BF4: 0 | BG4: 0 | BH4: 0 | BI4: 1 | BJ4: 0
C5: Term Final Presentation | M5: 10 | AX5: CO3 | AY5: 0 | AZ5: 0 | BA5: 0 | BB5: 0 | BC5: 1 | BD5: 0 | BE5: 0 | BF5: 0 | BG5: 0 | BH5: 0 | BI5: 0 | BJ5: 0
C6: Poster | H6: 20 | AX6: CO4 | AY6: 0 | AZ6: 0 | BA6: 1 | BB6: 0 | BC6: 0 | BD6: 0 | BE6: 0 | BF6: 0 | BG6: 0 | BH6: 0 | BI6: 0 | BJ6: 0
C7: Total | D7: =SUM(D3:D6) -> 6 | E7: =SUM(E3:E6) -> 3 | F7: =SUM(F3:F6) -> 3 | G7: =SUM(G3:G6) -> 3 | H7: =SUM(H3:H6) -> 26 | I7: =SUM(I3:I6) -> 3 | J7: =SUM(J3:J6) -> 3 | K7: =SUM(K3:K6) -> 3 | ... M7: =SUM(M3:M6) -> 10 | AX7: CO5 | AY7: 0 | AZ7: 0 | BA7: 0 | BB7: 1 | BC7: 0 | BD7: 0 | BE7: 0 | BF7: 0 | BG7: 0 | BH7: 0 | BI7: 0 | BJ7: 0
AX8: CO6 | AY8: 0 | AZ8: 0 | BA8: 0 | BB8: 0 | BC8: 0 | BD8: 1 | BE8: 0 | BF8: 0 | BG8: 0 | BH8: 0 | BI8: 0 | BJ8: 0
AX9: CO7 | AY9: 0 | AZ9: 0 | BA9: 0 | BB9: 0 | BC9: 0 | BD9: 0 | BE9: 1 | BF9: 0 | BG9: 0 | BH9: 0 | BI9: 0 | BJ9: 0
AX10: CO8 | AY10: 0 | AZ10: 0 | BA10: 0 | BB10: 0 | BC10: 0 | BD10: 0 | BE10: 0 | BF10: 1 | BG10: 0 | BH10: 0 | BI10: 0 | BJ10: 0
AX11: CO9 | AY11: 0 | AZ11: 0 | BA11: 0 | BB11: 0 | BC11: 0 | BD11: 0 | BE11: 0 | BF11: 0 | BG11: 1 | BH11: 0 | BI11: 0 | BJ11: 0
AX12: CO10 | AY12: 0 | AZ12: 0 | BA12: 0 | BB12: 0 | BC12: 0 | BD12: 0 | BE12: 0 | BF12: 0 | BG12: 0 | BH12: 1 | BI12: 0 | BJ12: 0
AX13: Total | AY13: =SUM(AY3:AY12) -> 0 | AZ13: =SUM(AZ3:AZ12) -> 0 | BA13: =SUM(BA3:BA12) -> 1 | BB13: =SUM(BB3:BB12) -> 1 | BC13: =SUM(BC3:BC12) -> 1 | BD13: =SUM(BD3:BD12) -> 1 | BE13: =SUM(BE3:BE12) -> 1 | BF13: =SUM(BF3:BF12) -> 1 | ... BJ13: =SUM(BJ3:BJ12) -> 1
A15: CO Attainment Analysis CSE 4098C [Summer 2026] | S15: CO Attainment Analysis | AX15: PO Attainment Analysis
D16: =C3 -> Report | L16: Peer | N16: Presentation | P16: Poster | S16: Total Marks | AC16: Percentage | AM16: CO Attainment | AX16: Percentage | BJ16: PO Attainment
D17: CO1 | E17: CO2 | F17: CO3 | G17: CO4 | H17: CO5 | I17: CO6 | J17: CO7 | K17: CO8 | L17: CO9 | M17: CO10 | N17: CO10 | O17: CO11 | P17: CO4 | Q17: CO5 | R17: CO6 | S17: CO1 | T17: CO2 | U17: CO3 | V17: CO4 | W17: CO5 | X17: CO6 | Y17: CO7 | Z17: CO8 | AA17: CO9 | AB17: CO10 | AC17: CO1 | AD17: CO2 | AE17: CO3 | AF17: CO4 | AG17: CO5 | AH17: CO6 | AI17: CO7 | AJ17: CO8 | AK17: CO9 | AL17: CO10 | AM17: CO1 | AN17: CO2 | AO17: CO3 | AP17: CO4 | AQ17: CO5 | AR17: CO6 | AS17: CO7 | AT17: CO8 | AU17: CO9 | AV17: CO10 | AX17: PO1 | AY17: PO2 | AZ17: PO3 | BA17: PO4 | BB17: PO5 | BC17: PO6 | BD17: PO7 | BE17: PO8 | BF17: PO9 | BG17: PO10 | BH17: PO11 | BI17: PO12 | BJ17: PO1 | BK17: PO2 | BL17: PO3 | BM17: PO4 | BN17: PO5 | BO17: PO6 | BP17: PO7 | BQ17: PO8 | BR17: PO9 | BS17: PO10 | BT17: PO11 | BU17: PO12
A18: S/N | B18: Student ID | C18: Name | D18: =D3 -> 6 | E18: =E3 -> 3 | F18: =F3 -> 3 | G18: =G3 -> 3 | H18: =H3 -> 6 | I18: =I3 -> 3 | J18: =J3 -> 3 | K18: =K3 -> 3 | L18: =L4 -> 5 | M18: =H4 -> 0 | N18: =M5 -> 10 | O18: =I5 -> 0 | P18: =G6 -> 0 | Q18: =H6 -> 20 | R18: =I6 -> 0 | S18: =D18 -> 6 | T18: =E7 -> 3 | U18: =F7 -> 3 | V18: =G7 -> 3 | W18: =H7 -> 26 | X18: =I7 -> 3 | Y18: =J7 -> 3 | Z18: =K7 -> 3 | AA18: =L7 -> 5 | AB18: =M7 -> 10 | AC18: 1 | AD18: 1 | AE18: 1 | AF18: 1 | AG18: 1 | AH18: 1 | AI18: 1 | AJ18: 1 | AK18: 1 | AL18: 1 | AM18: If CO achieved (≥55%) then 1, else 0 | AX18: 1 | AY18: 1 | AZ18: 1 | BA18: 1 | BB18: 1 | BC18: 1 | BD18: 1 | BE18: 1 | BF18: 1 | BG18: 1 | BH18: 1 | BI18: 1 | BJ18: If PO achieved (≥55%) then 1, else 0
A19: 1 | B19: 201014036 | C19: Ahadul Islam Rahul | D19: =CO_Report_Evaluation!AG4 -> 0 | E19: =CO_Report_Evaluation!AH4 -> 0 | F19: =CO_Report_Evaluation!AI4 -> 0 | G19: =CO_Report_Evaluation!AJ4 -> 0 | H19: =CO_Report_Evaluation!AK4 -> 0 | I19: =CO_Report_Evaluation!AL4 -> 0 | J19: =CO_Report_Evaluation!AM4 -> 0 | K19: =CO_Report_Evaluation!AN4 -> 0 | L19: =CSE4098C_Summer2026_Grade!G5 -> 0 | N19: =((CSE4098C_Summer2026_Grade!E5)*10)/25 -> 1.6 | Q19: 16.11 | S19: =D19 -> 0 | T19: =E19 -> 0 | U19: =F19 -> 0 | V19: =SUM(G19,P19) -> 0 | W19: =SUM(H19,Q19) -> 16.11 | X19: =SUM(I19,R19) -> 0 | Y19: =J19 -> 0 | Z19: =K19 -> 0 | AA19: =L19 -> 0 | AB19: =SUM(M19,N19) -> 1.6 | AC19: =IF(S19 = 0, 0, S19/S$18) -> 0 | AD19: =IF(T19 = 0, 0, T19/T$18) -> 0 | AE19: =IF(U19 = 0, 0, U19/U$18) -> 0 | AF19: =IF(V19 = 0, 0, V19/V$18) -> 0 | AG19: =IF(W19 = 0, 0, W19/W$18) -> 0.61961538 | AH19: =IF(X19 = 0, 0, X19/X$18) -> 0 | AI19: =IF(Y19 = 0, 0, Y19/Y$18) -> 0 | AJ19: =IF(Z19 = 0, 0, Z19/Z$18) -> 0 | ... AL19: =IF(AB19 = 0, 0, AB19/AB$18) -> 0.16 | AM19: =IF(OR(CSE4098C_Summer2026_Grade!$J5="W (Withdrawn)", CSE4098C_Summer2026_Grade!$J5="I (Incomplete)"), 0, IF(AC19>=55%, 1, 0)) -> #DIV/0! | AN19: =IF(OR(CSE4098C_Summer2026_Grade!$J5="W (Withdrawn)", CSE4098C_Summer2026_Grade!$J5="I (Incomplete)"), 0, IF(AD19>=55%, 1, 0)) -> #DIV/0! | AO19: =IF(OR(CSE4098C_Summer2026_Grade!$J5="W (Withdrawn)", CSE4098C_Summer2026_Grade!$J5="I (Incomplete)"), 0, IF(AE19>=55%, 1, 0)) -> #DIV/0! | AP19: =IF(OR(CSE4098C_Summer2026_Grade!$J5="W (Withdrawn)", CSE4098C_Summer2026_Grade!$J5="I (Incomplete)"), 0, IF(AF19>=55%, 1, 0)) -> #DIV/0! | AQ19: =IF(OR(CSE4098C_Summer2026_Grade!$J5="W (Withdrawn)", CSE4098C_Summer2026_Grade!$J5="I (Incomplete)"), 0, IF(AG19>=55%, 1, 0)) -> #DIV/0! | AR19: =IF(OR(CSE4098C_Summer2026_Grade!$J5="W (Withdrawn)", CSE4098C_Summer2026_Grade!$J5="I (Incomplete)"), 0, IF(AH19>=55%, 1, 0)) -> #DIV/0! | AS19: =IF(OR(CSE4098C_Summer2026_Grade!$J5="W (Withdrawn)", CSE4098C_Summer2026_Grade!$J5="I (Incomplete)"), 0, IF(AI19>=55%, 1, 0)) -> #DIV/0! | AT19: =IF(OR(CSE4098C_Summer2026_Grade!$J5="W (Withdrawn)", CSE4098C_Summer2026_Grade!$J5="I (Incomplete)"), 0, IF(AJ19>=55%, 1, 0)) -> #DIV/0! | ... AV19: =IF(OR(CSE4098C_Summer2026_Grade!$J5="W (Withdrawn)", CSE4098C_Summer2026_Grade!$J5="I (Incomplete)"), 0, IF(AL19>=55%, 1, 0)) -> #DIV/0! | AX19: {=IF($AY$13=0,0,MMULT($AC19:$AL19, AY$3:AY$12)/$AY$13)} -> 0 | AY19: {=IF($AZ$13=0,0,MMULT($AC19:$AL19, AZ$3:AZ$12)/$AZ$13)} -> 0 | AZ19: {=IF($BA$13=0,0,MMULT($AC19:$AL19, BA$3:BA$12)/$BA$13)} -> 0 | BA19: {=IF($BB$13=0,0,MMULT($AC19:$AL19, BB$3:BB$12)/$BB$13)} -> 0.61961538 | BB19: {=IF($BC$13=0,0,MMULT($AC19:$AL19, BC$3:BC$12)/$BC$13)} -> 0 | BC19: {=IF($BD$13=0,0,MMULT($AC19:$AL19, BD$3:BD$12)/$BD$13)} -> 0 | BD19: {=IF($BE$13=0,0,MMULT($AC19:$AL19, BE$3:BE$12)/$BE$13)} -> 0 | BE19: {=IF($BF$13=0,0,MMULT($AC19:$AL19, BF$3:BF$12)/$BF$13)} -> 0 | BF19: {=IF($BG$13=0,0,MMULT($AC19:$AL19, BG$3:BG$12)/$BG$13)} -> 0 | BG19: {=IF($BH$13=0,0,MMULT($AC19:$AL19, BH$3:BH$12)/$BH$13)} -> 0.16 | BH19: {=IF($BI$13=0,0,MMULT($AC19:$AL19, BI$3:BI$12)/$BI$13)} -> 0 | BI19: {=IF($BJ$13=0,0,MMULT($AC19:$AL19, BJ$3:BJ$12)/$BJ$13)} -> 0 | BJ19: =IF(OR(CSE4098C_Summer2026_Grade!$J5="W (Withdrawn)", CSE4098C_Summer2026_Grade!$J5="I (Incomplete)"), 0, IF(AX19>=55%, 1, 0)) -> #DIV/0! | BK19: =IF(OR(CSE4098C_Summer2026_Grade!$J5="W (Withdrawn)", CSE4098C_Summer2026_Grade!$J5="I (Incomplete)"), 0, IF(AY19>=55%, 1, 0)) -> #DIV/0! | BL19: =IF(OR(CSE4098C_Summer2026_Grade!$J5="W (Withdrawn)", CSE4098C_Summer2026_Grade!$J5="I (Incomplete)"), 0, IF(AZ19>=55%, 1, 0)) -> #DIV/0! | BM19: =IF(OR(CSE4098C_Summer2026_Grade!$J5="W (Withdrawn)", CSE4098C_Summer2026_Grade!$J5="I (Incomplete)"), 0, IF(BA19>=55%, 1, 0)) -> #DIV/0! | BN19: =IF(OR(CSE4098C_Summer2026_Grade!$J5="W (Withdrawn)", CSE4098C_Summer2026_Grade!$J5="I (Incomplete)"), 0, IF(BB19>=55%, 1, 0)) -> #DIV/0! | BO19: =IF(OR(CSE4098C_Summer2026_Grade!$J5="W (Withdrawn)", CSE4098C_Summer2026_Grade!$J5="I (Incomplete)"), 0, IF(BC19>=55%, 1, 0)) -> #DIV/0! | BP19: =IF(OR(CSE4098C_Summer2026_Grade!$J5="W (Withdrawn)", CSE4098C_Summer2026_Grade!$J5="I (Incomplete)"), 0, IF(BD19>=55%, 1, 0)) -> #DIV/0! | BQ19: =IF(OR(CSE4098C_Summer2026_Grade!$J5="W (Withdrawn)", CSE4098C_Summer2026_Grade!$J5="I (Incomplete)"), 0, IF(BE19>=55%, 1, 0)) -> #DIV/0! | ... BU19: =IF(OR(CSE4098C_Summer2026_Grade!$J5="W (Withdrawn)", CSE4098C_Summer2026_Grade!$J5="I (Incomplete)"), 0, IF(BI19>=55%, 1, 0)) -> #DIV/0!
A20: =A19+1 -> 2 | B20: 201014080 | C20: Md. Sojib Al Hasan | D20: =CO_Report_Evaluation!AG5 -> 0 | E20: =CO_Report_Evaluation!AH5 -> 0 | F20: =CO_Report_Evaluation!AI5 -> 0 | G20: =CO_Report_Evaluation!AJ5 -> 0 | H20: =CO_Report_Evaluation!AK5 -> 0 | I20: =CO_Report_Evaluation!AL5 -> 0 | J20: =CO_Report_Evaluation!AM5 -> 0 | K20: =CO_Report_Evaluation!AN5 -> 0 | L20: =CSE4098C_Summer2026_Grade!G6 -> 0 | N20: =((CSE4098C_Summer2026_Grade!E6)*10)/25 -> 1.6 | Q20: 16.11 | S20: =D20 -> 0 | T20: =E20 -> 0 | U20: =F20 -> 0 | V20: =SUM(G20,P20) -> 0 | W20: =SUM(H20,Q20) -> 16.11 | X20: =SUM(I20,R20) -> 0 | Y20: =J20 -> 0 | Z20: =K20 -> 0 | AA20: =L20 -> 0 | AB20: =SUM(M20,N20) -> 1.6 | AC20: =IF(S20 = 0, 0, S20/S$18) -> 0 | AD20: =IF(T20 = 0, 0, T20/T$18) -> 0 | AE20: =IF(U20 = 0, 0, U20/U$18) -> 0 | AF20: =IF(V20 = 0, 0, V20/V$18) -> 0 | AG20: =IF(W20 = 0, 0, W20/W$18) -> 0.61961538 | AH20: =IF(X20 = 0, 0, X20/X$18) -> 0 | AI20: =IF(Y20 = 0, 0, Y20/Y$18) -> 0 | AJ20: =IF(Z20 = 0, 0, Z20/Z$18) -> 0 | ... AL20: =IF(AB20 = 0, 0, AB20/AB$18) -> 0.16 | AM20: =IF(OR(CSE4098C_Summer2026_Grade!$J6="W (Withdrawn)", CSE4098C_Summer2026_Grade!$J6="I (Incomplete)"), 0, IF(AC20>=55%, 1, 0)) -> #DIV/0! | AN20: =IF(OR(CSE4098C_Summer2026_Grade!$J6="W (Withdrawn)", CSE4098C_Summer2026_Grade!$J6="I (Incomplete)"), 0, IF(AD20>=55%, 1, 0)) -> #DIV/0! | AO20: =IF(OR(CSE4098C_Summer2026_Grade!$J6="W (Withdrawn)", CSE4098C_Summer2026_Grade!$J6="I (Incomplete)"), 0, IF(AE20>=55%, 1, 0)) -> #DIV/0! | AP20: =IF(OR(CSE4098C_Summer2026_Grade!$J6="W (Withdrawn)", CSE4098C_Summer2026_Grade!$J6="I (Incomplete)"), 0, IF(AF20>=55%, 1, 0)) -> #DIV/0! | AQ20: =IF(OR(CSE4098C_Summer2026_Grade!$J6="W (Withdrawn)", CSE4098C_Summer2026_Grade!$J6="I (Incomplete)"), 0, IF(AG20>=55%, 1, 0)) -> #DIV/0! | AR20: =IF(OR(CSE4098C_Summer2026_Grade!$J6="W (Withdrawn)", CSE4098C_Summer2026_Grade!$J6="I (Incomplete)"), 0, IF(AH20>=55%, 1, 0)) -> #DIV/0! | AS20: =IF(OR(CSE4098C_Summer2026_Grade!$J6="W (Withdrawn)", CSE4098C_Summer2026_Grade!$J6="I (Incomplete)"), 0, IF(AI20>=55%, 1, 0)) -> #DIV/0! | AT20: =IF(OR(CSE4098C_Summer2026_Grade!$J6="W (Withdrawn)", CSE4098C_Summer2026_Grade!$J6="I (Incomplete)"), 0, IF(AJ20>=55%, 1, 0)) -> #DIV/0! | ... AV20: =IF(OR(CSE4098C_Summer2026_Grade!$J6="W (Withdrawn)", CSE4098C_Summer2026_Grade!$J6="I (Incomplete)"), 0, IF(AL20>=55%, 1, 0)) -> #DIV/0! | AX20: {=IF($AY$13=0,0,MMULT($AC20:$AL20, AY$3:AY$12)/$AY$13)} -> 0 | AY20: {=IF($AZ$13=0,0,MMULT($AC20:$AL20, AZ$3:AZ$12)/$AZ$13)} -> 0 | AZ20: {=IF($BA$13=0,0,MMULT($AC20:$AL20, BA$3:BA$12)/$BA$13)} -> 0 | BA20: {=IF($BB$13=0,0,MMULT($AC20:$AL20, BB$3:BB$12)/$BB$13)} -> 0.61961538 | BB20: {=IF($BC$13=0,0,MMULT($AC20:$AL20, BC$3:BC$12)/$BC$13)} -> 0 | BC20: {=IF($BD$13=0,0,MMULT($AC20:$AL20, BD$3:BD$12)/$BD$13)} -> 0 | BD20: {=IF($BE$13=0,0,MMULT($AC20:$AL20, BE$3:BE$12)/$BE$13)} -> 0 | BE20: {=IF($BF$13=0,0,MMULT($AC20:$AL20, BF$3:BF$12)/$BF$13)} -> 0 | BF20: {=IF($BG$13=0,0,MMULT($AC20:$AL20, BG$3:BG$12)/$BG$13)} -> 0 | BG20: {=IF($BH$13=0,0,MMULT($AC20:$AL20, BH$3:BH$12)/$BH$13)} -> 0.16 | BH20: {=IF($BI$13=0,0,MMULT($AC20:$AL20, BI$3:BI$12)/$BI$13)} -> 0 | BI20: {=IF($BJ$13=0,0,MMULT($AC20:$AL20, BJ$3:BJ$12)/$BJ$13)} -> 0 | BJ20: =IF(OR(CSE4098C_Summer2026_Grade!$J6="W (Withdrawn)", CSE4098C_Summer2026_Grade!$J6="I (Incomplete)"), 0, IF(AX20>=55%, 1, 0)) -> #DIV/0! | BK20: =IF(OR(CSE4098C_Summer2026_Grade!$J6="W (Withdrawn)", CSE4098C_Summer2026_Grade!$J6="I (Incomplete)"), 0, IF(AY20>=55%, 1, 0)) -> #DIV/0! | BL20: =IF(OR(CSE4098C_Summer2026_Grade!$J6="W (Withdrawn)", CSE4098C_Summer2026_Grade!$J6="I (Incomplete)"), 0, IF(AZ20>=55%, 1, 0)) -> #DIV/0! | BM20: =IF(OR(CSE4098C_Summer2026_Grade!$J6="W (Withdrawn)", CSE4098C_Summer2026_Grade!$J6="I (Incomplete)"), 0, IF(BA20>=55%, 1, 0)) -> #DIV/0! | BN20: =IF(OR(CSE4098C_Summer2026_Grade!$J6="W (Withdrawn)", CSE4098C_Summer2026_Grade!$J6="I (Incomplete)"), 0, IF(BB20>=55%, 1, 0)) -> #DIV/0! | BO20: =IF(OR(CSE4098C_Summer2026_Grade!$J6="W (Withdrawn)", CSE4098C_Summer2026_Grade!$J6="I (Incomplete)"), 0, IF(BC20>=55%, 1, 0)) -> #DIV/0! | BP20: =IF(OR(CSE4098C_Summer2026_Grade!$J6="W (Withdrawn)", CSE4098C_Summer2026_Grade!$J6="I (Incomplete)"), 0, IF(BD20>=55%, 1, 0)) -> #DIV/0! | BQ20: =IF(OR(CSE4098C_Summer2026_Grade!$J6="W (Withdrawn)", CSE4098C_Summer2026_Grade!$J6="I (Incomplete)"), 0, IF(BE20>=55%, 1, 0)) -> #DIV/0! | ... BU20: =IF(OR(CSE4098C_Summer2026_Grade!$J6="W (Withdrawn)", CSE4098C_Summer2026_Grade!$J6="I (Incomplete)"), 0, IF(BI20>=55%, 1, 0)) -> #DIV/0!
A21: =A20+1 -> 3 | B21: 201014035 | C21: Nadia Akter Jui | D21: =CO_Report_Evaluation!AG6 -> 0 | E21: =CO_Report_Evaluation!AH6 -> 0 | F21: =CO_Report_Evaluation!AI6 -> 0 | G21: =CO_Report_Evaluation!AJ6 -> 0 | H21: =CO_Report_Evaluation!AK6 -> 0 | I21: =CO_Report_Evaluation!AL6 -> 0 | J21: =CO_Report_Evaluation!AM6 -> 0 | K21: =CO_Report_Evaluation!AN6 -> 0 | L21: =CSE4098C_Summer2026_Grade!G7 -> 0 | N21: =((CSE4098C_Summer2026_Grade!E7)*10)/25 -> 1.468 | Q21: 16.11 | S21: =D21 -> 0 | T21: =E21 -> 0 | U21: =F21 -> 0 | V21: =SUM(G21,P21) -> 0 | W21: =SUM(H21,Q21) -> 16.11 | X21: =SUM(I21,R21) -> 0 | Y21: =J21 -> 0 | Z21: =K21 -> 0 | AA21: =L21 -> 0 | AB21: =SUM(M21,N21) -> 1.468 | AC21: =IF(S21 = 0, 0, S21/S$18) -> 0 | AD21: =IF(T21 = 0, 0, T21/T$18) -> 0 | AE21: =IF(U21 = 0, 0, U21/U$18) -> 0 | AF21: =IF(V21 = 0, 0, V21/V$18) -> 0 | AG21: =IF(W21 = 0, 0, W21/W$18) -> 0.61961538 | AH21: =IF(X21 = 0, 0, X21/X$18) -> 0 | AI21: =IF(Y21 = 0, 0, Y21/Y$18) -> 0 | AJ21: =IF(Z21 = 0, 0, Z21/Z$18) -> 0 | ... AL21: =IF(AB21 = 0, 0, AB21/AB$18) -> 0.1468 | AM21: =IF(OR(CSE4098C_Summer2026_Grade!$J7="W (Withdrawn)", CSE4098C_Summer2026_Grade!$J7="I (Incomplete)"), 0, IF(AC21>=55%, 1, 0)) -> #DIV/0! | AN21: =IF(OR(CSE4098C_Summer2026_Grade!$J7="W (Withdrawn)", CSE4098C_Summer2026_Grade!$J7="I (Incomplete)"), 0, IF(AD21>=55%, 1, 0)) -> #DIV/0! | AO21: =IF(OR(CSE4098C_Summer2026_Grade!$J7="W (Withdrawn)", CSE4098C_Summer2026_Grade!$J7="I (Incomplete)"), 0, IF(AE21>=55%, 1, 0)) -> #DIV/0! | AP21: =IF(OR(CSE4098C_Summer2026_Grade!$J7="W (Withdrawn)", CSE4098C_Summer2026_Grade!$J7="I (Incomplete)"), 0, IF(AF21>=55%, 1, 0)) -> #DIV/0! | AQ21: =IF(OR(CSE4098C_Summer2026_Grade!$J7="W (Withdrawn)", CSE4098C_Summer2026_Grade!$J7="I (Incomplete)"), 0, IF(AG21>=55%, 1, 0)) -> #DIV/0! | AR21: =IF(OR(CSE4098C_Summer2026_Grade!$J7="W (Withdrawn)", CSE4098C_Summer2026_Grade!$J7="I (Incomplete)"), 0, IF(AH21>=55%, 1, 0)) -> #DIV/0! | AS21: =IF(OR(CSE4098C_Summer2026_Grade!$J7="W (Withdrawn)", CSE4098C_Summer2026_Grade!$J7="I (Incomplete)"), 0, IF(AI21>=55%, 1, 0)) -> #DIV/0! | AT21: =IF(OR(CSE4098C_Summer2026_Grade!$J7="W (Withdrawn)", CSE4098C_Summer2026_Grade!$J7="I (Incomplete)"), 0, IF(AJ21>=55%, 1, 0)) -> #DIV/0! | ... AV21: =IF(OR(CSE4098C_Summer2026_Grade!$J7="W (Withdrawn)", CSE4098C_Summer2026_Grade!$J7="I (Incomplete)"), 0, IF(AL21>=55%, 1, 0)) -> #DIV/0! | AX21: {=IF($AY$13=0,0,MMULT($AC21:$AL21, AY$3:AY$12)/$AY$13)} -> 0 | AY21: {=IF($AZ$13=0,0,MMULT($AC21:$AL21, AZ$3:AZ$12)/$AZ$13)} -> 0 | AZ21: {=IF($BA$13=0,0,MMULT($AC21:$AL21, BA$3:BA$12)/$BA$13)} -> 0 | BA21: {=IF($BB$13=0,0,MMULT($AC21:$AL21, BB$3:BB$12)/$BB$13)} -> 0.61961538 | BB21: {=IF($BC$13=0,0,MMULT($AC21:$AL21, BC$3:BC$12)/$BC$13)} -> 0 | BC21: {=IF($BD$13=0,0,MMULT($AC21:$AL21, BD$3:BD$12)/$BD$13)} -> 0 | BD21: {=IF($BE$13=0,0,MMULT($AC21:$AL21, BE$3:BE$12)/$BE$13)} -> 0 | BE21: {=IF($BF$13=0,0,MMULT($AC21:$AL21, BF$3:BF$12)/$BF$13)} -> 0 | BF21: {=IF($BG$13=0,0,MMULT($AC21:$AL21, BG$3:BG$12)/$BG$13)} -> 0 | BG21: {=IF($BH$13=0,0,MMULT($AC21:$AL21, BH$3:BH$12)/$BH$13)} -> 0.1468 | BH21: {=IF($BI$13=0,0,MMULT($AC21:$AL21, BI$3:BI$12)/$BI$13)} -> 0 | BI21: {=IF($BJ$13=0,0,MMULT($AC21:$AL21, BJ$3:BJ$12)/$BJ$13)} -> 0 | BJ21: =IF(OR(CSE4098C_Summer2026_Grade!$J7="W (Withdrawn)", CSE4098C_Summer2026_Grade!$J7="I (Incomplete)"), 0, IF(AX21>=55%, 1, 0)) -> #DIV/0! | BK21: =IF(OR(CSE4098C_Summer2026_Grade!$J7="W (Withdrawn)", CSE4098C_Summer2026_Grade!$J7="I (Incomplete)"), 0, IF(AY21>=55%, 1, 0)) -> #DIV/0! | BL21: =IF(OR(CSE4098C_Summer2026_Grade!$J7="W (Withdrawn)", CSE4098C_Summer2026_Grade!$J7="I (Incomplete)"), 0, IF(AZ21>=55%, 1, 0)) -> #DIV/0! | BM21: =IF(OR(CSE4098C_Summer2026_Grade!$J7="W (Withdrawn)", CSE4098C_Summer2026_Grade!$J7="I (Incomplete)"), 0, IF(BA21>=55%, 1, 0)) -> #DIV/0! | BN21: =IF(OR(CSE4098C_Summer2026_Grade!$J7="W (Withdrawn)", CSE4098C_Summer2026_Grade!$J7="I (Incomplete)"), 0, IF(BB21>=55%, 1, 0)) -> #DIV/0! | BO21: =IF(OR(CSE4098C_Summer2026_Grade!$J7="W (Withdrawn)", CSE4098C_Summer2026_Grade!$J7="I (Incomplete)"), 0, IF(BC21>=55%, 1, 0)) -> #DIV/0! | BP21: =IF(OR(CSE4098C_Summer2026_Grade!$J7="W (Withdrawn)", CSE4098C_Summer2026_Grade!$J7="I (Incomplete)"), 0, IF(BD21>=55%, 1, 0)) -> #DIV/0! | BQ21: =IF(OR(CSE4098C_Summer2026_Grade!$J7="W (Withdrawn)", CSE4098C_Summer2026_Grade!$J7="I (Incomplete)"), 0, IF(BE21>=55%, 1, 0)) -> #DIV/0! | ... BU21: =IF(OR(CSE4098C_Summer2026_Grade!$J7="W (Withdrawn)", CSE4098C_Summer2026_Grade!$J7="I (Incomplete)"), 0, IF(BI21>=55%, 1, 0)) -> #DIV/0!
A22: =A21+1 -> 4 | B22: 223014152 | C22: Md. Minhazul Islam | D22: =CO_Report_Evaluation!AG7 -> 0 | E22: =CO_Report_Evaluation!AH7 -> 0 | F22: =CO_Report_Evaluation!AI7 -> 0 | G22: =CO_Report_Evaluation!AJ7 -> 0 | H22: =CO_Report_Evaluation!AK7 -> 0 | I22: =CO_Report_Evaluation!AL7 -> 0 | J22: =CO_Report_Evaluation!AM7 -> 0 | K22: =CO_Report_Evaluation!AN7 -> 0 | L22: =CSE4098C_Summer2026_Grade!G8 -> 0 | N22: =((CSE4098C_Summer2026_Grade!E8)*10)/25 -> 1.6 | Q22: 16.11 | S22: =D22 -> 0 | T22: =E22 -> 0 | U22: =F22 -> 0 | V22: =SUM(G22,P22) -> 0 | W22: =SUM(H22,Q22) -> 16.11 | X22: =SUM(I22,R22) -> 0 | Y22: =J22 -> 0 | Z22: =K22 -> 0 | AA22: =L22 -> 0 | AB22: =SUM(M22,N22) -> 1.6 | AC22: =IF(S22 = 0, 0, S22/S$18) -> 0 | AD22: =IF(T22 = 0, 0, T22/T$18) -> 0 | AE22: =IF(U22 = 0, 0, U22/U$18) -> 0 | AF22: =IF(V22 = 0, 0, V22/V$18) -> 0 | AG22: =IF(W22 = 0, 0, W22/W$18) -> 0.61961538 | AH22: =IF(X22 = 0, 0, X22/X$18) -> 0 | AI22: =IF(Y22 = 0, 0, Y22/Y$18) -> 0 | AJ22: =IF(Z22 = 0, 0, Z22/Z$18) -> 0 | ... AL22: =IF(AB22 = 0, 0, AB22/AB$18) -> 0.16 | AM22: =IF(OR(CSE4098C_Summer2026_Grade!$J8="W (Withdrawn)", CSE4098C_Summer2026_Grade!$J8="I (Incomplete)"), 0, IF(AC22>=55%, 1, 0)) -> #DIV/0! | AN22: =IF(OR(CSE4098C_Summer2026_Grade!$J8="W (Withdrawn)", CSE4098C_Summer2026_Grade!$J8="I (Incomplete)"), 0, IF(AD22>=55%, 1, 0)) -> #DIV/0! | AO22: =IF(OR(CSE4098C_Summer2026_Grade!$J8="W (Withdrawn)", CSE4098C_Summer2026_Grade!$J8="I (Incomplete)"), 0, IF(AE22>=55%, 1, 0)) -> #DIV/0! | AP22: =IF(OR(CSE4098C_Summer2026_Grade!$J8="W (Withdrawn)", CSE4098C_Summer2026_Grade!$J8="I (Incomplete)"), 0, IF(AF22>=55%, 1, 0)) -> #DIV/0! | AQ22: =IF(OR(CSE4098C_Summer2026_Grade!$J8="W (Withdrawn)", CSE4098C_Summer2026_Grade!$J8="I (Incomplete)"), 0, IF(AG22>=55%, 1, 0)) -> #DIV/0! | AR22: =IF(OR(CSE4098C_Summer2026_Grade!$J8="W (Withdrawn)", CSE4098C_Summer2026_Grade!$J8="I (Incomplete)"), 0, IF(AH22>=55%, 1, 0)) -> #DIV/0! | AS22: =IF(OR(CSE4098C_Summer2026_Grade!$J8="W (Withdrawn)", CSE4098C_Summer2026_Grade!$J8="I (Incomplete)"), 0, IF(AI22>=55%, 1, 0)) -> #DIV/0! | AT22: =IF(OR(CSE4098C_Summer2026_Grade!$J8="W (Withdrawn)", CSE4098C_Summer2026_Grade!$J8="I (Incomplete)"), 0, IF(AJ22>=55%, 1, 0)) -> #DIV/0! | ... AV22: =IF(OR(CSE4098C_Summer2026_Grade!$J8="W (Withdrawn)", CSE4098C_Summer2026_Grade!$J8="I (Incomplete)"), 0, IF(AL22>=55%, 1, 0)) -> #DIV/0! | AX22: {=IF($AY$13=0,0,MMULT($AC22:$AL22, AY$3:AY$12)/$AY$13)} -> 0 | AY22: {=IF($AZ$13=0,0,MMULT($AC22:$AL22, AZ$3:AZ$12)/$AZ$13)} -> 0 | AZ22: {=IF($BA$13=0,0,MMULT($AC22:$AL22, BA$3:BA$12)/$BA$13)} -> 0 | BA22: {=IF($BB$13=0,0,MMULT($AC22:$AL22, BB$3:BB$12)/$BB$13)} -> 0.61961538 | BB22: {=IF($BC$13=0,0,MMULT($AC22:$AL22, BC$3:BC$12)/$BC$13)} -> 0 | BC22: {=IF($BD$13=0,0,MMULT($AC22:$AL22, BD$3:BD$12)/$BD$13)} -> 0 | BD22: {=IF($BE$13=0,0,MMULT($AC22:$AL22, BE$3:BE$12)/$BE$13)} -> 0 | BE22: {=IF($BF$13=0,0,MMULT($AC22:$AL22, BF$3:BF$12)/$BF$13)} -> 0 | BF22: {=IF($BG$13=0,0,MMULT($AC22:$AL22, BG$3:BG$12)/$BG$13)} -> 0 | BG22: {=IF($BH$13=0,0,MMULT($AC22:$AL22, BH$3:BH$12)/$BH$13)} -> 0.16 | BH22: {=IF($BI$13=0,0,MMULT($AC22:$AL22, BI$3:BI$12)/$BI$13)} -> 0 | BI22: {=IF($BJ$13=0,0,MMULT($AC22:$AL22, BJ$3:BJ$12)/$BJ$13)} -> 0 | BJ22: =IF(OR(CSE4098C_Summer2026_Grade!$J8="W (Withdrawn)", CSE4098C_Summer2026_Grade!$J8="I (Incomplete)"), 0, IF(AX22>=55%, 1, 0)) -> #DIV/0! | BK22: =IF(OR(CSE4098C_Summer2026_Grade!$J8="W (Withdrawn)", CSE4098C_Summer2026_Grade!$J8="I (Incomplete)"), 0, IF(AY22>=55%, 1, 0)) -> #DIV/0! | BL22: =IF(OR(CSE4098C_Summer2026_Grade!$J8="W (Withdrawn)", CSE4098C_Summer2026_Grade!$J8="I (Incomplete)"), 0, IF(AZ22>=55%, 1, 0)) -> #DIV/0! | BM22: =IF(OR(CSE4098C_Summer2026_Grade!$J8="W (Withdrawn)", CSE4098C_Summer2026_Grade!$J8="I (Incomplete)"), 0, IF(BA22>=55%, 1, 0)) -> #DIV/0! | BN22: =IF(OR(CSE4098C_Summer2026_Grade!$J8="W (Withdrawn)", CSE4098C_Summer2026_Grade!$J8="I (Incomplete)"), 0, IF(BB22>=55%, 1, 0)) -> #DIV/0! | BO22: =IF(OR(CSE4098C_Summer2026_Grade!$J8="W (Withdrawn)", CSE4098C_Summer2026_Grade!$J8="I (Incomplete)"), 0, IF(BC22>=55%, 1, 0)) -> #DIV/0! | BP22: =IF(OR(CSE4098C_Summer2026_Grade!$J8="W (Withdrawn)", CSE4098C_Summer2026_Grade!$J8="I (Incomplete)"), 0, IF(BD22>=55%, 1, 0)) -> #DIV/0! | BQ22: =IF(OR(CSE4098C_Summer2026_Grade!$J8="W (Withdrawn)", CSE4098C_Summer2026_Grade!$J8="I (Incomplete)"), 0, IF(BE22>=55%, 1, 0)) -> #DIV/0! | ... BU22: =IF(OR(CSE4098C_Summer2026_Grade!$J8="W (Withdrawn)", CSE4098C_Summer2026_Grade!$J8="I (Incomplete)"), 0, IF(BI22>=55%, 1, 0)) -> #DIV/0!
A23: =A22+1 -> 5 | B23: 223014049 | C23: Md. Shams Arefin | D23: =CO_Report_Evaluation!AG8 -> 0 | E23: =CO_Report_Evaluation!AH8 -> 0 | F23: =CO_Report_Evaluation!AI8 -> 0 | G23: =CO_Report_Evaluation!AJ8 -> 0 | H23: =CO_Report_Evaluation!AK8 -> 0 | I23: =CO_Report_Evaluation!AL8 -> 0 | J23: =CO_Report_Evaluation!AM8 -> 0 | K23: =CO_Report_Evaluation!AN8 -> 0 | L23: =CSE4098C_Summer2026_Grade!G9 -> 0 | N23: =((CSE4098C_Summer2026_Grade!E9)*10)/25 -> 1.736 | Q23: 16.11 | S23: =D23 -> 0 | T23: =E23 -> 0 | U23: =F23 -> 0 | V23: =SUM(G23,P23) -> 0 | W23: =SUM(H23,Q23) -> 16.11 | X23: =SUM(I23,R23) -> 0 | Y23: =J23 -> 0 | Z23: =K23 -> 0 | AA23: =L23 -> 0 | AB23: =SUM(M23,N23) -> 1.736 | AC23: =IF(S23 = 0, 0, S23/S$18) -> 0 | AD23: =IF(T23 = 0, 0, T23/T$18) -> 0 | AE23: =IF(U23 = 0, 0, U23/U$18) -> 0 | AF23: =IF(V23 = 0, 0, V23/V$18) -> 0 | AG23: =IF(W23 = 0, 0, W23/W$18) -> 0.61961538 | AH23: =IF(X23 = 0, 0, X23/X$18) -> 0 | AI23: =IF(Y23 = 0, 0, Y23/Y$18) -> 0 | AJ23: =IF(Z23 = 0, 0, Z23/Z$18) -> 0 | ... AL23: =IF(AB23 = 0, 0, AB23/AB$18) -> 0.1736 | AM23: =IF(OR(CSE4098C_Summer2026_Grade!$J9="W (Withdrawn)", CSE4098C_Summer2026_Grade!$J9="I (Incomplete)"), 0, IF(AC23>=55%, 1, 0)) -> #DIV/0! | AN23: =IF(OR(CSE4098C_Summer2026_Grade!$J9="W (Withdrawn)", CSE4098C_Summer2026_Grade!$J9="I (Incomplete)"), 0, IF(AD23>=55%, 1, 0)) -> #DIV/0! | AO23: =IF(OR(CSE4098C_Summer2026_Grade!$J9="W (Withdrawn)", CSE4098C_Summer2026_Grade!$J9="I (Incomplete)"), 0, IF(AE23>=55%, 1, 0)) -> #DIV/0! | AP23: =IF(OR(CSE4098C_Summer2026_Grade!$J9="W (Withdrawn)", CSE4098C_Summer2026_Grade!$J9="I (Incomplete)"), 0, IF(AF23>=55%, 1, 0)) -> #DIV/0! | AQ23: =IF(OR(CSE4098C_Summer2026_Grade!$J9="W (Withdrawn)", CSE4098C_Summer2026_Grade!$J9="I (Incomplete)"), 0, IF(AG23>=55%, 1, 0)) -> #DIV/0! | AR23: =IF(OR(CSE4098C_Summer2026_Grade!$J9="W (Withdrawn)", CSE4098C_Summer2026_Grade!$J9="I (Incomplete)"), 0, IF(AH23>=55%, 1, 0)) -> #DIV/0! | AS23: =IF(OR(CSE4098C_Summer2026_Grade!$J9="W (Withdrawn)", CSE4098C_Summer2026_Grade!$J9="I (Incomplete)"), 0, IF(AI23>=55%, 1, 0)) -> #DIV/0! | AT23: =IF(OR(CSE4098C_Summer2026_Grade!$J9="W (Withdrawn)", CSE4098C_Summer2026_Grade!$J9="I (Incomplete)"), 0, IF(AJ23>=55%, 1, 0)) -> #DIV/0! | ... AV23: =IF(OR(CSE4098C_Summer2026_Grade!$J9="W (Withdrawn)", CSE4098C_Summer2026_Grade!$J9="I (Incomplete)"), 0, IF(AL23>=55%, 1, 0)) -> #DIV/0! | AX23: {=IF($AY$13=0,0,MMULT($AC23:$AL23, AY$3:AY$12)/$AY$13)} -> 0 | AY23: {=IF($AZ$13=0,0,MMULT($AC23:$AL23, AZ$3:AZ$12)/$AZ$13)} -> 0 | AZ23: {=IF($BA$13=0,0,MMULT($AC23:$AL23, BA$3:BA$12)/$BA$13)} -> 0 | BA23: {=IF($BB$13=0,0,MMULT($AC23:$AL23, BB$3:BB$12)/$BB$13)} -> 0.61961538 | BB23: {=IF($BC$13=0,0,MMULT($AC23:$AL23, BC$3:BC$12)/$BC$13)} -> 0 | BC23: {=IF($BD$13=0,0,MMULT($AC23:$AL23, BD$3:BD$12)/$BD$13)} -> 0 | BD23: {=IF($BE$13=0,0,MMULT($AC23:$AL23, BE$3:BE$12)/$BE$13)} -> 0 | BE23: {=IF($BF$13=0,0,MMULT($AC23:$AL23, BF$3:BF$12)/$BF$13)} -> 0 | BF23: {=IF($BG$13=0,0,MMULT($AC23:$AL23, BG$3:BG$12)/$BG$13)} -> 0 | BG23: {=IF($BH$13=0,0,MMULT($AC23:$AL23, BH$3:BH$12)/$BH$13)} -> 0.1736 | BH23: {=IF($BI$13=0,0,MMULT($AC23:$AL23, BI$3:BI$12)/$BI$13)} -> 0 | BI23: {=IF($BJ$13=0,0,MMULT($AC23:$AL23, BJ$3:BJ$12)/$BJ$13)} -> 0 | BJ23: =IF(OR(CSE4098C_Summer2026_Grade!$J9="W (Withdrawn)", CSE4098C_Summer2026_Grade!$J9="I (Incomplete)"), 0, IF(AX23>=55%, 1, 0)) -> #DIV/0! | BK23: =IF(OR(CSE4098C_Summer2026_Grade!$J9="W (Withdrawn)", CSE4098C_Summer2026_Grade!$J9="I (Incomplete)"), 0, IF(AY23>=55%, 1, 0)) -> #DIV/0! | BL23: =IF(OR(CSE4098C_Summer2026_Grade!$J9="W (Withdrawn)", CSE4098C_Summer2026_Grade!$J9="I (Incomplete)"), 0, IF(AZ23>=55%, 1, 0)) -> #DIV/0! | BM23: =IF(OR(CSE4098C_Summer2026_Grade!$J9="W (Withdrawn)", CSE4098C_Summer2026_Grade!$J9="I (Incomplete)"), 0, IF(BA23>=55%, 1, 0)) -> #DIV/0! | BN23: =IF(OR(CSE4098C_Summer2026_Grade!$J9="W (Withdrawn)", CSE4098C_Summer2026_Grade!$J9="I (Incomplete)"), 0, IF(BB23>=55%, 1, 0)) -> #DIV/0! | BO23: =IF(OR(CSE4098C_Summer2026_Grade!$J9="W (Withdrawn)", CSE4098C_Summer2026_Grade!$J9="I (Incomplete)"), 0, IF(BC23>=55%, 1, 0)) -> #DIV/0! | BP23: =IF(OR(CSE4098C_Summer2026_Grade!$J9="W (Withdrawn)", CSE4098C_Summer2026_Grade!$J9="I (Incomplete)"), 0, IF(BD23>=55%, 1, 0)) -> #DIV/0! | BQ23: =IF(OR(CSE4098C_Summer2026_Grade!$J9="W (Withdrawn)", CSE4098C_Summer2026_Grade!$J9="I (Incomplete)"), 0, IF(BE23>=55%, 1, 0)) -> #DIV/0! | ... BU23: =IF(OR(CSE4098C_Summer2026_Grade!$J9="W (Withdrawn)", CSE4098C_Summer2026_Grade!$J9="I (Incomplete)"), 0, IF(BI23>=55%, 1, 0)) -> #DIV/0!
A24: =A23+1 -> 6 | B24: 222014039 | C24: Aminul Islam | D24: =CO_Report_Evaluation!AG9 -> 0 | E24: =CO_Report_Evaluation!AH9 -> 0 | F24: =CO_Report_Evaluation!AI9 -> 0 | G24: =CO_Report_Evaluation!AJ9 -> 0 | H24: =CO_Report_Evaluation!AK9 -> 0 | I24: =CO_Report_Evaluation!AL9 -> 0 | J24: =CO_Report_Evaluation!AM9 -> 0 | K24: =CO_Report_Evaluation!AN9 -> 0 | L24: =CSE4098C_Summer2026_Grade!G10 -> 0 | N24: =((CSE4098C_Summer2026_Grade!E10)*10)/25 -> 6.844 | Q24: 15 | S24: =D24 -> 0 | T24: =E24 -> 0 | U24: =F24 -> 0 | V24: =SUM(G24,P24) -> 0 | W24: =SUM(H24,Q24) -> 15 | X24: =SUM(I24,R24) -> 0 | Y24: =J24 -> 0 | Z24: =K24 -> 0 | AA24: =L24 -> 0 | AB24: =SUM(M24,N24) -> 6.844 | AC24: =IF(S24 = 0, 0, S24/S$18) -> 0 | AD24: =IF(T24 = 0, 0, T24/T$18) -> 0 | AE24: =IF(U24 = 0, 0, U24/U$18) -> 0 | AF24: =IF(V24 = 0, 0, V24/V$18) -> 0 | AG24: =IF(W24 = 0, 0, W24/W$18) -> 0.57692308 | AH24: =IF(X24 = 0, 0, X24/X$18) -> 0 | AI24: =IF(Y24 = 0, 0, Y24/Y$18) -> 0 | AJ24: =IF(Z24 = 0, 0, Z24/Z$18) -> 0 | ... AL24: =IF(AB24 = 0, 0, AB24/AB$18) -> 0.6844 | AM24: =IF(OR(CSE4098C_Summer2026_Grade!$J10="W (Withdrawn)", CSE4098C_Summer2026_Grade!$J10="I (Incomplete)"), 0, IF(AC24>=55%, 1, 0)) -> #DIV/0! | AN24: =IF(OR(CSE4098C_Summer2026_Grade!$J10="W (Withdrawn)", CSE4098C_Summer2026_Grade!$J10="I (Incomplete)"), 0, IF(AD24>=55%, 1, 0)) -> #DIV/0! | AO24: =IF(OR(CSE4098C_Summer2026_Grade!$J10="W (Withdrawn)", CSE4098C_Summer2026_Grade!$J10="I (Incomplete)"), 0, IF(AE24>=55%, 1, 0)) -> #DIV/0! | AP24: =IF(OR(CSE4098C_Summer2026_Grade!$J10="W (Withdrawn)", CSE4098C_Summer2026_Grade!$J10="I (Incomplete)"), 0, IF(AF24>=55%, 1, 0)) -> #DIV/0! | AQ24: =IF(OR(CSE4098C_Summer2026_Grade!$J10="W (Withdrawn)", CSE4098C_Summer2026_Grade!$J10="I (Incomplete)"), 0, IF(AG24>=55%, 1, 0)) -> #DIV/0! | AR24: =IF(OR(CSE4098C_Summer2026_Grade!$J10="W (Withdrawn)", CSE4098C_Summer2026_Grade!$J10="I (Incomplete)"), 0, IF(AH24>=55%, 1, 0)) -> #DIV/0! | AS24: =IF(OR(CSE4098C_Summer2026_Grade!$J10="W (Withdrawn)", CSE4098C_Summer2026_Grade!$J10="I (Incomplete)"), 0, IF(AI24>=55%, 1, 0)) -> #DIV/0! | AT24: =IF(OR(CSE4098C_Summer2026_Grade!$J10="W (Withdrawn)", CSE4098C_Summer2026_Grade!$J10="I (Incomplete)"), 0, IF(AJ24>=55%, 1, 0)) -> #DIV/0! | ... AV24: =IF(OR(CSE4098C_Summer2026_Grade!$J10="W (Withdrawn)", CSE4098C_Summer2026_Grade!$J10="I (Incomplete)"), 0, IF(AL24>=55%, 1, 0)) -> #DIV/0! | AX24: {=IF($AY$13=0,0,MMULT($AC24:$AL24, AY$3:AY$12)/$AY$13)} -> 0 | AY24: {=IF($AZ$13=0,0,MMULT($AC24:$AL24, AZ$3:AZ$12)/$AZ$13)} -> 0 | AZ24: {=IF($BA$13=0,0,MMULT($AC24:$AL24, BA$3:BA$12)/$BA$13)} -> 0 | BA24: {=IF($BB$13=0,0,MMULT($AC24:$AL24, BB$3:BB$12)/$BB$13)} -> 0.57692308 | BB24: {=IF($BC$13=0,0,MMULT($AC24:$AL24, BC$3:BC$12)/$BC$13)} -> 0 | BC24: {=IF($BD$13=0,0,MMULT($AC24:$AL24, BD$3:BD$12)/$BD$13)} -> 0 | BD24: {=IF($BE$13=0,0,MMULT($AC24:$AL24, BE$3:BE$12)/$BE$13)} -> 0 | BE24: {=IF($BF$13=0,0,MMULT($AC24:$AL24, BF$3:BF$12)/$BF$13)} -> 0 | BF24: {=IF($BG$13=0,0,MMULT($AC24:$AL24, BG$3:BG$12)/$BG$13)} -> 0 | BG24: {=IF($BH$13=0,0,MMULT($AC24:$AL24, BH$3:BH$12)/$BH$13)} -> 0.6844 | BH24: {=IF($BI$13=0,0,MMULT($AC24:$AL24, BI$3:BI$12)/$BI$13)} -> 0 | BI24: {=IF($BJ$13=0,0,MMULT($AC24:$AL24, BJ$3:BJ$12)/$BJ$13)} -> 0 | BJ24: =IF(OR(CSE4098C_Summer2026_Grade!$J10="W (Withdrawn)", CSE4098C_Summer2026_Grade!$J10="I (Incomplete)"), 0, IF(AX24>=55%, 1, 0)) -> #DIV/0! | BK24: =IF(OR(CSE4098C_Summer2026_Grade!$J10="W (Withdrawn)", CSE4098C_Summer2026_Grade!$J10="I (Incomplete)"), 0, IF(AY24>=55%, 1, 0)) -> #DIV/0! | BL24: =IF(OR(CSE4098C_Summer2026_Grade!$J10="W (Withdrawn)", CSE4098C_Summer2026_Grade!$J10="I (Incomplete)"), 0, IF(AZ24>=55%, 1, 0)) -> #DIV/0! | BM24: =IF(OR(CSE4098C_Summer2026_Grade!$J10="W (Withdrawn)", CSE4098C_Summer2026_Grade!$J10="I (Incomplete)"), 0, IF(BA24>=55%, 1, 0)) -> #DIV/0! | BN24: =IF(OR(CSE4098C_Summer2026_Grade!$J10="W (Withdrawn)", CSE4098C_Summer2026_Grade!$J10="I (Incomplete)"), 0, IF(BB24>=55%, 1, 0)) -> #DIV/0! | BO24: =IF(OR(CSE4098C_Summer2026_Grade!$J10="W (Withdrawn)", CSE4098C_Summer2026_Grade!$J10="I (Incomplete)"), 0, IF(BC24>=55%, 1, 0)) -> #DIV/0! | BP24: =IF(OR(CSE4098C_Summer2026_Grade!$J10="W (Withdrawn)", CSE4098C_Summer2026_Grade!$J10="I (Incomplete)"), 0, IF(BD24>=55%, 1, 0)) -> #DIV/0! | BQ24: =IF(OR(CSE4098C_Summer2026_Grade!$J10="W (Withdrawn)", CSE4098C_Summer2026_Grade!$J10="I (Incomplete)"), 0, IF(BE24>=55%, 1, 0)) -> #DIV/0! | ... BU24: =IF(OR(CSE4098C_Summer2026_Grade!$J10="W (Withdrawn)", CSE4098C_Summer2026_Grade!$J10="I (Incomplete)"), 0, IF(BI24>=55%, 1, 0)) -> #DIV/0!
A25: =A24+1 -> 7 | B25: 222014012 | C25: Israfill Hossain Mehedi | D25: =CO_Report_Evaluation!AG10 -> 0 | E25: =CO_Report_Evaluation!AH10 -> 0 | F25: =CO_Report_Evaluation!AI10 -> 0 | G25: =CO_Report_Evaluation!AJ10 -> 0 | H25: =CO_Report_Evaluation!AK10 -> 0 | I25: =CO_Report_Evaluation!AL10 -> 0 | J25: =CO_Report_Evaluation!AM10 -> 0 | K25: =CO_Report_Evaluation!AN10 -> 0 | L25: =CSE4098C_Summer2026_Grade!G11 -> 0 | N25: =((CSE4098C_Summer2026_Grade!E11)*10)/25 -> 6.904 | Q25: 15 | S25: =D25 -> 0 | T25: =E25 -> 0 | U25: =F25 -> 0 | V25: =SUM(G25,P25) -> 0 | W25: =SUM(H25,Q25) -> 15 | X25: =SUM(I25,R25) -> 0 | Y25: =J25 -> 0 | Z25: =K25 -> 0 | AA25: =L25 -> 0 | AB25: =SUM(M25,N25) -> 6.904 | AC25: =IF(S25 = 0, 0, S25/S$18) -> 0 | AD25: =IF(T25 = 0, 0, T25/T$18) -> 0 | AE25: =IF(U25 = 0, 0, U25/U$18) -> 0 | AF25: =IF(V25 = 0, 0, V25/V$18) -> 0 | AG25: =IF(W25 = 0, 0, W25/W$18) -> 0.57692308 | AH25: =IF(X25 = 0, 0, X25/X$18) -> 0 | AI25: =IF(Y25 = 0, 0, Y25/Y$18) -> 0 | AJ25: =IF(Z25 = 0, 0, Z25/Z$18) -> 0 | ... AL25: =IF(AB25 = 0, 0, AB25/AB$18) -> 0.6904 | AM25: =IF(OR(CSE4098C_Summer2026_Grade!$J11="W (Withdrawn)", CSE4098C_Summer2026_Grade!$J11="I (Incomplete)"), 0, IF(AC25>=55%, 1, 0)) -> #DIV/0! | AN25: =IF(OR(CSE4098C_Summer2026_Grade!$J11="W (Withdrawn)", CSE4098C_Summer2026_Grade!$J11="I (Incomplete)"), 0, IF(AD25>=55%, 1, 0)) -> #DIV/0! | AO25: =IF(OR(CSE4098C_Summer2026_Grade!$J11="W (Withdrawn)", CSE4098C_Summer2026_Grade!$J11="I (Incomplete)"), 0, IF(AE25>=55%, 1, 0)) -> #DIV/0! | AP25: =IF(OR(CSE4098C_Summer2026_Grade!$J11="W (Withdrawn)", CSE4098C_Summer2026_Grade!$J11="I (Incomplete)"), 0, IF(AF25>=55%, 1, 0)) -> #DIV/0! | AQ25: =IF(OR(CSE4098C_Summer2026_Grade!$J11="W (Withdrawn)", CSE4098C_Summer2026_Grade!$J11="I (Incomplete)"), 0, IF(AG25>=55%, 1, 0)) -> #DIV/0! | AR25: =IF(OR(CSE4098C_Summer2026_Grade!$J11="W (Withdrawn)", CSE4098C_Summer2026_Grade!$J11="I (Incomplete)"), 0, IF(AH25>=55%, 1, 0)) -> #DIV/0! | AS25: =IF(OR(CSE4098C_Summer2026_Grade!$J11="W (Withdrawn)", CSE4098C_Summer2026_Grade!$J11="I (Incomplete)"), 0, IF(AI25>=55%, 1, 0)) -> #DIV/0! | AT25: =IF(OR(CSE4098C_Summer2026_Grade!$J11="W (Withdrawn)", CSE4098C_Summer2026_Grade!$J11="I (Incomplete)"), 0, IF(AJ25>=55%, 1, 0)) -> #DIV/0! | ... AV25: =IF(OR(CSE4098C_Summer2026_Grade!$J11="W (Withdrawn)", CSE4098C_Summer2026_Grade!$J11="I (Incomplete)"), 0, IF(AL25>=55%, 1, 0)) -> #DIV/0! | AX25: {=IF($AY$13=0,0,MMULT($AC25:$AL25, AY$3:AY$12)/$AY$13)} -> 0 | AY25: {=IF($AZ$13=0,0,MMULT($AC25:$AL25, AZ$3:AZ$12)/$AZ$13)} -> 0 | AZ25: {=IF($BA$13=0,0,MMULT($AC25:$AL25, BA$3:BA$12)/$BA$13)} -> 0 | BA25: {=IF($BB$13=0,0,MMULT($AC25:$AL25, BB$3:BB$12)/$BB$13)} -> 0.57692308 | BB25: {=IF($BC$13=0,0,MMULT($AC25:$AL25, BC$3:BC$12)/$BC$13)} -> 0 | BC25: {=IF($BD$13=0,0,MMULT($AC25:$AL25, BD$3:BD$12)/$BD$13)} -> 0 | BD25: {=IF($BE$13=0,0,MMULT($AC25:$AL25, BE$3:BE$12)/$BE$13)} -> 0 | BE25: {=IF($BF$13=0,0,MMULT($AC25:$AL25, BF$3:BF$12)/$BF$13)} -> 0 | BF25: {=IF($BG$13=0,0,MMULT($AC25:$AL25, BG$3:BG$12)/$BG$13)} -> 0 | BG25: {=IF($BH$13=0,0,MMULT($AC25:$AL25, BH$3:BH$12)/$BH$13)} -> 0.6904 | BH25: {=IF($BI$13=0,0,MMULT($AC25:$AL25, BI$3:BI$12)/$BI$13)} -> 0 | BI25: {=IF($BJ$13=0,0,MMULT($AC25:$AL25, BJ$3:BJ$12)/$BJ$13)} -> 0 | BJ25: =IF(OR(CSE4098C_Summer2026_Grade!$J11="W (Withdrawn)", CSE4098C_Summer2026_Grade!$J11="I (Incomplete)"), 0, IF(AX25>=55%, 1, 0)) -> #DIV/0! | BK25: =IF(OR(CSE4098C_Summer2026_Grade!$J11="W (Withdrawn)", CSE4098C_Summer2026_Grade!$J11="I (Incomplete)"), 0, IF(AY25>=55%, 1, 0)) -> #DIV/0! | BL25: =IF(OR(CSE4098C_Summer2026_Grade!$J11="W (Withdrawn)", CSE4098C_Summer2026_Grade!$J11="I (Incomplete)"), 0, IF(AZ25>=55%, 1, 0)) -> #DIV/0! | BM25: =IF(OR(CSE4098C_Summer2026_Grade!$J11="W (Withdrawn)", CSE4098C_Summer2026_Grade!$J11="I (Incomplete)"), 0, IF(BA25>=55%, 1, 0)) -> #DIV/0! | BN25: =IF(OR(CSE4098C_Summer2026_Grade!$J11="W (Withdrawn)", CSE4098C_Summer2026_Grade!$J11="I (Incomplete)"), 0, IF(BB25>=55%, 1, 0)) -> #DIV/0! | BO25: =IF(OR(CSE4098C_Summer2026_Grade!$J11="W (Withdrawn)", CSE4098C_Summer2026_Grade!$J11="I (Incomplete)"), 0, IF(BC25>=55%, 1, 0)) -> #DIV/0! | BP25: =IF(OR(CSE4098C_Summer2026_Grade!$J11="W (Withdrawn)", CSE4098C_Summer2026_Grade!$J11="I (Incomplete)"), 0, IF(BD25>=55%, 1, 0)) -> #DIV/0! | BQ25: =IF(OR(CSE4098C_Summer2026_Grade!$J11="W (Withdrawn)", CSE4098C_Summer2026_Grade!$J11="I (Incomplete)"), 0, IF(BE25>=55%, 1, 0)) -> #DIV/0! | ... BU25: =IF(OR(CSE4098C_Summer2026_Grade!$J11="W (Withdrawn)", CSE4098C_Summer2026_Grade!$J11="I (Incomplete)"), 0, IF(BI25>=55%, 1, 0)) -> #DIV/0!
A26: =A25+1 -> 8 | B26: 222014096 | C26: Mahmudul Hasan Dipto | D26: =CO_Report_Evaluation!AG11 -> 0 | E26: =CO_Report_Evaluation!AH11 -> 0 | F26: =CO_Report_Evaluation!AI11 -> 0 | G26: =CO_Report_Evaluation!AJ11 -> 0 | H26: =CO_Report_Evaluation!AK11 -> 0 | I26: =CO_Report_Evaluation!AL11 -> 0 | J26: =CO_Report_Evaluation!AM11 -> 0 | K26: =CO_Report_Evaluation!AN11 -> 0 | L26: =CSE4098C_Summer2026_Grade!G12 -> 0 | N26: =((CSE4098C_Summer2026_Grade!E12)*10)/25 -> 6.844 | Q26: 15 | S26: =D26 -> 0 | T26: =E26 -> 0 | U26: =F26 -> 0 | V26: =SUM(G26,P26) -> 0 | W26: =SUM(H26,Q26) -> 15 | X26: =SUM(I26,R26) -> 0 | Y26: =J26 -> 0 | Z26: =K26 -> 0 | AA26: =L26 -> 0 | AB26: =SUM(M26,N26) -> 6.844 | AC26: =IF(S26 = 0, 0, S26/S$18) -> 0 | AD26: =IF(T26 = 0, 0, T26/T$18) -> 0 | AE26: =IF(U26 = 0, 0, U26/U$18) -> 0 | AF26: =IF(V26 = 0, 0, V26/V$18) -> 0 | AG26: =IF(W26 = 0, 0, W26/W$18) -> 0.57692308 | AH26: =IF(X26 = 0, 0, X26/X$18) -> 0 | AI26: =IF(Y26 = 0, 0, Y26/Y$18) -> 0 | AJ26: =IF(Z26 = 0, 0, Z26/Z$18) -> 0 | ... AL26: =IF(AB26 = 0, 0, AB26/AB$18) -> 0.6844 | AM26: =IF(OR(CSE4098C_Summer2026_Grade!$J12="W (Withdrawn)", CSE4098C_Summer2026_Grade!$J12="I (Incomplete)"), 0, IF(AC26>=55%, 1, 0)) -> #DIV/0! | AN26: =IF(OR(CSE4098C_Summer2026_Grade!$J12="W (Withdrawn)", CSE4098C_Summer2026_Grade!$J12="I (Incomplete)"), 0, IF(AD26>=55%, 1, 0)) -> #DIV/0! | AO26: =IF(OR(CSE4098C_Summer2026_Grade!$J12="W (Withdrawn)", CSE4098C_Summer2026_Grade!$J12="I (Incomplete)"), 0, IF(AE26>=55%, 1, 0)) -> #DIV/0! | AP26: =IF(OR(CSE4098C_Summer2026_Grade!$J12="W (Withdrawn)", CSE4098C_Summer2026_Grade!$J12="I (Incomplete)"), 0, IF(AF26>=55%, 1, 0)) -> #DIV/0! | AQ26: =IF(OR(CSE4098C_Summer2026_Grade!$J12="W (Withdrawn)", CSE4098C_Summer2026_Grade!$J12="I (Incomplete)"), 0, IF(AG26>=55%, 1, 0)) -> #DIV/0! | AR26: =IF(OR(CSE4098C_Summer2026_Grade!$J12="W (Withdrawn)", CSE4098C_Summer2026_Grade!$J12="I (Incomplete)"), 0, IF(AH26>=55%, 1, 0)) -> #DIV/0! | AS26: =IF(OR(CSE4098C_Summer2026_Grade!$J12="W (Withdrawn)", CSE4098C_Summer2026_Grade!$J12="I (Incomplete)"), 0, IF(AI26>=55%, 1, 0)) -> #DIV/0! | AT26: =IF(OR(CSE4098C_Summer2026_Grade!$J12="W (Withdrawn)", CSE4098C_Summer2026_Grade!$J12="I (Incomplete)"), 0, IF(AJ26>=55%, 1, 0)) -> #DIV/0! | ... AV26: =IF(OR(CSE4098C_Summer2026_Grade!$J12="W (Withdrawn)", CSE4098C_Summer2026_Grade!$J12="I (Incomplete)"), 0, IF(AL26>=55%, 1, 0)) -> #DIV/0! | AX26: {=IF($AY$13=0,0,MMULT($AC26:$AL26, AY$3:AY$12)/$AY$13)} -> 0 | AY26: {=IF($AZ$13=0,0,MMULT($AC26:$AL26, AZ$3:AZ$12)/$AZ$13)} -> 0 | AZ26: {=IF($BA$13=0,0,MMULT($AC26:$AL26, BA$3:BA$12)/$BA$13)} -> 0 | BA26: {=IF($BB$13=0,0,MMULT($AC26:$AL26, BB$3:BB$12)/$BB$13)} -> 0.57692308 | BB26: {=IF($BC$13=0,0,MMULT($AC26:$AL26, BC$3:BC$12)/$BC$13)} -> 0 | BC26: {=IF($BD$13=0,0,MMULT($AC26:$AL26, BD$3:BD$12)/$BD$13)} -> 0 | BD26: {=IF($BE$13=0,0,MMULT($AC26:$AL26, BE$3:BE$12)/$BE$13)} -> 0 | BE26: {=IF($BF$13=0,0,MMULT($AC26:$AL26, BF$3:BF$12)/$BF$13)} -> 0 | BF26: {=IF($BG$13=0,0,MMULT($AC26:$AL26, BG$3:BG$12)/$BG$13)} -> 0 | BG26: {=IF($BH$13=0,0,MMULT($AC26:$AL26, BH$3:BH$12)/$BH$13)} -> 0.6844 | BH26: {=IF($BI$13=0,0,MMULT($AC26:$AL26, BI$3:BI$12)/$BI$13)} -> 0 | BI26: {=IF($BJ$13=0,0,MMULT($AC26:$AL26, BJ$3:BJ$12)/$BJ$13)} -> 0 | BJ26: =IF(OR(CSE4098C_Summer2026_Grade!$J12="W (Withdrawn)", CSE4098C_Summer2026_Grade!$J12="I (Incomplete)"), 0, IF(AX26>=55%, 1, 0)) -> #DIV/0! | BK26: =IF(OR(CSE4098C_Summer2026_Grade!$J12="W (Withdrawn)", CSE4098C_Summer2026_Grade!$J12="I (Incomplete)"), 0, IF(AY26>=55%, 1, 0)) -> #DIV/0! | BL26: =IF(OR(CSE4098C_Summer2026_Grade!$J12="W (Withdrawn)", CSE4098C_Summer2026_Grade!$J12="I (Incomplete)"), 0, IF(AZ26>=55%, 1, 0)) -> #DIV/0! | BM26: =IF(OR(CSE4098C_Summer2026_Grade!$J12="W (Withdrawn)", CSE4098C_Summer2026_Grade!$J12="I (Incomplete)"), 0, IF(BA26>=55%, 1, 0)) -> #DIV/0! | BN26: =IF(OR(CSE4098C_Summer2026_Grade!$J12="W (Withdrawn)", CSE4098C_Summer2026_Grade!$J12="I (Incomplete)"), 0, IF(BB26>=55%, 1, 0)) -> #DIV/0! | BO26: =IF(OR(CSE4098C_Summer2026_Grade!$J12="W (Withdrawn)", CSE4098C_Summer2026_Grade!$J12="I (Incomplete)"), 0, IF(BC26>=55%, 1, 0)) -> #DIV/0! | BP26: =IF(OR(CSE4098C_Summer2026_Grade!$J12="W (Withdrawn)", CSE4098C_Summer2026_Grade!$J12="I (Incomplete)"), 0, IF(BD26>=55%, 1, 0)) -> #DIV/0! | BQ26: =IF(OR(CSE4098C_Summer2026_Grade!$J12="W (Withdrawn)", CSE4098C_Summer2026_Grade!$J12="I (Incomplete)"), 0, IF(BE26>=55%, 1, 0)) -> #DIV/0! | ... BU26: =IF(OR(CSE4098C_Summer2026_Grade!$J12="W (Withdrawn)", CSE4098C_Summer2026_Grade!$J12="I (Incomplete)"), 0, IF(BI26>=55%, 1, 0)) -> #DIV/0!
A27: =A26+1 -> 9 | B27: 221014135 | C27: Tamanna Akter | D27: =CO_Report_Evaluation!AG12 -> 0 | E27: =CO_Report_Evaluation!AH12 -> 0 | F27: =CO_Report_Evaluation!AI12 -> 0 | G27: =CO_Report_Evaluation!AJ12 -> 0 | H27: =CO_Report_Evaluation!AK12 -> 0 | I27: =CO_Report_Evaluation!AL12 -> 0 | J27: =CO_Report_Evaluation!AM12 -> 0 | K27: =CO_Report_Evaluation!AN12 -> 0 | L27: =CSE4098C_Summer2026_Grade!G13 -> 0 | N27: =((CSE4098C_Summer2026_Grade!E13)*10)/25 -> 6.224 | Q27: 15 | S27: =D27 -> 0 | T27: =E27 -> 0 | U27: =F27 -> 0 | V27: =SUM(G27,P27) -> 0 | W27: =SUM(H27,Q27) -> 15 | X27: =SUM(I27,R27) -> 0 | Y27: =J27 -> 0 | Z27: =K27 -> 0 | AA27: =L27 -> 0 | AB27: =SUM(M27,N27) -> 6.224 | AC27: =IF(S27 = 0, 0, S27/S$18) -> 0 | AD27: =IF(T27 = 0, 0, T27/T$18) -> 0 | AE27: =IF(U27 = 0, 0, U27/U$18) -> 0 | AF27: =IF(V27 = 0, 0, V27/V$18) -> 0 | AG27: =IF(W27 = 0, 0, W27/W$18) -> 0.57692308 | AH27: =IF(X27 = 0, 0, X27/X$18) -> 0 | AI27: =IF(Y27 = 0, 0, Y27/Y$18) -> 0 | AJ27: =IF(Z27 = 0, 0, Z27/Z$18) -> 0 | ... AL27: =IF(AB27 = 0, 0, AB27/AB$18) -> 0.6224 | AM27: =IF(OR(CSE4098C_Summer2026_Grade!$J13="W (Withdrawn)", CSE4098C_Summer2026_Grade!$J13="I (Incomplete)"), 0, IF(AC27>=55%, 1, 0)) -> #DIV/0! | AN27: =IF(OR(CSE4098C_Summer2026_Grade!$J13="W (Withdrawn)", CSE4098C_Summer2026_Grade!$J13="I (Incomplete)"), 0, IF(AD27>=55%, 1, 0)) -> #DIV/0! | AO27: =IF(OR(CSE4098C_Summer2026_Grade!$J13="W (Withdrawn)", CSE4098C_Summer2026_Grade!$J13="I (Incomplete)"), 0, IF(AE27>=55%, 1, 0)) -> #DIV/0! | AP27: =IF(OR(CSE4098C_Summer2026_Grade!$J13="W (Withdrawn)", CSE4098C_Summer2026_Grade!$J13="I (Incomplete)"), 0, IF(AF27>=55%, 1, 0)) -> #DIV/0! | AQ27: =IF(OR(CSE4098C_Summer2026_Grade!$J13="W (Withdrawn)", CSE4098C_Summer2026_Grade!$J13="I (Incomplete)"), 0, IF(AG27>=55%, 1, 0)) -> #DIV/0! | AR27: =IF(OR(CSE4098C_Summer2026_Grade!$J13="W (Withdrawn)", CSE4098C_Summer2026_Grade!$J13="I (Incomplete)"), 0, IF(AH27>=55%, 1, 0)) -> #DIV/0! | AS27: =IF(OR(CSE4098C_Summer2026_Grade!$J13="W (Withdrawn)", CSE4098C_Summer2026_Grade!$J13="I (Incomplete)"), 0, IF(AI27>=55%, 1, 0)) -> #DIV/0! | AT27: =IF(OR(CSE4098C_Summer2026_Grade!$J13="W (Withdrawn)", CSE4098C_Summer2026_Grade!$J13="I (Incomplete)"), 0, IF(AJ27>=55%, 1, 0)) -> #DIV/0! | ... AV27: =IF(OR(CSE4098C_Summer2026_Grade!$J13="W (Withdrawn)", CSE4098C_Summer2026_Grade!$J13="I (Incomplete)"), 0, IF(AL27>=55%, 1, 0)) -> #DIV/0! | AX27: {=IF($AY$13=0,0,MMULT($AC27:$AL27, AY$3:AY$12)/$AY$13)} -> 0 | AY27: {=IF($AZ$13=0,0,MMULT($AC27:$AL27, AZ$3:AZ$12)/$AZ$13)} -> 0 | AZ27: {=IF($BA$13=0,0,MMULT($AC27:$AL27, BA$3:BA$12)/$BA$13)} -> 0 | BA27: {=IF($BB$13=0,0,MMULT($AC27:$AL27, BB$3:BB$12)/$BB$13)} -> 0.57692308 | BB27: {=IF($BC$13=0,0,MMULT($AC27:$AL27, BC$3:BC$12)/$BC$13)} -> 0 | BC27: {=IF($BD$13=0,0,MMULT($AC27:$AL27, BD$3:BD$12)/$BD$13)} -> 0 | BD27: {=IF($BE$13=0,0,MMULT($AC27:$AL27, BE$3:BE$12)/$BE$13)} -> 0 | BE27: {=IF($BF$13=0,0,MMULT($AC27:$AL27, BF$3:BF$12)/$BF$13)} -> 0 | BF27: {=IF($BG$13=0,0,MMULT($AC27:$AL27, BG$3:BG$12)/$BG$13)} -> 0 | BG27: {=IF($BH$13=0,0,MMULT($AC27:$AL27, BH$3:BH$12)/$BH$13)} -> 0.6224 | BH27: {=IF($BI$13=0,0,MMULT($AC27:$AL27, BI$3:BI$12)/$BI$13)} -> 0 | BI27: {=IF($BJ$13=0,0,MMULT($AC27:$AL27, BJ$3:BJ$12)/$BJ$13)} -> 0 | BJ27: =IF(OR(CSE4098C_Summer2026_Grade!$J13="W (Withdrawn)", CSE4098C_Summer2026_Grade!$J13="I (Incomplete)"), 0, IF(AX27>=55%, 1, 0)) -> #DIV/0! | BK27: =IF(OR(CSE4098C_Summer2026_Grade!$J13="W (Withdrawn)", CSE4098C_Summer2026_Grade!$J13="I (Incomplete)"), 0, IF(AY27>=55%, 1, 0)) -> #DIV/0! | BL27: =IF(OR(CSE4098C_Summer2026_Grade!$J13="W (Withdrawn)", CSE4098C_Summer2026_Grade!$J13="I (Incomplete)"), 0, IF(AZ27>=55%, 1, 0)) -> #DIV/0! | BM27: =IF(OR(CSE4098C_Summer2026_Grade!$J13="W (Withdrawn)", CSE4098C_Summer2026_Grade!$J13="I (Incomplete)"), 0, IF(BA27>=55%, 1, 0)) -> #DIV/0! | BN27: =IF(OR(CSE4098C_Summer2026_Grade!$J13="W (Withdrawn)", CSE4098C_Summer2026_Grade!$J13="I (Incomplete)"), 0, IF(BB27>=55%, 1, 0)) -> #DIV/0! | BO27: =IF(OR(CSE4098C_Summer2026_Grade!$J13="W (Withdrawn)", CSE4098C_Summer2026_Grade!$J13="I (Incomplete)"), 0, IF(BC27>=55%, 1, 0)) -> #DIV/0! | BP27: =IF(OR(CSE4098C_Summer2026_Grade!$J13="W (Withdrawn)", CSE4098C_Summer2026_Grade!$J13="I (Incomplete)"), 0, IF(BD27>=55%, 1, 0)) -> #DIV/0! | BQ27: =IF(OR(CSE4098C_Summer2026_Grade!$J13="W (Withdrawn)", CSE4098C_Summer2026_Grade!$J13="I (Incomplete)"), 0, IF(BE27>=55%, 1, 0)) -> #DIV/0! | ... BU27: =IF(OR(CSE4098C_Summer2026_Grade!$J13="W (Withdrawn)", CSE4098C_Summer2026_Grade!$J13="I (Incomplete)"), 0, IF(BI27>=55%, 1, 0)) -> #DIV/0!
A28: =A27+1 -> 10 | B28: 221014018 | C28: Ashrafun Nahar Rahi | D28: =CO_Report_Evaluation!AG13 -> 0 | E28: =CO_Report_Evaluation!AH13 -> 0 | F28: =CO_Report_Evaluation!AI13 -> 0 | G28: =CO_Report_Evaluation!AJ13 -> 0 | H28: =CO_Report_Evaluation!AK13 -> 0 | I28: =CO_Report_Evaluation!AL13 -> 0 | J28: =CO_Report_Evaluation!AM13 -> 0 | K28: =CO_Report_Evaluation!AN13 -> 0 | L28: =CSE4098C_Summer2026_Grade!G14 -> 0 | N28: =((CSE4098C_Summer2026_Grade!E14)*10)/25 -> 6.756 | Q28: 15 | S28: =D28 -> 0 | T28: =E28 -> 0 | U28: =F28 -> 0 | V28: =SUM(G28,P28) -> 0 | W28: =SUM(H28,Q28) -> 15 | X28: =SUM(I28,R28) -> 0 | Y28: =J28 -> 0 | Z28: =K28 -> 0 | AA28: =L28 -> 0 | AB28: =SUM(M28,N28) -> 6.756 | AC28: =IF(S28 = 0, 0, S28/S$18) -> 0 | AD28: =IF(T28 = 0, 0, T28/T$18) -> 0 | AE28: =IF(U28 = 0, 0, U28/U$18) -> 0 | AF28: =IF(V28 = 0, 0, V28/V$18) -> 0 | AG28: =IF(W28 = 0, 0, W28/W$18) -> 0.57692308 | AH28: =IF(X28 = 0, 0, X28/X$18) -> 0 | AI28: =IF(Y28 = 0, 0, Y28/Y$18) -> 0 | AJ28: =IF(Z28 = 0, 0, Z28/Z$18) -> 0 | ... AL28: =IF(AB28 = 0, 0, AB28/AB$18) -> 0.6756 | AM28: =IF(OR(CSE4098C_Summer2026_Grade!$J14="W (Withdrawn)", CSE4098C_Summer2026_Grade!$J14="I (Incomplete)"), 0, IF(AC28>=55%, 1, 0)) -> #DIV/0! | AN28: =IF(OR(CSE4098C_Summer2026_Grade!$J14="W (Withdrawn)", CSE4098C_Summer2026_Grade!$J14="I (Incomplete)"), 0, IF(AD28>=55%, 1, 0)) -> #DIV/0! | AO28: =IF(OR(CSE4098C_Summer2026_Grade!$J14="W (Withdrawn)", CSE4098C_Summer2026_Grade!$J14="I (Incomplete)"), 0, IF(AE28>=55%, 1, 0)) -> #DIV/0! | AP28: =IF(OR(CSE4098C_Summer2026_Grade!$J14="W (Withdrawn)", CSE4098C_Summer2026_Grade!$J14="I (Incomplete)"), 0, IF(AF28>=55%, 1, 0)) -> #DIV/0! | AQ28: =IF(OR(CSE4098C_Summer2026_Grade!$J14="W (Withdrawn)", CSE4098C_Summer2026_Grade!$J14="I (Incomplete)"), 0, IF(AG28>=55%, 1, 0)) -> #DIV/0! | AR28: =IF(OR(CSE4098C_Summer2026_Grade!$J14="W (Withdrawn)", CSE4098C_Summer2026_Grade!$J14="I (Incomplete)"), 0, IF(AH28>=55%, 1, 0)) -> #DIV/0! | AS28: =IF(OR(CSE4098C_Summer2026_Grade!$J14="W (Withdrawn)", CSE4098C_Summer2026_Grade!$J14="I (Incomplete)"), 0, IF(AI28>=55%, 1, 0)) -> #DIV/0! | AT28: =IF(OR(CSE4098C_Summer2026_Grade!$J14="W (Withdrawn)", CSE4098C_Summer2026_Grade!$J14="I (Incomplete)"), 0, IF(AJ28>=55%, 1, 0)) -> #DIV/0! | ... AV28: =IF(OR(CSE4098C_Summer2026_Grade!$J14="W (Withdrawn)", CSE4098C_Summer2026_Grade!$J14="I (Incomplete)"), 0, IF(AL28>=55%, 1, 0)) -> #DIV/0! | AX28: {=IF($AY$13=0,0,MMULT($AC28:$AL28, AY$3:AY$12)/$AY$13)} -> 0 | AY28: {=IF($AZ$13=0,0,MMULT($AC28:$AL28, AZ$3:AZ$12)/$AZ$13)} -> 0 | AZ28: {=IF($BA$13=0,0,MMULT($AC28:$AL28, BA$3:BA$12)/$BA$13)} -> 0 | BA28: {=IF($BB$13=0,0,MMULT($AC28:$AL28, BB$3:BB$12)/$BB$13)} -> 0.57692308 | BB28: {=IF($BC$13=0,0,MMULT($AC28:$AL28, BC$3:BC$12)/$BC$13)} -> 0 | BC28: {=IF($BD$13=0,0,MMULT($AC28:$AL28, BD$3:BD$12)/$BD$13)} -> 0 | BD28: {=IF($BE$13=0,0,MMULT($AC28:$AL28, BE$3:BE$12)/$BE$13)} -> 0 | BE28: {=IF($BF$13=0,0,MMULT($AC28:$AL28, BF$3:BF$12)/$BF$13)} -> 0 | BF28: {=IF($BG$13=0,0,MMULT($AC28:$AL28, BG$3:BG$12)/$BG$13)} -> 0 | BG28: {=IF($BH$13=0,0,MMULT($AC28:$AL28, BH$3:BH$12)/$BH$13)} -> 0.6756 | BH28: {=IF($BI$13=0,0,MMULT($AC28:$AL28, BI$3:BI$12)/$BI$13)} -> 0 | BI28: {=IF($BJ$13=0,0,MMULT($AC28:$AL28, BJ$3:BJ$12)/$BJ$13)} -> 0 | BJ28: =IF(OR(CSE4098C_Summer2026_Grade!$J14="W (Withdrawn)", CSE4098C_Summer2026_Grade!$J14="I (Incomplete)"), 0, IF(AX28>=55%, 1, 0)) -> #DIV/0! | BK28: =IF(OR(CSE4098C_Summer2026_Grade!$J14="W (Withdrawn)", CSE4098C_Summer2026_Grade!$J14="I (Incomplete)"), 0, IF(AY28>=55%, 1, 0)) -> #DIV/0! | BL28: =IF(OR(CSE4098C_Summer2026_Grade!$J14="W (Withdrawn)", CSE4098C_Summer2026_Grade!$J14="I (Incomplete)"), 0, IF(AZ28>=55%, 1, 0)) -> #DIV/0! | BM28: =IF(OR(CSE4098C_Summer2026_Grade!$J14="W (Withdrawn)", CSE4098C_Summer2026_Grade!$J14="I (Incomplete)"), 0, IF(BA28>=55%, 1, 0)) -> #DIV/0! | BN28: =IF(OR(CSE4098C_Summer2026_Grade!$J14="W (Withdrawn)", CSE4098C_Summer2026_Grade!$J14="I (Incomplete)"), 0, IF(BB28>=55%, 1, 0)) -> #DIV/0! | BO28: =IF(OR(CSE4098C_Summer2026_Grade!$J14="W (Withdrawn)", CSE4098C_Summer2026_Grade!$J14="I (Incomplete)"), 0, IF(BC28>=55%, 1, 0)) -> #DIV/0! | BP28: =IF(OR(CSE4098C_Summer2026_Grade!$J14="W (Withdrawn)", CSE4098C_Summer2026_Grade!$J14="I (Incomplete)"), 0, IF(BD28>=55%, 1, 0)) -> #DIV/0! | BQ28: =IF(OR(CSE4098C_Summer2026_Grade!$J14="W (Withdrawn)", CSE4098C_Summer2026_Grade!$J14="I (Incomplete)"), 0, IF(BE28>=55%, 1, 0)) -> #DIV/0! | ... BU28: =IF(OR(CSE4098C_Summer2026_Grade!$J14="W (Withdrawn)", CSE4098C_Summer2026_Grade!$J14="I (Incomplete)"), 0, IF(BI28>=55%, 1, 0)) -> #DIV/0!
A29: =A28+1 -> 11 | B29: 221014008 | C29: Khuslima Fardush Mony | D29: =CO_Report_Evaluation!AG14 -> 0 | E29: =CO_Report_Evaluation!AH14 -> 0 | F29: =CO_Report_Evaluation!AI14 -> 0 | G29: =CO_Report_Evaluation!AJ14 -> 0 | H29: =CO_Report_Evaluation!AK14 -> 0 | I29: =CO_Report_Evaluation!AL14 -> 0 | J29: =CO_Report_Evaluation!AM14 -> 0 | K29: =CO_Report_Evaluation!AN14 -> 0 | L29: =CSE4098C_Summer2026_Grade!G15 -> 0 | N29: =((CSE4098C_Summer2026_Grade!E15)*10)/25 -> 5.688 | Q29: 15 | S29: =D29 -> 0 | T29: =E29 -> 0 | U29: =F29 -> 0 | V29: =SUM(G29,P29) -> 0 | W29: =SUM(H29,Q29) -> 15 | X29: =SUM(I29,R29) -> 0 | Y29: =J29 -> 0 | Z29: =K29 -> 0 | AA29: =L29 -> 0 | AB29: =SUM(M29,N29) -> 5.688 | AC29: =IF(S29 = 0, 0, S29/S$18) -> 0 | AD29: =IF(T29 = 0, 0, T29/T$18) -> 0 | AE29: =IF(U29 = 0, 0, U29/U$18) -> 0 | AF29: =IF(V29 = 0, 0, V29/V$18) -> 0 | AG29: =IF(W29 = 0, 0, W29/W$18) -> 0.57692308 | AH29: =IF(X29 = 0, 0, X29/X$18) -> 0 | AI29: =IF(Y29 = 0, 0, Y29/Y$18) -> 0 | AJ29: =IF(Z29 = 0, 0, Z29/Z$18) -> 0 | ... AL29: =IF(AB29 = 0, 0, AB29/AB$18) -> 0.5688 | AM29: =IF(OR(CSE4098C_Summer2026_Grade!$J15="W (Withdrawn)", CSE4098C_Summer2026_Grade!$J15="I (Incomplete)"), 0, IF(AC29>=55%, 1, 0)) -> #DIV/0! | AN29: =IF(OR(CSE4098C_Summer2026_Grade!$J15="W (Withdrawn)", CSE4098C_Summer2026_Grade!$J15="I (Incomplete)"), 0, IF(AD29>=55%, 1, 0)) -> #DIV/0! | AO29: =IF(OR(CSE4098C_Summer2026_Grade!$J15="W (Withdrawn)", CSE4098C_Summer2026_Grade!$J15="I (Incomplete)"), 0, IF(AE29>=55%, 1, 0)) -> #DIV/0! | AP29: =IF(OR(CSE4098C_Summer2026_Grade!$J15="W (Withdrawn)", CSE4098C_Summer2026_Grade!$J15="I (Incomplete)"), 0, IF(AF29>=55%, 1, 0)) -> #DIV/0! | AQ29: =IF(OR(CSE4098C_Summer2026_Grade!$J15="W (Withdrawn)", CSE4098C_Summer2026_Grade!$J15="I (Incomplete)"), 0, IF(AG29>=55%, 1, 0)) -> #DIV/0! | AR29: =IF(OR(CSE4098C_Summer2026_Grade!$J15="W (Withdrawn)", CSE4098C_Summer2026_Grade!$J15="I (Incomplete)"), 0, IF(AH29>=55%, 1, 0)) -> #DIV/0! | AS29: =IF(OR(CSE4098C_Summer2026_Grade!$J15="W (Withdrawn)", CSE4098C_Summer2026_Grade!$J15="I (Incomplete)"), 0, IF(AI29>=55%, 1, 0)) -> #DIV/0! | AT29: =IF(OR(CSE4098C_Summer2026_Grade!$J15="W (Withdrawn)", CSE4098C_Summer2026_Grade!$J15="I (Incomplete)"), 0, IF(AJ29>=55%, 1, 0)) -> #DIV/0! | ... AV29: =IF(OR(CSE4098C_Summer2026_Grade!$J15="W (Withdrawn)", CSE4098C_Summer2026_Grade!$J15="I (Incomplete)"), 0, IF(AL29>=55%, 1, 0)) -> #DIV/0! | AX29: {=IF($AY$13=0,0,MMULT($AC29:$AL29, AY$3:AY$12)/$AY$13)} -> 0 | AY29: {=IF($AZ$13=0,0,MMULT($AC29:$AL29, AZ$3:AZ$12)/$AZ$13)} -> 0 | AZ29: {=IF($BA$13=0,0,MMULT($AC29:$AL29, BA$3:BA$12)/$BA$13)} -> 0 | BA29: {=IF($BB$13=0,0,MMULT($AC29:$AL29, BB$3:BB$12)/$BB$13)} -> 0.57692308 | BB29: {=IF($BC$13=0,0,MMULT($AC29:$AL29, BC$3:BC$12)/$BC$13)} -> 0 | BC29: {=IF($BD$13=0,0,MMULT($AC29:$AL29, BD$3:BD$12)/$BD$13)} -> 0 | BD29: {=IF($BE$13=0,0,MMULT($AC29:$AL29, BE$3:BE$12)/$BE$13)} -> 0 | BE29: {=IF($BF$13=0,0,MMULT($AC29:$AL29, BF$3:BF$12)/$BF$13)} -> 0 | BF29: {=IF($BG$13=0,0,MMULT($AC29:$AL29, BG$3:BG$12)/$BG$13)} -> 0 | BG29: {=IF($BH$13=0,0,MMULT($AC29:$AL29, BH$3:BH$12)/$BH$13)} -> 0.5688 | BH29: {=IF($BI$13=0,0,MMULT($AC29:$AL29, BI$3:BI$12)/$BI$13)} -> 0 | BI29: {=IF($BJ$13=0,0,MMULT($AC29:$AL29, BJ$3:BJ$12)/$BJ$13)} -> 0 | BJ29: =IF(OR(CSE4098C_Summer2026_Grade!$J15="W (Withdrawn)", CSE4098C_Summer2026_Grade!$J15="I (Incomplete)"), 0, IF(AX29>=55%, 1, 0)) -> #DIV/0! | BK29: =IF(OR(CSE4098C_Summer2026_Grade!$J15="W (Withdrawn)", CSE4098C_Summer2026_Grade!$J15="I (Incomplete)"), 0, IF(AY29>=55%, 1, 0)) -> #DIV/0! | BL29: =IF(OR(CSE4098C_Summer2026_Grade!$J15="W (Withdrawn)", CSE4098C_Summer2026_Grade!$J15="I (Incomplete)"), 0, IF(AZ29>=55%, 1, 0)) -> #DIV/0! | BM29: =IF(OR(CSE4098C_Summer2026_Grade!$J15="W (Withdrawn)", CSE4098C_Summer2026_Grade!$J15="I (Incomplete)"), 0, IF(BA29>=55%, 1, 0)) -> #DIV/0! | BN29: =IF(OR(CSE4098C_Summer2026_Grade!$J15="W (Withdrawn)", CSE4098C_Summer2026_Grade!$J15="I (Incomplete)"), 0, IF(BB29>=55%, 1, 0)) -> #DIV/0! | BO29: =IF(OR(CSE4098C_Summer2026_Grade!$J15="W (Withdrawn)", CSE4098C_Summer2026_Grade!$J15="I (Incomplete)"), 0, IF(BC29>=55%, 1, 0)) -> #DIV/0! | BP29: =IF(OR(CSE4098C_Summer2026_Grade!$J15="W (Withdrawn)", CSE4098C_Summer2026_Grade!$J15="I (Incomplete)"), 0, IF(BD29>=55%, 1, 0)) -> #DIV/0! | BQ29: =IF(OR(CSE4098C_Summer2026_Grade!$J15="W (Withdrawn)", CSE4098C_Summer2026_Grade!$J15="I (Incomplete)"), 0, IF(BE29>=55%, 1, 0)) -> #DIV/0! | ... BU29: =IF(OR(CSE4098C_Summer2026_Grade!$J15="W (Withdrawn)", CSE4098C_Summer2026_Grade!$J15="I (Incomplete)"), 0, IF(BI29>=55%, 1, 0)) -> #DIV/0!
A30: =A29+1 -> 12 | B30: 223014142 | C30: Md. Alif Hossain | D30: =CO_Report_Evaluation!AG15 -> 0 | E30: =CO_Report_Evaluation!AH15 -> 0 | F30: =CO_Report_Evaluation!AI15 -> 0 | G30: =CO_Report_Evaluation!AJ15 -> 0 | H30: =CO_Report_Evaluation!AK15 -> 0 | I30: =CO_Report_Evaluation!AL15 -> 0 | J30: =CO_Report_Evaluation!AM15 -> 0 | K30: =CO_Report_Evaluation!AN15 -> 0 | L30: =CSE4098C_Summer2026_Grade!G16 -> 0 | N30: =((CSE4098C_Summer2026_Grade!E16)*10)/25 -> 5.956 | Q30: 14.99 | S30: =D30 -> 0 | T30: =E30 -> 0 | U30: =F30 -> 0 | V30: =SUM(G30,P30) -> 0 | W30: =SUM(H30,Q30) -> 14.99 | X30: =SUM(I30,R30) -> 0 | Y30: =J30 -> 0 | Z30: =K30 -> 0 | AA30: =L30 -> 0 | AB30: =SUM(M30,N30) -> 5.956 | AC30: =IF(S30 = 0, 0, S30/S$18) -> 0 | AD30: =IF(T30 = 0, 0, T30/T$18) -> 0 | AE30: =IF(U30 = 0, 0, U30/U$18) -> 0 | AF30: =IF(V30 = 0, 0, V30/V$18) -> 0 | AG30: =IF(W30 = 0, 0, W30/W$18) -> 0.57653846 | AH30: =IF(X30 = 0, 0, X30/X$18) -> 0 | AI30: =IF(Y30 = 0, 0, Y30/Y$18) -> 0 | AJ30: =IF(Z30 = 0, 0, Z30/Z$18) -> 0 | ... AL30: =IF(AB30 = 0, 0, AB30/AB$18) -> 0.5956 | AM30: =IF(OR(CSE4098C_Summer2026_Grade!$J16="W (Withdrawn)", CSE4098C_Summer2026_Grade!$J16="I (Incomplete)"), 0, IF(AC30>=55%, 1, 0)) -> #DIV/0! | AN30: =IF(OR(CSE4098C_Summer2026_Grade!$J16="W (Withdrawn)", CSE4098C_Summer2026_Grade!$J16="I (Incomplete)"), 0, IF(AD30>=55%, 1, 0)) -> #DIV/0! | AO30: =IF(OR(CSE4098C_Summer2026_Grade!$J16="W (Withdrawn)", CSE4098C_Summer2026_Grade!$J16="I (Incomplete)"), 0, IF(AE30>=55%, 1, 0)) -> #DIV/0! | AP30: =IF(OR(CSE4098C_Summer2026_Grade!$J16="W (Withdrawn)", CSE4098C_Summer2026_Grade!$J16="I (Incomplete)"), 0, IF(AF30>=55%, 1, 0)) -> #DIV/0! | AQ30: =IF(OR(CSE4098C_Summer2026_Grade!$J16="W (Withdrawn)", CSE4098C_Summer2026_Grade!$J16="I (Incomplete)"), 0, IF(AG30>=55%, 1, 0)) -> #DIV/0! | AR30: =IF(OR(CSE4098C_Summer2026_Grade!$J16="W (Withdrawn)", CSE4098C_Summer2026_Grade!$J16="I (Incomplete)"), 0, IF(AH30>=55%, 1, 0)) -> #DIV/0! | AS30: =IF(OR(CSE4098C_Summer2026_Grade!$J16="W (Withdrawn)", CSE4098C_Summer2026_Grade!$J16="I (Incomplete)"), 0, IF(AI30>=55%, 1, 0)) -> #DIV/0! | AT30: =IF(OR(CSE4098C_Summer2026_Grade!$J16="W (Withdrawn)", CSE4098C_Summer2026_Grade!$J16="I (Incomplete)"), 0, IF(AJ30>=55%, 1, 0)) -> #DIV/0! | ... AV30: =IF(OR(CSE4098C_Summer2026_Grade!$J16="W (Withdrawn)", CSE4098C_Summer2026_Grade!$J16="I (Incomplete)"), 0, IF(AL30>=55%, 1, 0)) -> #DIV/0! | AX30: {=IF($AY$13=0,0,MMULT($AC30:$AL30, AY$3:AY$12)/$AY$13)} -> 0 | AY30: {=IF($AZ$13=0,0,MMULT($AC30:$AL30, AZ$3:AZ$12)/$AZ$13)} -> 0 | AZ30: {=IF($BA$13=0,0,MMULT($AC30:$AL30, BA$3:BA$12)/$BA$13)} -> 0 | BA30: {=IF($BB$13=0,0,MMULT($AC30:$AL30, BB$3:BB$12)/$BB$13)} -> 0.57653846 | BB30: {=IF($BC$13=0,0,MMULT($AC30:$AL30, BC$3:BC$12)/$BC$13)} -> 0 | BC30: {=IF($BD$13=0,0,MMULT($AC30:$AL30, BD$3:BD$12)/$BD$13)} -> 0 | BD30: {=IF($BE$13=0,0,MMULT($AC30:$AL30, BE$3:BE$12)/$BE$13)} -> 0 | BE30: {=IF($BF$13=0,0,MMULT($AC30:$AL30, BF$3:BF$12)/$BF$13)} -> 0 | BF30: {=IF($BG$13=0,0,MMULT($AC30:$AL30, BG$3:BG$12)/$BG$13)} -> 0 | BG30: {=IF($BH$13=0,0,MMULT($AC30:$AL30, BH$3:BH$12)/$BH$13)} -> 0.5956 | BH30: {=IF($BI$13=0,0,MMULT($AC30:$AL30, BI$3:BI$12)/$BI$13)} -> 0 | BI30: {=IF($BJ$13=0,0,MMULT($AC30:$AL30, BJ$3:BJ$12)/$BJ$13)} -> 0 | BJ30: =IF(OR(CSE4098C_Summer2026_Grade!$J16="W (Withdrawn)", CSE4098C_Summer2026_Grade!$J16="I (Incomplete)"), 0, IF(AX30>=55%, 1, 0)) -> #DIV/0! | BK30: =IF(OR(CSE4098C_Summer2026_Grade!$J16="W (Withdrawn)", CSE4098C_Summer2026_Grade!$J16="I (Incomplete)"), 0, IF(AY30>=55%, 1, 0)) -> #DIV/0! | BL30: =IF(OR(CSE4098C_Summer2026_Grade!$J16="W (Withdrawn)", CSE4098C_Summer2026_Grade!$J16="I (Incomplete)"), 0, IF(AZ30>=55%, 1, 0)) -> #DIV/0! | BM30: =IF(OR(CSE4098C_Summer2026_Grade!$J16="W (Withdrawn)", CSE4098C_Summer2026_Grade!$J16="I (Incomplete)"), 0, IF(BA30>=55%, 1, 0)) -> #DIV/0! | BN30: =IF(OR(CSE4098C_Summer2026_Grade!$J16="W (Withdrawn)", CSE4098C_Summer2026_Grade!$J16="I (Incomplete)"), 0, IF(BB30>=55%, 1, 0)) -> #DIV/0! | BO30: =IF(OR(CSE4098C_Summer2026_Grade!$J16="W (Withdrawn)", CSE4098C_Summer2026_Grade!$J16="I (Incomplete)"), 0, IF(BC30>=55%, 1, 0)) -> #DIV/0! | BP30: =IF(OR(CSE4098C_Summer2026_Grade!$J16="W (Withdrawn)", CSE4098C_Summer2026_Grade!$J16="I (Incomplete)"), 0, IF(BD30>=55%, 1, 0)) -> #DIV/0! | BQ30: =IF(OR(CSE4098C_Summer2026_Grade!$J16="W (Withdrawn)", CSE4098C_Summer2026_Grade!$J16="I (Incomplete)"), 0, IF(BE30>=55%, 1, 0)) -> #DIV/0! | ... BU30: =IF(OR(CSE4098C_Summer2026_Grade!$J16="W (Withdrawn)", CSE4098C_Summer2026_Grade!$J16="I (Incomplete)"), 0, IF(BI30>=55%, 1, 0)) -> #DIV/0!
A31: =A30+1 -> 13 | B31: 223014204 | C31: Salvir Rahman Ratul | D31: =CO_Report_Evaluation!AG16 -> 0 | E31: =CO_Report_Evaluation!AH16 -> 0 | F31: =CO_Report_Evaluation!AI16 -> 0 | G31: =CO_Report_Evaluation!AJ16 -> 0 | H31: =CO_Report_Evaluation!AK16 -> 0 | I31: =CO_Report_Evaluation!AL16 -> 0 | J31: =CO_Report_Evaluation!AM16 -> 0 | K31: =CO_Report_Evaluation!AN16 -> 0 | L31: =CSE4098C_Summer2026_Grade!G17 -> 0 | N31: =((CSE4098C_Summer2026_Grade!E17)*10)/25 -> 9.068 | Q31: 14.99 | S31: =D31 -> 0 | T31: =E31 -> 0 | U31: =F31 -> 0 | V31: =SUM(G31,P31) -> 0 | W31: =SUM(H31,Q31) -> 14.99 | X31: =SUM(I31,R31) -> 0 | Y31: =J31 -> 0 | Z31: =K31 -> 0 | AA31: =L31 -> 0 | AB31: =SUM(M31,N31) -> 9.068 | AC31: =IF(S31 = 0, 0, S31/S$18) -> 0 | AD31: =IF(T31 = 0, 0, T31/T$18) -> 0 | AE31: =IF(U31 = 0, 0, U31/U$18) -> 0 | AF31: =IF(V31 = 0, 0, V31/V$18) -> 0 | AG31: =IF(W31 = 0, 0, W31/W$18) -> 0.57653846 | AH31: =IF(X31 = 0, 0, X31/X$18) -> 0 | AI31: =IF(Y31 = 0, 0, Y31/Y$18) -> 0 | AJ31: =IF(Z31 = 0, 0, Z31/Z$18) -> 0 | ... AL31: =IF(AB31 = 0, 0, AB31/AB$18) -> 0.9068 | AM31: =IF(OR(CSE4098C_Summer2026_Grade!$J17="W (Withdrawn)", CSE4098C_Summer2026_Grade!$J17="I (Incomplete)"), 0, IF(AC31>=55%, 1, 0)) -> #DIV/0! | AN31: =IF(OR(CSE4098C_Summer2026_Grade!$J17="W (Withdrawn)", CSE4098C_Summer2026_Grade!$J17="I (Incomplete)"), 0, IF(AD31>=55%, 1, 0)) -> #DIV/0! | AO31: =IF(OR(CSE4098C_Summer2026_Grade!$J17="W (Withdrawn)", CSE4098C_Summer2026_Grade!$J17="I (Incomplete)"), 0, IF(AE31>=55%, 1, 0)) -> #DIV/0! | AP31: =IF(OR(CSE4098C_Summer2026_Grade!$J17="W (Withdrawn)", CSE4098C_Summer2026_Grade!$J17="I (Incomplete)"), 0, IF(AF31>=55%, 1, 0)) -> #DIV/0! | AQ31: =IF(OR(CSE4098C_Summer2026_Grade!$J17="W (Withdrawn)", CSE4098C_Summer2026_Grade!$J17="I (Incomplete)"), 0, IF(AG31>=55%, 1, 0)) -> #DIV/0! | AR31: =IF(OR(CSE4098C_Summer2026_Grade!$J17="W (Withdrawn)", CSE4098C_Summer2026_Grade!$J17="I (Incomplete)"), 0, IF(AH31>=55%, 1, 0)) -> #DIV/0! | AS31: =IF(OR(CSE4098C_Summer2026_Grade!$J17="W (Withdrawn)", CSE4098C_Summer2026_Grade!$J17="I (Incomplete)"), 0, IF(AI31>=55%, 1, 0)) -> #DIV/0! | AT31: =IF(OR(CSE4098C_Summer2026_Grade!$J17="W (Withdrawn)", CSE4098C_Summer2026_Grade!$J17="I (Incomplete)"), 0, IF(AJ31>=55%, 1, 0)) -> #DIV/0! | ... AV31: =IF(OR(CSE4098C_Summer2026_Grade!$J17="W (Withdrawn)", CSE4098C_Summer2026_Grade!$J17="I (Incomplete)"), 0, IF(AL31>=55%, 1, 0)) -> #DIV/0! | AX31: {=IF($AY$13=0,0,MMULT($AC31:$AL31, AY$3:AY$12)/$AY$13)} -> 0 | AY31: {=IF($AZ$13=0,0,MMULT($AC31:$AL31, AZ$3:AZ$12)/$AZ$13)} -> 0 | AZ31: {=IF($BA$13=0,0,MMULT($AC31:$AL31, BA$3:BA$12)/$BA$13)} -> 0 | BA31: {=IF($BB$13=0,0,MMULT($AC31:$AL31, BB$3:BB$12)/$BB$13)} -> 0.57653846 | BB31: {=IF($BC$13=0,0,MMULT($AC31:$AL31, BC$3:BC$12)/$BC$13)} -> 0 | BC31: {=IF($BD$13=0,0,MMULT($AC31:$AL31, BD$3:BD$12)/$BD$13)} -> 0 | BD31: {=IF($BE$13=0,0,MMULT($AC31:$AL31, BE$3:BE$12)/$BE$13)} -> 0 | BE31: {=IF($BF$13=0,0,MMULT($AC31:$AL31, BF$3:BF$12)/$BF$13)} -> 0 | BF31: {=IF($BG$13=0,0,MMULT($AC31:$AL31, BG$3:BG$12)/$BG$13)} -> 0 | BG31: {=IF($BH$13=0,0,MMULT($AC31:$AL31, BH$3:BH$12)/$BH$13)} -> 0.9068 | BH31: {=IF($BI$13=0,0,MMULT($AC31:$AL31, BI$3:BI$12)/$BI$13)} -> 0 | BI31: {=IF($BJ$13=0,0,MMULT($AC31:$AL31, BJ$3:BJ$12)/$BJ$13)} -> 0 | BJ31: =IF(OR(CSE4098C_Summer2026_Grade!$J17="W (Withdrawn)", CSE4098C_Summer2026_Grade!$J17="I (Incomplete)"), 0, IF(AX31>=55%, 1, 0)) -> #DIV/0! | BK31: =IF(OR(CSE4098C_Summer2026_Grade!$J17="W (Withdrawn)", CSE4098C_Summer2026_Grade!$J17="I (Incomplete)"), 0, IF(AY31>=55%, 1, 0)) -> #DIV/0! | BL31: =IF(OR(CSE4098C_Summer2026_Grade!$J17="W (Withdrawn)", CSE4098C_Summer2026_Grade!$J17="I (Incomplete)"), 0, IF(AZ31>=55%, 1, 0)) -> #DIV/0! | BM31: =IF(OR(CSE4098C_Summer2026_Grade!$J17="W (Withdrawn)", CSE4098C_Summer2026_Grade!$J17="I (Incomplete)"), 0, IF(BA31>=55%, 1, 0)) -> #DIV/0! | BN31: =IF(OR(CSE4098C_Summer2026_Grade!$J17="W (Withdrawn)", CSE4098C_Summer2026_Grade!$J17="I (Incomplete)"), 0, IF(BB31>=55%, 1, 0)) -> #DIV/0! | BO31: =IF(OR(CSE4098C_Summer2026_Grade!$J17="W (Withdrawn)", CSE4098C_Summer2026_Grade!$J17="I (Incomplete)"), 0, IF(BC31>=55%, 1, 0)) -> #DIV/0! | BP31: =IF(OR(CSE4098C_Summer2026_Grade!$J17="W (Withdrawn)", CSE4098C_Summer2026_Grade!$J17="I (Incomplete)"), 0, IF(BD31>=55%, 1, 0)) -> #DIV/0! | BQ31: =IF(OR(CSE4098C_Summer2026_Grade!$J17="W (Withdrawn)", CSE4098C_Summer2026_Grade!$J17="I (Incomplete)"), 0, IF(BE31>=55%, 1, 0)) -> #DIV/0! | ... BU31: =IF(OR(CSE4098C_Summer2026_Grade!$J17="W (Withdrawn)", CSE4098C_Summer2026_Grade!$J17="I (Incomplete)"), 0, IF(BI31>=55%, 1, 0)) -> #DIV/0!
... A51: =A50+1 -> 33 | B51: 222014072 | C51: Kasfia Hossain | D51: =CO_Report_Evaluation!AG36 -> 0 | E51: =CO_Report_Evaluation!AH36 -> 0 | F51: =CO_Report_Evaluation!AI36 -> 0 | G51: =CO_Report_Evaluation!AJ36 -> 0 | H51: =CO_Report_Evaluation!AK36 -> 0 | I51: =CO_Report_Evaluation!AL36 -> 0 | J51: =CO_Report_Evaluation!AM36 -> 0 | K51: =CO_Report_Evaluation!AN36 -> 0 | L51: =CSE4098C_Summer2026_Grade!G37 -> 0 | N51: =((CSE4098C_Summer2026_Grade!E37)*10)/25 -> 5.572 | Q51: 15.55 | S51: =D51 -> 0 | T51: =E51 -> 0 | U51: =F51 -> 0 | V51: =SUM(G51,P51) -> 0 | W51: =SUM(H51,Q51) -> 15.55 | X51: =SUM(I51,R51) -> 0 | Y51: =J51 -> 0 | Z51: =K51 -> 0 | AA51: =L51 -> 0 | AB51: =SUM(M51,N51) -> 5.572 | AC51: =IF(S51 = 0, 0, S51/S$18) -> 0 | AD51: =IF(T51 = 0, 0, T51/T$18) -> 0 | AE51: =IF(U51 = 0, 0, U51/U$18) -> 0 | AF51: =IF(V51 = 0, 0, V51/V$18) -> 0 | AG51: =IF(W51 = 0, 0, W51/W$18) -> 0.59807692 | AH51: =IF(X51 = 0, 0, X51/X$18) -> 0 | AI51: =IF(Y51 = 0, 0, Y51/Y$18) -> 0 | AJ51: =IF(Z51 = 0, 0, Z51/Z$18) -> 0 | ... AL51: =IF(AB51 = 0, 0, AB51/AB$18) -> 0.5572 | AM51: =IF(OR(CSE4098C_Summer2026_Grade!$J37="W (Withdrawn)", CSE4098C_Summer2026_Grade!$J37="I (Incomplete)"), 0, IF(AC51>=55%, 1, 0)) -> #DIV/0! | AN51: =IF(OR(CSE4098C_Summer2026_Grade!$J37="W (Withdrawn)", CSE4098C_Summer2026_Grade!$J37="I (Incomplete)"), 0, IF(AD51>=55%, 1, 0)) -> #DIV/0! | AO51: =IF(OR(CSE4098C_Summer2026_Grade!$J37="W (Withdrawn)", CSE4098C_Summer2026_Grade!$J37="I (Incomplete)"), 0, IF(AE51>=55%, 1, 0)) -> #DIV/0! | AP51: =IF(OR(CSE4098C_Summer2026_Grade!$J37="W (Withdrawn)", CSE4098C_Summer2026_Grade!$J37="I (Incomplete)"), 0, IF(AF51>=55%, 1, 0)) -> #DIV/0! | AQ51: =IF(OR(CSE4098C_Summer2026_Grade!$J37="W (Withdrawn)", CSE4098C_Summer2026_Grade!$J37="I (Incomplete)"), 0, IF(AG51>=55%, 1, 0)) -> #DIV/0! | AR51: =IF(OR(CSE4098C_Summer2026_Grade!$J37="W (Withdrawn)", CSE4098C_Summer2026_Grade!$J37="I (Incomplete)"), 0, IF(AH51>=55%, 1, 0)) -> #DIV/0! | AS51: =IF(OR(CSE4098C_Summer2026_Grade!$J37="W (Withdrawn)", CSE4098C_Summer2026_Grade!$J37="I (Incomplete)"), 0, IF(AI51>=55%, 1, 0)) -> #DIV/0! | AT51: =IF(OR(CSE4098C_Summer2026_Grade!$J37="W (Withdrawn)", CSE4098C_Summer2026_Grade!$J37="I (Incomplete)"), 0, IF(AJ51>=55%, 1, 0)) -> #DIV/0! | ... AV51: =IF(OR(CSE4098C_Summer2026_Grade!$J37="W (Withdrawn)", CSE4098C_Summer2026_Grade!$J37="I (Incomplete)"), 0, IF(AL51>=55%, 1, 0)) -> #DIV/0! | AX51: {=IF($AY$13=0,0,MMULT($AC51:$AL51, AY$3:AY$12)/$AY$13)} -> 0 | AY51: {=IF($AZ$13=0,0,MMULT($AC51:$AL51, AZ$3:AZ$12)/$AZ$13)} -> 0 | AZ51: {=IF($BA$13=0,0,MMULT($AC51:$AL51, BA$3:BA$12)/$BA$13)} -> 0 | BA51: {=IF($BB$13=0,0,MMULT($AC51:$AL51, BB$3:BB$12)/$BB$13)} -> 0.59807692 | BB51: {=IF($BC$13=0,0,MMULT($AC51:$AL51, BC$3:BC$12)/$BC$13)} -> 0 | BC51: {=IF($BD$13=0,0,MMULT($AC51:$AL51, BD$3:BD$12)/$BD$13)} -> 0 | BD51: {=IF($BE$13=0,0,MMULT($AC51:$AL51, BE$3:BE$12)/$BE$13)} -> 0 | BE51: {=IF($BF$13=0,0,MMULT($AC51:$AL51, BF$3:BF$12)/$BF$13)} -> 0 | BF51: {=IF($BG$13=0,0,MMULT($AC51:$AL51, BG$3:BG$12)/$BG$13)} -> 0 | BG51: {=IF($BH$13=0,0,MMULT($AC51:$AL51, BH$3:BH$12)/$BH$13)} -> 0.5572 | BH51: {=IF($BI$13=0,0,MMULT($AC51:$AL51, BI$3:BI$12)/$BI$13)} -> 0 | BI51: {=IF($BJ$13=0,0,MMULT($AC51:$AL51, BJ$3:BJ$12)/$BJ$13)} -> 0 | BJ51: =IF(OR(CSE4098C_Summer2026_Grade!$J37="W (Withdrawn)", CSE4098C_Summer2026_Grade!$J37="I (Incomplete)"), 0, IF(AX51>=55%, 1, 0)) -> #DIV/0! | BK51: =IF(OR(CSE4098C_Summer2026_Grade!$J37="W (Withdrawn)", CSE4098C_Summer2026_Grade!$J37="I (Incomplete)"), 0, IF(AY51>=55%, 1, 0)) -> #DIV/0! | BL51: =IF(OR(CSE4098C_Summer2026_Grade!$J37="W (Withdrawn)", CSE4098C_Summer2026_Grade!$J37="I (Incomplete)"), 0, IF(AZ51>=55%, 1, 0)) -> #DIV/0! | BM51: =IF(OR(CSE4098C_Summer2026_Grade!$J37="W (Withdrawn)", CSE4098C_Summer2026_Grade!$J37="I (Incomplete)"), 0, IF(BA51>=55%, 1, 0)) -> #DIV/0! | BN51: =IF(OR(CSE4098C_Summer2026_Grade!$J37="W (Withdrawn)", CSE4098C_Summer2026_Grade!$J37="I (Incomplete)"), 0, IF(BB51>=55%, 1, 0)) -> #DIV/0! | BO51: =IF(OR(CSE4098C_Summer2026_Grade!$J37="W (Withdrawn)", CSE4098C_Summer2026_Grade!$J37="I (Incomplete)"), 0, IF(BC51>=55%, 1, 0)) -> #DIV/0! | BP51: =IF(OR(CSE4098C_Summer2026_Grade!$J37="W (Withdrawn)", CSE4098C_Summer2026_Grade!$J37="I (Incomplete)"), 0, IF(BD51>=55%, 1, 0)) -> #DIV/0! | BQ51: =IF(OR(CSE4098C_Summer2026_Grade!$J37="W (Withdrawn)", CSE4098C_Summer2026_Grade!$J37="I (Incomplete)"), 0, IF(BE51>=55%, 1, 0)) -> #DIV/0! | ... BU51: =IF(OR(CSE4098C_Summer2026_Grade!$J37="W (Withdrawn)", CSE4098C_Summer2026_Grade!$J37="I (Incomplete)"), 0, IF(BI51>=55%, 1, 0)) -> #DIV/0!
A52: =A51+1 -> 34 | B52: 222014097 | C52: Md. Rashedul Islam | D52: =CO_Report_Evaluation!AG38 -> 0 | E52: =CO_Report_Evaluation!AH38 -> 0 | F52: =CO_Report_Evaluation!AI38 -> 0 | G52: =CO_Report_Evaluation!AJ38 -> 0 | H52: =CO_Report_Evaluation!AK38 -> 0 | I52: =CO_Report_Evaluation!AL38 -> 0 | J52: =CO_Report_Evaluation!AM38 -> 0 | K52: =CO_Report_Evaluation!AN38 -> 0 | L52: =CSE4098C_Summer2026_Grade!G38 -> 0 | N52: =((CSE4098C_Summer2026_Grade!E38)*10)/25 -> 6.032 | Q52: 15.55 | S52: =D52 -> 0 | T52: =E52 -> 0 | U52: =F52 -> 0 | V52: =SUM(G52,P52) -> 0 | W52: =SUM(H52,Q52) -> 15.55 | X52: =SUM(I52,R52) -> 0 | Y52: =J52 -> 0 | Z52: =K52 -> 0 | AA52: =L52 -> 0 | AB52: =SUM(M52,N52) -> 6.032 | AC52: =IF(S52 = 0, 0, S52/S$18) -> 0 | AD52: =IF(T52 = 0, 0, T52/T$18) -> 0 | AE52: =IF(U52 = 0, 0, U52/U$18) -> 0 | AF52: =IF(V52 = 0, 0, V52/V$18) -> 0 | AG52: =IF(W52 = 0, 0, W52/W$18) -> 0.59807692 | AH52: =IF(X52 = 0, 0, X52/X$18) -> 0 | AI52: =IF(Y52 = 0, 0, Y52/Y$18) -> 0 | AJ52: =IF(Z52 = 0, 0, Z52/Z$18) -> 0 | ... AL52: =IF(AB52 = 0, 0, AB52/AB$18) -> 0.6032 | AM52: =IF(OR(CSE4098C_Summer2026_Grade!$J38="W (Withdrawn)", CSE4098C_Summer2026_Grade!$J38="I (Incomplete)"), 0, IF(AC52>=55%, 1, 0)) -> #DIV/0! | AN52: =IF(OR(CSE4098C_Summer2026_Grade!$J38="W (Withdrawn)", CSE4098C_Summer2026_Grade!$J38="I (Incomplete)"), 0, IF(AD52>=55%, 1, 0)) -> #DIV/0! | AO52: =IF(OR(CSE4098C_Summer2026_Grade!$J38="W (Withdrawn)", CSE4098C_Summer2026_Grade!$J38="I (Incomplete)"), 0, IF(AE52>=55%, 1, 0)) -> #DIV/0! | AP52: =IF(OR(CSE4098C_Summer2026_Grade!$J38="W (Withdrawn)", CSE4098C_Summer2026_Grade!$J38="I (Incomplete)"), 0, IF(AF52>=55%, 1, 0)) -> #DIV/0! | AQ52: =IF(OR(CSE4098C_Summer2026_Grade!$J38="W (Withdrawn)", CSE4098C_Summer2026_Grade!$J38="I (Incomplete)"), 0, IF(AG52>=55%, 1, 0)) -> #DIV/0! | AR52: =IF(OR(CSE4098C_Summer2026_Grade!$J38="W (Withdrawn)", CSE4098C_Summer2026_Grade!$J38="I (Incomplete)"), 0, IF(AH52>=55%, 1, 0)) -> #DIV/0! | AS52: =IF(OR(CSE4098C_Summer2026_Grade!$J38="W (Withdrawn)", CSE4098C_Summer2026_Grade!$J38="I (Incomplete)"), 0, IF(AI52>=55%, 1, 0)) -> #DIV/0! | AT52: =IF(OR(CSE4098C_Summer2026_Grade!$J38="W (Withdrawn)", CSE4098C_Summer2026_Grade!$J38="I (Incomplete)"), 0, IF(AJ52>=55%, 1, 0)) -> #DIV/0! | ... AV52: =IF(OR(CSE4098C_Summer2026_Grade!$J38="W (Withdrawn)", CSE4098C_Summer2026_Grade!$J38="I (Incomplete)"), 0, IF(AL52>=55%, 1, 0)) -> #DIV/0! | AX52: {=IF($AY$13=0,0,MMULT($AC52:$AL52, AY$3:AY$12)/$AY$13)} -> 0 | AY52: {=IF($AZ$13=0,0,MMULT($AC52:$AL52, AZ$3:AZ$12)/$AZ$13)} -> 0 | AZ52: {=IF($BA$13=0,0,MMULT($AC52:$AL52, BA$3:BA$12)/$BA$13)} -> 0 | BA52: {=IF($BB$13=0,0,MMULT($AC52:$AL52, BB$3:BB$12)/$BB$13)} -> 0.59807692 | BB52: {=IF($BC$13=0,0,MMULT($AC52:$AL52, BC$3:BC$12)/$BC$13)} -> 0 | BC52: {=IF($BD$13=0,0,MMULT($AC52:$AL52, BD$3:BD$12)/$BD$13)} -> 0 | BD52: {=IF($BE$13=0,0,MMULT($AC52:$AL52, BE$3:BE$12)/$BE$13)} -> 0 | BE52: {=IF($BF$13=0,0,MMULT($AC52:$AL52, BF$3:BF$12)/$BF$13)} -> 0 | BF52: {=IF($BG$13=0,0,MMULT($AC52:$AL52, BG$3:BG$12)/$BG$13)} -> 0 | BG52: {=IF($BH$13=0,0,MMULT($AC52:$AL52, BH$3:BH$12)/$BH$13)} -> 0.6032 | BH52: {=IF($BI$13=0,0,MMULT($AC52:$AL52, BI$3:BI$12)/$BI$13)} -> 0 | BI52: {=IF($BJ$13=0,0,MMULT($AC52:$AL52, BJ$3:BJ$12)/$BJ$13)} -> 0 | BJ52: =IF(OR(CSE4098C_Summer2026_Grade!$J38="W (Withdrawn)", CSE4098C_Summer2026_Grade!$J38="I (Incomplete)"), 0, IF(AX52>=55%, 1, 0)) -> #DIV/0! | BK52: =IF(OR(CSE4098C_Summer2026_Grade!$J38="W (Withdrawn)", CSE4098C_Summer2026_Grade!$J38="I (Incomplete)"), 0, IF(AY52>=55%, 1, 0)) -> #DIV/0! | BL52: =IF(OR(CSE4098C_Summer2026_Grade!$J38="W (Withdrawn)", CSE4098C_Summer2026_Grade!$J38="I (Incomplete)"), 0, IF(AZ52>=55%, 1, 0)) -> #DIV/0! | BM52: =IF(OR(CSE4098C_Summer2026_Grade!$J38="W (Withdrawn)", CSE4098C_Summer2026_Grade!$J38="I (Incomplete)"), 0, IF(BA52>=55%, 1, 0)) -> #DIV/0! | BN52: =IF(OR(CSE4098C_Summer2026_Grade!$J38="W (Withdrawn)", CSE4098C_Summer2026_Grade!$J38="I (Incomplete)"), 0, IF(BB52>=55%, 1, 0)) -> #DIV/0! | BO52: =IF(OR(CSE4098C_Summer2026_Grade!$J38="W (Withdrawn)", CSE4098C_Summer2026_Grade!$J38="I (Incomplete)"), 0, IF(BC52>=55%, 1, 0)) -> #DIV/0! | BP52: =IF(OR(CSE4098C_Summer2026_Grade!$J38="W (Withdrawn)", CSE4098C_Summer2026_Grade!$J38="I (Incomplete)"), 0, IF(BD52>=55%, 1, 0)) -> #DIV/0! | BQ52: =IF(OR(CSE4098C_Summer2026_Grade!$J38="W (Withdrawn)", CSE4098C_Summer2026_Grade!$J38="I (Incomplete)"), 0, IF(BE52>=55%, 1, 0)) -> #DIV/0! | ... BU52: =IF(OR(CSE4098C_Summer2026_Grade!$J38="W (Withdrawn)", CSE4098C_Summer2026_Grade!$J38="I (Incomplete)"), 0, IF(BI52>=55%, 1, 0)) -> #DIV/0!
A53: =A52+1 -> 35 | B53: 222014040 | C53: Upoma Paul | D53: =CO_Report_Evaluation!AG39 -> 0 | E53: =CO_Report_Evaluation!AH39 -> 0 | F53: =CO_Report_Evaluation!AI39 -> 0 | G53: =CO_Report_Evaluation!AJ38 -> 0 | H53: =CO_Report_Evaluation!AK39 -> 0 | I53: =CO_Report_Evaluation!AL39 -> 0 | J53: =CO_Report_Evaluation!AM38 -> 0 | K53: =CO_Report_Evaluation!AN39 -> 0 | L53: =CSE4098C_Summer2026_Grade!G39 -> 0 | N53: =((CSE4098C_Summer2026_Grade!E39)*10)/25 -> 5.6 | Q53: 13.89 | S53: =D53 -> 0 | T53: =E53 -> 0 | U53: =F53 -> 0 | V53: =SUM(G53,P53) -> 0 | W53: =SUM(H53,Q53) -> 13.89 | X53: =SUM(I53,R53) -> 0 | Y53: =J53 -> 0 | Z53: =K53 -> 0 | AA53: =L53 -> 0 | AB53: =SUM(M53,N53) -> 5.6 | AC53: =IF(S53 = 0, 0, S53/S$18) -> 0 | AD53: =IF(T53 = 0, 0, T53/T$18) -> 0 | AE53: =IF(U53 = 0, 0, U53/U$18) -> 0 | AF53: =IF(V53 = 0, 0, V53/V$18) -> 0 | AG53: =IF(W53 = 0, 0, W53/W$18) -> 0.53423077 | AH53: =IF(X53 = 0, 0, X53/X$18) -> 0 | AI53: =IF(Y53 = 0, 0, Y53/Y$18) -> 0 | AJ53: =IF(Z53 = 0, 0, Z53/Z$18) -> 0 | ... AL53: =IF(AB53 = 0, 0, AB53/AB$18) -> 0.56 | AM53: =IF(OR(CSE4098C_Summer2026_Grade!$J39="W (Withdrawn)", CSE4098C_Summer2026_Grade!$J39="I (Incomplete)"), 0, IF(AC53>=55%, 1, 0)) -> #DIV/0! | AN53: =IF(OR(CSE4098C_Summer2026_Grade!$J39="W (Withdrawn)", CSE4098C_Summer2026_Grade!$J39="I (Incomplete)"), 0, IF(AD53>=55%, 1, 0)) -> #DIV/0! | AO53: =IF(OR(CSE4098C_Summer2026_Grade!$J39="W (Withdrawn)", CSE4098C_Summer2026_Grade!$J39="I (Incomplete)"), 0, IF(AE53>=55%, 1, 0)) -> #DIV/0! | AP53: =IF(OR(CSE4098C_Summer2026_Grade!$J39="W (Withdrawn)", CSE4098C_Summer2026_Grade!$J39="I (Incomplete)"), 0, IF(AF53>=55%, 1, 0)) -> #DIV/0! | AQ53: =IF(OR(CSE4098C_Summer2026_Grade!$J39="W (Withdrawn)", CSE4098C_Summer2026_Grade!$J39="I (Incomplete)"), 0, IF(AG53>=55%, 1, 0)) -> #DIV/0! | AR53: =IF(OR(CSE4098C_Summer2026_Grade!$J39="W (Withdrawn)", CSE4098C_Summer2026_Grade!$J39="I (Incomplete)"), 0, IF(AH53>=55%, 1, 0)) -> #DIV/0! | AS53: =IF(OR(CSE4098C_Summer2026_Grade!$J39="W (Withdrawn)", CSE4098C_Summer2026_Grade!$J39="I (Incomplete)"), 0, IF(AI53>=55%, 1, 0)) -> #DIV/0! | AT53: =IF(OR(CSE4098C_Summer2026_Grade!$J39="W (Withdrawn)", CSE4098C_Summer2026_Grade!$J39="I (Incomplete)"), 0, IF(AJ53>=55%, 1, 0)) -> #DIV/0! | ... AV53: =IF(OR(CSE4098C_Summer2026_Grade!$J39="W (Withdrawn)", CSE4098C_Summer2026_Grade!$J39="I (Incomplete)"), 0, IF(AL53>=55%, 1, 0)) -> #DIV/0! | AX53: {=IF($AY$13=0,0,MMULT($AC53:$AL53, AY$3:AY$12)/$AY$13)} -> 0 | AY53: {=IF($AZ$13=0,0,MMULT($AC53:$AL53, AZ$3:AZ$12)/$AZ$13)} -> 0 | AZ53: {=IF($BA$13=0,0,MMULT($AC53:$AL53, BA$3:BA$12)/$BA$13)} -> 0 | BA53: {=IF($BB$13=0,0,MMULT($AC53:$AL53, BB$3:BB$12)/$BB$13)} -> 0.53423077 | BB53: {=IF($BC$13=0,0,MMULT($AC53:$AL53, BC$3:BC$12)/$BC$13)} -> 0 | BC53: {=IF($BD$13=0,0,MMULT($AC53:$AL53, BD$3:BD$12)/$BD$13)} -> 0 | BD53: {=IF($BE$13=0,0,MMULT($AC53:$AL53, BE$3:BE$12)/$BE$13)} -> 0 | BE53: {=IF($BF$13=0,0,MMULT($AC53:$AL53, BF$3:BF$12)/$BF$13)} -> 0 | BF53: {=IF($BG$13=0,0,MMULT($AC53:$AL53, BG$3:BG$12)/$BG$13)} -> 0 | BG53: {=IF($BH$13=0,0,MMULT($AC53:$AL53, BH$3:BH$12)/$BH$13)} -> 0.56 | BH53: {=IF($BI$13=0,0,MMULT($AC53:$AL53, BI$3:BI$12)/$BI$13)} -> 0 | BI53: {=IF($BJ$13=0,0,MMULT($AC53:$AL53, BJ$3:BJ$12)/$BJ$13)} -> 0 | BJ53: =IF(OR(CSE4098C_Summer2026_Grade!$J39="W (Withdrawn)", CSE4098C_Summer2026_Grade!$J39="I (Incomplete)"), 0, IF(AX53>=55%, 1, 0)) -> #DIV/0! | BK53: =IF(OR(CSE4098C_Summer2026_Grade!$J39="W (Withdrawn)", CSE4098C_Summer2026_Grade!$J39="I (Incomplete)"), 0, IF(AY53>=55%, 1, 0)) -> #DIV/0! | BL53: =IF(OR(CSE4098C_Summer2026_Grade!$J39="W (Withdrawn)", CSE4098C_Summer2026_Grade!$J39="I (Incomplete)"), 0, IF(AZ53>=55%, 1, 0)) -> #DIV/0! | BM53: =IF(OR(CSE4098C_Summer2026_Grade!$J39="W (Withdrawn)", CSE4098C_Summer2026_Grade!$J39="I (Incomplete)"), 0, IF(BA53>=55%, 1, 0)) -> #DIV/0! | BN53: =IF(OR(CSE4098C_Summer2026_Grade!$J39="W (Withdrawn)", CSE4098C_Summer2026_Grade!$J39="I (Incomplete)"), 0, IF(BB53>=55%, 1, 0)) -> #DIV/0! | BO53: =IF(OR(CSE4098C_Summer2026_Grade!$J39="W (Withdrawn)", CSE4098C_Summer2026_Grade!$J39="I (Incomplete)"), 0, IF(BC53>=55%, 1, 0)) -> #DIV/0! | BP53: =IF(OR(CSE4098C_Summer2026_Grade!$J39="W (Withdrawn)", CSE4098C_Summer2026_Grade!$J39="I (Incomplete)"), 0, IF(BD53>=55%, 1, 0)) -> #DIV/0! | BQ53: =IF(OR(CSE4098C_Summer2026_Grade!$J39="W (Withdrawn)", CSE4098C_Summer2026_Grade!$J39="I (Incomplete)"), 0, IF(BE53>=55%, 1, 0)) -> #DIV/0! | ... BU53: =IF(OR(CSE4098C_Summer2026_Grade!$J39="W (Withdrawn)", CSE4098C_Summer2026_Grade!$J39="I (Incomplete)"), 0, IF(BI53>=55%, 1, 0)) -> #DIV/0!
A54: =A53+1 -> 36 | B54: 222014071 | C54: Fariha Ahmed | D54: =CO_Report_Evaluation!AG39 -> 0 | E54: =CO_Report_Evaluation!AH39 -> 0 | F54: =CO_Report_Evaluation!AI40 -> 0 | G54: =CO_Report_Evaluation!AJ39 -> 0 | H54: =CO_Report_Evaluation!AK39 -> 0 | I54: =CO_Report_Evaluation!AL40 -> 0 | J54: =CO_Report_Evaluation!AM39 -> 0 | K54: =CO_Report_Evaluation!AN39 -> 0 | L54: =CSE4098C_Summer2026_Grade!G40 -> 0 | N54: =((CSE4098C_Summer2026_Grade!E40)*10)/25 -> 7.38 | Q54: 13.89 | S54: =D54 -> 0 | T54: =E54 -> 0 | U54: =F54 -> 0 | V54: =SUM(G54,P54) -> 0 | W54: =SUM(H54,Q54) -> 13.89 | X54: =SUM(I54,R54) -> 0 | Y54: =J54 -> 0 | Z54: =K54 -> 0 | AA54: =L54 -> 0 | AB54: =SUM(M54,N54) -> 7.38 | AC54: =IF(S54 = 0, 0, S54/S$18) -> 0 | AD54: =IF(T54 = 0, 0, T54/T$18) -> 0 | AE54: =IF(U54 = 0, 0, U54/U$18) -> 0 | AF54: =IF(V54 = 0, 0, V54/V$18) -> 0 | AG54: =IF(W54 = 0, 0, W54/W$18) -> 0.53423077 | AH54: =IF(X54 = 0, 0, X54/X$18) -> 0 | AI54: =IF(Y54 = 0, 0, Y54/Y$18) -> 0 | AJ54: =IF(Z54 = 0, 0, Z54/Z$18) -> 0 | ... AL54: =IF(AB54 = 0, 0, AB54/AB$18) -> 0.738 | AM54: =IF(OR(CSE4098C_Summer2026_Grade!$J40="W (Withdrawn)", CSE4098C_Summer2026_Grade!$J40="I (Incomplete)"), 0, IF(AC54>=55%, 1, 0)) -> #DIV/0! | AN54: =IF(OR(CSE4098C_Summer2026_Grade!$J40="W (Withdrawn)", CSE4098C_Summer2026_Grade!$J40="I (Incomplete)"), 0, IF(AD54>=55%, 1, 0)) -> #DIV/0! | AO54: =IF(OR(CSE4098C_Summer2026_Grade!$J40="W (Withdrawn)", CSE4098C_Summer2026_Grade!$J40="I (Incomplete)"), 0, IF(AE54>=55%, 1, 0)) -> #DIV/0! | AP54: =IF(OR(CSE4098C_Summer2026_Grade!$J40="W (Withdrawn)", CSE4098C_Summer2026_Grade!$J40="I (Incomplete)"), 0, IF(AF54>=55%, 1, 0)) -> #DIV/0! | AQ54: =IF(OR(CSE4098C_Summer2026_Grade!$J40="W (Withdrawn)", CSE4098C_Summer2026_Grade!$J40="I (Incomplete)"), 0, IF(AG54>=55%, 1, 0)) -> #DIV/0! | AR54: =IF(OR(CSE4098C_Summer2026_Grade!$J40="W (Withdrawn)", CSE4098C_Summer2026_Grade!$J40="I (Incomplete)"), 0, IF(AH54>=55%, 1, 0)) -> #DIV/0! | AS54: =IF(OR(CSE4098C_Summer2026_Grade!$J40="W (Withdrawn)", CSE4098C_Summer2026_Grade!$J40="I (Incomplete)"), 0, IF(AI54>=55%, 1, 0)) -> #DIV/0! | AT54: =IF(OR(CSE4098C_Summer2026_Grade!$J40="W (Withdrawn)", CSE4098C_Summer2026_Grade!$J40="I (Incomplete)"), 0, IF(AJ54>=55%, 1, 0)) -> #DIV/0! | ... AV54: =IF(OR(CSE4098C_Summer2026_Grade!$J40="W (Withdrawn)", CSE4098C_Summer2026_Grade!$J40="I (Incomplete)"), 0, IF(AL54>=55%, 1, 0)) -> #DIV/0! | AX54: {=IF($AY$13=0,0,MMULT($AC54:$AL54, AY$3:AY$12)/$AY$13)} -> 0 | AY54: {=IF($AZ$13=0,0,MMULT($AC54:$AL54, AZ$3:AZ$12)/$AZ$13)} -> 0 | AZ54: {=IF($BA$13=0,0,MMULT($AC54:$AL54, BA$3:BA$12)/$BA$13)} -> 0 | BA54: {=IF($BB$13=0,0,MMULT($AC54:$AL54, BB$3:BB$12)/$BB$13)} -> 0.53423077 | BB54: {=IF($BC$13=0,0,MMULT($AC54:$AL54, BC$3:BC$12)/$BC$13)} -> 0 | BC54: {=IF($BD$13=0,0,MMULT($AC54:$AL54, BD$3:BD$12)/$BD$13)} -> 0 | BD54: {=IF($BE$13=0,0,MMULT($AC54:$AL54, BE$3:BE$12)/$BE$13)} -> 0 | BE54: {=IF($BF$13=0,0,MMULT($AC54:$AL54, BF$3:BF$12)/$BF$13)} -> 0 | BF54: {=IF($BG$13=0,0,MMULT($AC54:$AL54, BG$3:BG$12)/$BG$13)} -> 0 | BG54: {=IF($BH$13=0,0,MMULT($AC54:$AL54, BH$3:BH$12)/$BH$13)} -> 0.738 | BH54: {=IF($BI$13=0,0,MMULT($AC54:$AL54, BI$3:BI$12)/$BI$13)} -> 0 | BI54: {=IF($BJ$13=0,0,MMULT($AC54:$AL54, BJ$3:BJ$12)/$BJ$13)} -> 0 | BJ54: =IF(OR(CSE4098C_Summer2026_Grade!$J40="W (Withdrawn)", CSE4098C_Summer2026_Grade!$J40="I (Incomplete)"), 0, IF(AX54>=55%, 1, 0)) -> #DIV/0! | BK54: =IF(OR(CSE4098C_Summer2026_Grade!$J40="W (Withdrawn)", CSE4098C_Summer2026_Grade!$J40="I (Incomplete)"), 0, IF(AY54>=55%, 1, 0)) -> #DIV/0! | BL54: =IF(OR(CSE4098C_Summer2026_Grade!$J40="W (Withdrawn)", CSE4098C_Summer2026_Grade!$J40="I (Incomplete)"), 0, IF(AZ54>=55%, 1, 0)) -> #DIV/0! | BM54: =IF(OR(CSE4098C_Summer2026_Grade!$J40="W (Withdrawn)", CSE4098C_Summer2026_Grade!$J40="I (Incomplete)"), 0, IF(BA54>=55%, 1, 0)) -> #DIV/0! | BN54: =IF(OR(CSE4098C_Summer2026_Grade!$J40="W (Withdrawn)", CSE4098C_Summer2026_Grade!$J40="I (Incomplete)"), 0, IF(BB54>=55%, 1, 0)) -> #DIV/0! | BO54: =IF(OR(CSE4098C_Summer2026_Grade!$J40="W (Withdrawn)", CSE4098C_Summer2026_Grade!$J40="I (Incomplete)"), 0, IF(BC54>=55%, 1, 0)) -> #DIV/0! | BP54: =IF(OR(CSE4098C_Summer2026_Grade!$J40="W (Withdrawn)", CSE4098C_Summer2026_Grade!$J40="I (Incomplete)"), 0, IF(BD54>=55%, 1, 0)) -> #DIV/0! | BQ54: =IF(OR(CSE4098C_Summer2026_Grade!$J40="W (Withdrawn)", CSE4098C_Summer2026_Grade!$J40="I (Incomplete)"), 0, IF(BE54>=55%, 1, 0)) -> #DIV/0! | ... BU54: =IF(OR(CSE4098C_Summer2026_Grade!$J40="W (Withdrawn)", CSE4098C_Summer2026_Grade!$J40="I (Incomplete)"), 0, IF(BI54>=55%, 1, 0)) -> #DIV/0!
A55: =A54+1 -> 37 | B55: 223014195 | C55: Amifat Juhad Pranto | D55: =CO_Report_Evaluation!AG40 -> 0 | E55: =CO_Report_Evaluation!AH40 -> 0 | F55: =CO_Report_Evaluation!AI40 -> 0 | G55: =CO_Report_Evaluation!AJ40 -> 0 | H55: =CO_Report_Evaluation!AK40 -> 0 | I55: =CO_Report_Evaluation!AL40 -> 0 | J55: =CO_Report_Evaluation!AM40 -> 0 | K55: =CO_Report_Evaluation!AN40 -> 0 | L55: =CSE4098C_Summer2026_Grade!G41 -> 0 | N55: =((CSE4098C_Summer2026_Grade!E41)*10)/25 -> 7.468 | Q55: 13.89 | S55: =D55 -> 0 | T55: =E55 -> 0 | U55: =F55 -> 0 | V55: =SUM(G55,P55) -> 0 | W55: =SUM(H55,Q55) -> 13.89 | X55: =SUM(I55,R55) -> 0 | Y55: =J55 -> 0 | Z55: =K55 -> 0 | AA55: =L55 -> 0 | AB55: =SUM(M55,N55) -> 7.468 | AC55: =IF(S55 = 0, 0, S55/S$18) -> 0 | AD55: =IF(T55 = 0, 0, T55/T$18) -> 0 | AE55: =IF(U55 = 0, 0, U55/U$18) -> 0 | AF55: =IF(V55 = 0, 0, V55/V$18) -> 0 | AG55: =IF(W55 = 0, 0, W55/W$18) -> 0.53423077 | AH55: =IF(X55 = 0, 0, X55/X$18) -> 0 | AI55: =IF(Y55 = 0, 0, Y55/Y$18) -> 0 | AJ55: =IF(Z55 = 0, 0, Z55/Z$18) -> 0 | ... AL55: =IF(AB55 = 0, 0, AB55/AB$18) -> 0.7468 | AM55: =IF(OR(CSE4098C_Summer2026_Grade!$J41="W (Withdrawn)", CSE4098C_Summer2026_Grade!$J41="I (Incomplete)"), 0, IF(AC55>=55%, 1, 0)) -> #DIV/0! | AN55: =IF(OR(CSE4098C_Summer2026_Grade!$J41="W (Withdrawn)", CSE4098C_Summer2026_Grade!$J41="I (Incomplete)"), 0, IF(AD55>=55%, 1, 0)) -> #DIV/0! | AO55: =IF(OR(CSE4098C_Summer2026_Grade!$J41="W (Withdrawn)", CSE4098C_Summer2026_Grade!$J41="I (Incomplete)"), 0, IF(AE55>=55%, 1, 0)) -> #DIV/0! | AP55: =IF(OR(CSE4098C_Summer2026_Grade!$J41="W (Withdrawn)", CSE4098C_Summer2026_Grade!$J41="I (Incomplete)"), 0, IF(AF55>=55%, 1, 0)) -> #DIV/0! | AQ55: =IF(OR(CSE4098C_Summer2026_Grade!$J41="W (Withdrawn)", CSE4098C_Summer2026_Grade!$J41="I (Incomplete)"), 0, IF(AG55>=55%, 1, 0)) -> #DIV/0! | AR55: =IF(OR(CSE4098C_Summer2026_Grade!$J41="W (Withdrawn)", CSE4098C_Summer2026_Grade!$J41="I (Incomplete)"), 0, IF(AH55>=55%, 1, 0)) -> #DIV/0! | AS55: =IF(OR(CSE4098C_Summer2026_Grade!$J41="W (Withdrawn)", CSE4098C_Summer2026_Grade!$J41="I (Incomplete)"), 0, IF(AI55>=55%, 1, 0)) -> #DIV/0! | AT55: =IF(OR(CSE4098C_Summer2026_Grade!$J41="W (Withdrawn)", CSE4098C_Summer2026_Grade!$J41="I (Incomplete)"), 0, IF(AJ55>=55%, 1, 0)) -> #DIV/0! | ... AV55: =IF(OR(CSE4098C_Summer2026_Grade!$J41="W (Withdrawn)", CSE4098C_Summer2026_Grade!$J41="I (Incomplete)"), 0, IF(AL55>=55%, 1, 0)) -> #DIV/0! | AX55: {=IF($AY$13=0,0,MMULT($AC55:$AL55, AY$3:AY$12)/$AY$13)} -> 0 | AY55: {=IF($AZ$13=0,0,MMULT($AC55:$AL55, AZ$3:AZ$12)/$AZ$13)} -> 0 | AZ55: {=IF($BA$13=0,0,MMULT($AC55:$AL55, BA$3:BA$12)/$BA$13)} -> 0 | BA55: {=IF($BB$13=0,0,MMULT($AC55:$AL55, BB$3:BB$12)/$BB$13)} -> 0.53423077 | BB55: {=IF($BC$13=0,0,MMULT($AC55:$AL55, BC$3:BC$12)/$BC$13)} -> 0 | BC55: {=IF($BD$13=0,0,MMULT($AC55:$AL55, BD$3:BD$12)/$BD$13)} -> 0 | BD55: {=IF($BE$13=0,0,MMULT($AC55:$AL55, BE$3:BE$12)/$BE$13)} -> 0 | BE55: {=IF($BF$13=0,0,MMULT($AC55:$AL55, BF$3:BF$12)/$BF$13)} -> 0 | BF55: {=IF($BG$13=0,0,MMULT($AC55:$AL55, BG$3:BG$12)/$BG$13)} -> 0 | BG55: {=IF($BH$13=0,0,MMULT($AC55:$AL55, BH$3:BH$12)/$BH$13)} -> 0.7468 | BH55: {=IF($BI$13=0,0,MMULT($AC55:$AL55, BI$3:BI$12)/$BI$13)} -> 0 | BI55: {=IF($BJ$13=0,0,MMULT($AC55:$AL55, BJ$3:BJ$12)/$BJ$13)} -> 0 | BJ55: =IF(OR(CSE4098C_Summer2026_Grade!$J41="W (Withdrawn)", CSE4098C_Summer2026_Grade!$J41="I (Incomplete)"), 0, IF(AX55>=55%, 1, 0)) -> #DIV/0! | BK55: =IF(OR(CSE4098C_Summer2026_Grade!$J41="W (Withdrawn)", CSE4098C_Summer2026_Grade!$J41="I (Incomplete)"), 0, IF(AY55>=55%, 1, 0)) -> #DIV/0! | BL55: =IF(OR(CSE4098C_Summer2026_Grade!$J41="W (Withdrawn)", CSE4098C_Summer2026_Grade!$J41="I (Incomplete)"), 0, IF(AZ55>=55%, 1, 0)) -> #DIV/0! | BM55: =IF(OR(CSE4098C_Summer2026_Grade!$J41="W (Withdrawn)", CSE4098C_Summer2026_Grade!$J41="I (Incomplete)"), 0, IF(BA55>=55%, 1, 0)) -> #DIV/0! | BN55: =IF(OR(CSE4098C_Summer2026_Grade!$J41="W (Withdrawn)", CSE4098C_Summer2026_Grade!$J41="I (Incomplete)"), 0, IF(BB55>=55%, 1, 0)) -> #DIV/0! | BO55: =IF(OR(CSE4098C_Summer2026_Grade!$J41="W (Withdrawn)", CSE4098C_Summer2026_Grade!$J41="I (Incomplete)"), 0, IF(BC55>=55%, 1, 0)) -> #DIV/0! | BP55: =IF(OR(CSE4098C_Summer2026_Grade!$J41="W (Withdrawn)", CSE4098C_Summer2026_Grade!$J41="I (Incomplete)"), 0, IF(BD55>=55%, 1, 0)) -> #DIV/0! | BQ55: =IF(OR(CSE4098C_Summer2026_Grade!$J41="W (Withdrawn)", CSE4098C_Summer2026_Grade!$J41="I (Incomplete)"), 0, IF(BE55>=55%, 1, 0)) -> #DIV/0! | ... BU55: =IF(OR(CSE4098C_Summer2026_Grade!$J41="W (Withdrawn)", CSE4098C_Summer2026_Grade!$J41="I (Incomplete)"), 0, IF(BI55>=55%, 1, 0)) -> #DIV/0!
A56: =A55+1 -> 38 | B56: 223014143 | C56: Tasnia Kabir Mahia | D56: =CO_Report_Evaluation!AG41 -> 0 | E56: =CO_Report_Evaluation!AH41 -> 0 | F56: =CO_Report_Evaluation!AI41 -> 0 | G56: =CO_Report_Evaluation!AJ41 -> 0 | H56: =CO_Report_Evaluation!AK41 -> 0 | I56: =CO_Report_Evaluation!AL41 -> 0 | J56: =CO_Report_Evaluation!AM41 -> 0 | K56: =CO_Report_Evaluation!AN41 -> 0 | L56: =CSE4098C_Summer2026_Grade!G42 -> 0 | N56: =((CSE4098C_Summer2026_Grade!E42)*10)/25 -> 5.336 | Q56: 13.89 | S56: =D56 -> 0 | T56: =E56 -> 0 | U56: =F56 -> 0 | V56: =SUM(G56,P56) -> 0 | W56: =SUM(H56,Q56) -> 13.89 | X56: =SUM(I56,R56) -> 0 | Y56: =J56 -> 0 | Z56: =K56 -> 0 | AA56: =L56 -> 0 | AB56: =SUM(M56,N56) -> 5.336 | AC56: =IF(S56 = 0, 0, S56/S$18) -> 0 | AD56: =IF(T56 = 0, 0, T56/T$18) -> 0 | AE56: =IF(U56 = 0, 0, U56/U$18) -> 0 | AF56: =IF(V56 = 0, 0, V56/V$18) -> 0 | AG56: =IF(W56 = 0, 0, W56/W$18) -> 0.53423077 | AH56: =IF(X56 = 0, 0, X56/X$18) -> 0 | AI56: =IF(Y56 = 0, 0, Y56/Y$18) -> 0 | AJ56: =IF(Z56 = 0, 0, Z56/Z$18) -> 0 | ... AL56: =IF(AB56 = 0, 0, AB56/AB$18) -> 0.5336 | AM56: =IF(OR(CSE4098C_Summer2026_Grade!$J42="W (Withdrawn)", CSE4098C_Summer2026_Grade!$J42="I (Incomplete)"), 0, IF(AC56>=55%, 1, 0)) -> #DIV/0! | AN56: =IF(OR(CSE4098C_Summer2026_Grade!$J42="W (Withdrawn)", CSE4098C_Summer2026_Grade!$J42="I (Incomplete)"), 0, IF(AD56>=55%, 1, 0)) -> #DIV/0! | AO56: =IF(OR(CSE4098C_Summer2026_Grade!$J42="W (Withdrawn)", CSE4098C_Summer2026_Grade!$J42="I (Incomplete)"), 0, IF(AE56>=55%, 1, 0)) -> #DIV/0! | AP56: =IF(OR(CSE4098C_Summer2026_Grade!$J42="W (Withdrawn)", CSE4098C_Summer2026_Grade!$J42="I (Incomplete)"), 0, IF(AF56>=55%, 1, 0)) -> #DIV/0! | AQ56: =IF(OR(CSE4098C_Summer2026_Grade!$J42="W (Withdrawn)", CSE4098C_Summer2026_Grade!$J42="I (Incomplete)"), 0, IF(AG56>=55%, 1, 0)) -> #DIV/0! | AR56: =IF(OR(CSE4098C_Summer2026_Grade!$J42="W (Withdrawn)", CSE4098C_Summer2026_Grade!$J42="I (Incomplete)"), 0, IF(AH56>=55%, 1, 0)) -> #DIV/0! | AS56: =IF(OR(CSE4098C_Summer2026_Grade!$J42="W (Withdrawn)", CSE4098C_Summer2026_Grade!$J42="I (Incomplete)"), 0, IF(AI56>=55%, 1, 0)) -> #DIV/0! | AT56: =IF(OR(CSE4098C_Summer2026_Grade!$J42="W (Withdrawn)", CSE4098C_Summer2026_Grade!$J42="I (Incomplete)"), 0, IF(AJ56>=55%, 1, 0)) -> #DIV/0! | ... AV56: =IF(OR(CSE4098C_Summer2026_Grade!$J42="W (Withdrawn)", CSE4098C_Summer2026_Grade!$J42="I (Incomplete)"), 0, IF(AL56>=55%, 1, 0)) -> #DIV/0! | AX56: {=IF($AY$13=0,0,MMULT($AC56:$AL56, AY$3:AY$12)/$AY$13)} -> 0 | AY56: {=IF($AZ$13=0,0,MMULT($AC56:$AL56, AZ$3:AZ$12)/$AZ$13)} -> 0 | AZ56: {=IF($BA$13=0,0,MMULT($AC56:$AL56, BA$3:BA$12)/$BA$13)} -> 0 | BA56: {=IF($BB$13=0,0,MMULT($AC56:$AL56, BB$3:BB$12)/$BB$13)} -> 0.53423077 | BB56: {=IF($BC$13=0,0,MMULT($AC56:$AL56, BC$3:BC$12)/$BC$13)} -> 0 | BC56: {=IF($BD$13=0,0,MMULT($AC56:$AL56, BD$3:BD$12)/$BD$13)} -> 0 | BD56: {=IF($BE$13=0,0,MMULT($AC56:$AL56, BE$3:BE$12)/$BE$13)} -> 0 | BE56: {=IF($BF$13=0,0,MMULT($AC56:$AL56, BF$3:BF$12)/$BF$13)} -> 0 | BF56: {=IF($BG$13=0,0,MMULT($AC56:$AL56, BG$3:BG$12)/$BG$13)} -> 0 | BG56: {=IF($BH$13=0,0,MMULT($AC56:$AL56, BH$3:BH$12)/$BH$13)} -> 0.5336 | BH56: {=IF($BI$13=0,0,MMULT($AC56:$AL56, BI$3:BI$12)/$BI$13)} -> 0 | BI56: {=IF($BJ$13=0,0,MMULT($AC56:$AL56, BJ$3:BJ$12)/$BJ$13)} -> 0 | BJ56: =IF(OR(CSE4098C_Summer2026_Grade!$J42="W (Withdrawn)", CSE4098C_Summer2026_Grade!$J42="I (Incomplete)"), 0, IF(AX56>=55%, 1, 0)) -> #DIV/0! | BK56: =IF(OR(CSE4098C_Summer2026_Grade!$J42="W (Withdrawn)", CSE4098C_Summer2026_Grade!$J42="I (Incomplete)"), 0, IF(AY56>=55%, 1, 0)) -> #DIV/0! | BL56: =IF(OR(CSE4098C_Summer2026_Grade!$J42="W (Withdrawn)", CSE4098C_Summer2026_Grade!$J42="I (Incomplete)"), 0, IF(AZ56>=55%, 1, 0)) -> #DIV/0! | BM56: =IF(OR(CSE4098C_Summer2026_Grade!$J42="W (Withdrawn)", CSE4098C_Summer2026_Grade!$J42="I (Incomplete)"), 0, IF(BA56>=55%, 1, 0)) -> #DIV/0! | BN56: =IF(OR(CSE4098C_Summer2026_Grade!$J42="W (Withdrawn)", CSE4098C_Summer2026_Grade!$J42="I (Incomplete)"), 0, IF(BB56>=55%, 1, 0)) -> #DIV/0! | BO56: =IF(OR(CSE4098C_Summer2026_Grade!$J42="W (Withdrawn)", CSE4098C_Summer2026_Grade!$J42="I (Incomplete)"), 0, IF(BC56>=55%, 1, 0)) -> #DIV/0! | BP56: =IF(OR(CSE4098C_Summer2026_Grade!$J42="W (Withdrawn)", CSE4098C_Summer2026_Grade!$J42="I (Incomplete)"), 0, IF(BD56>=55%, 1, 0)) -> #DIV/0! | BQ56: =IF(OR(CSE4098C_Summer2026_Grade!$J42="W (Withdrawn)", CSE4098C_Summer2026_Grade!$J42="I (Incomplete)"), 0, IF(BE56>=55%, 1, 0)) -> #DIV/0! | ... BU56: =IF(OR(CSE4098C_Summer2026_Grade!$J42="W (Withdrawn)", CSE4098C_Summer2026_Grade!$J42="I (Incomplete)"), 0, IF(BI56>=55%, 1, 0)) -> #DIV/0!
A57: =A56+1 -> 39 | B57: 231014167 | C57: Mahbuba Akter Chowdhury | D57: =CO_Report_Evaluation!AG42 -> 0 | E57: =CO_Report_Evaluation!AH42 -> 0 | F57: =CO_Report_Evaluation!AI42 -> 0 | G57: =CO_Report_Evaluation!AJ42 -> 0 | H57: =CO_Report_Evaluation!AK42 -> 0 | I57: =CO_Report_Evaluation!AL42 -> 0 | J57: =CO_Report_Evaluation!AM42 -> 0 | K57: =CO_Report_Evaluation!AN42 -> 0 | L57: =CSE4098C_Summer2026_Grade!G43 -> 0 | N57: =((CSE4098C_Summer2026_Grade!E43)*10)/25 -> 8.736 | Q57: 13.89 | S57: =D57 -> 0 | T57: =E57 -> 0 | U57: =F57 -> 0 | V57: =SUM(G57,P57) -> 0 | W57: =SUM(H57,Q57) -> 13.89 | X57: =SUM(I57,R57) -> 0 | Y57: =J57 -> 0 | Z57: =K57 -> 0 | AA57: =L57 -> 0 | AB57: =SUM(M57,N57) -> 8.736 | AC57: =IF(S57 = 0, 0, S57/S$18) -> 0 | AD57: =IF(T57 = 0, 0, T57/T$18) -> 0 | AE57: =IF(U57 = 0, 0, U57/U$18) -> 0 | AF57: =IF(V57 = 0, 0, V57/V$18) -> 0 | AG57: =IF(W57 = 0, 0, W57/W$18) -> 0.53423077 | AH57: =IF(X57 = 0, 0, X57/X$18) -> 0 | AI57: =IF(Y57 = 0, 0, Y57/Y$18) -> 0 | AJ57: =IF(Z57 = 0, 0, Z57/Z$18) -> 0 | ... AL57: =IF(AB57 = 0, 0, AB57/AB$18) -> 0.8736 | AM57: =IF(OR(CSE4098C_Summer2026_Grade!$J43="W (Withdrawn)", CSE4098C_Summer2026_Grade!$J43="I (Incomplete)"), 0, IF(AC57>=55%, 1, 0)) -> #DIV/0! | AN57: =IF(OR(CSE4098C_Summer2026_Grade!$J43="W (Withdrawn)", CSE4098C_Summer2026_Grade!$J43="I (Incomplete)"), 0, IF(AD57>=55%, 1, 0)) -> #DIV/0! | AO57: =IF(OR(CSE4098C_Summer2026_Grade!$J43="W (Withdrawn)", CSE4098C_Summer2026_Grade!$J43="I (Incomplete)"), 0, IF(AE57>=55%, 1, 0)) -> #DIV/0! | AP57: =IF(OR(CSE4098C_Summer2026_Grade!$J43="W (Withdrawn)", CSE4098C_Summer2026_Grade!$J43="I (Incomplete)"), 0, IF(AF57>=55%, 1, 0)) -> #DIV/0! | AQ57: =IF(OR(CSE4098C_Summer2026_Grade!$J43="W (Withdrawn)", CSE4098C_Summer2026_Grade!$J43="I (Incomplete)"), 0, IF(AG57>=55%, 1, 0)) -> #DIV/0! | AR57: =IF(OR(CSE4098C_Summer2026_Grade!$J43="W (Withdrawn)", CSE4098C_Summer2026_Grade!$J43="I (Incomplete)"), 0, IF(AH57>=55%, 1, 0)) -> #DIV/0! | AS57: =IF(OR(CSE4098C_Summer2026_Grade!$J43="W (Withdrawn)", CSE4098C_Summer2026_Grade!$J43="I (Incomplete)"), 0, IF(AI57>=55%, 1, 0)) -> #DIV/0! | AT57: =IF(OR(CSE4098C_Summer2026_Grade!$J43="W (Withdrawn)", CSE4098C_Summer2026_Grade!$J43="I (Incomplete)"), 0, IF(AJ57>=55%, 1, 0)) -> #DIV/0! | ... AV57: =IF(OR(CSE4098C_Summer2026_Grade!$J43="W (Withdrawn)", CSE4098C_Summer2026_Grade!$J43="I (Incomplete)"), 0, IF(AL57>=55%, 1, 0)) -> #DIV/0! | AX57: {=IF($AY$13=0,0,MMULT($AC57:$AL57, AY$3:AY$12)/$AY$13)} -> 0 | AY57: {=IF($AZ$13=0,0,MMULT($AC57:$AL57, AZ$3:AZ$12)/$AZ$13)} -> 0 | AZ57: {=IF($BA$13=0,0,MMULT($AC57:$AL57, BA$3:BA$12)/$BA$13)} -> 0 | BA57: {=IF($BB$13=0,0,MMULT($AC57:$AL57, BB$3:BB$12)/$BB$13)} -> 0.53423077 | BB57: {=IF($BC$13=0,0,MMULT($AC57:$AL57, BC$3:BC$12)/$BC$13)} -> 0 | BC57: {=IF($BD$13=0,0,MMULT($AC57:$AL57, BD$3:BD$12)/$BD$13)} -> 0 | BD57: {=IF($BE$13=0,0,MMULT($AC57:$AL57, BE$3:BE$12)/$BE$13)} -> 0 | BE57: {=IF($BF$13=0,0,MMULT($AC57:$AL57, BF$3:BF$12)/$BF$13)} -> 0 | BF57: {=IF($BG$13=0,0,MMULT($AC57:$AL57, BG$3:BG$12)/$BG$13)} -> 0 | BG57: {=IF($BH$13=0,0,MMULT($AC57:$AL57, BH$3:BH$12)/$BH$13)} -> 0.8736 | BH57: {=IF($BI$13=0,0,MMULT($AC57:$AL57, BI$3:BI$12)/$BI$13)} -> 0 | BI57: {=IF($BJ$13=0,0,MMULT($AC57:$AL57, BJ$3:BJ$12)/$BJ$13)} -> 0 | BJ57: =IF(OR(CSE4098C_Summer2026_Grade!$J43="W (Withdrawn)", CSE4098C_Summer2026_Grade!$J43="I (Incomplete)"), 0, IF(AX57>=55%, 1, 0)) -> #DIV/0! | BK57: =IF(OR(CSE4098C_Summer2026_Grade!$J43="W (Withdrawn)", CSE4098C_Summer2026_Grade!$J43="I (Incomplete)"), 0, IF(AY57>=55%, 1, 0)) -> #DIV/0! | BL57: =IF(OR(CSE4098C_Summer2026_Grade!$J43="W (Withdrawn)", CSE4098C_Summer2026_Grade!$J43="I (Incomplete)"), 0, IF(AZ57>=55%, 1, 0)) -> #DIV/0! | BM57: =IF(OR(CSE4098C_Summer2026_Grade!$J43="W (Withdrawn)", CSE4098C_Summer2026_Grade!$J43="I (Incomplete)"), 0, IF(BA57>=55%, 1, 0)) -> #DIV/0! | BN57: =IF(OR(CSE4098C_Summer2026_Grade!$J43="W (Withdrawn)", CSE4098C_Summer2026_Grade!$J43="I (Incomplete)"), 0, IF(BB57>=55%, 1, 0)) -> #DIV/0! | BO57: =IF(OR(CSE4098C_Summer2026_Grade!$J43="W (Withdrawn)", CSE4098C_Summer2026_Grade!$J43="I (Incomplete)"), 0, IF(BC57>=55%, 1, 0)) -> #DIV/0! | BP57: =IF(OR(CSE4098C_Summer2026_Grade!$J43="W (Withdrawn)", CSE4098C_Summer2026_Grade!$J43="I (Incomplete)"), 0, IF(BD57>=55%, 1, 0)) -> #DIV/0! | BQ57: =IF(OR(CSE4098C_Summer2026_Grade!$J43="W (Withdrawn)", CSE4098C_Summer2026_Grade!$J43="I (Incomplete)"), 0, IF(BE57>=55%, 1, 0)) -> #DIV/0! | ... BU57: =IF(OR(CSE4098C_Summer2026_Grade!$J43="W (Withdrawn)", CSE4098C_Summer2026_Grade!$J43="I (Incomplete)"), 0, IF(BI57>=55%, 1, 0)) -> #DIV/0!
A58: =A57+1 -> 40 | B58: 231014073 | C58: Divya Jyoti Bagchi | D58: =CO_Report_Evaluation!AG43 -> 0 | E58: =CO_Report_Evaluation!AH43 -> 0 | F58: =CO_Report_Evaluation!AI43 -> 0 | G58: =CO_Report_Evaluation!AJ43 -> 0 | H58: =CO_Report_Evaluation!AK43 -> 0 | I58: =CO_Report_Evaluation!AL43 -> 0 | J58: =CO_Report_Evaluation!AM43 -> 0 | K58: =CO_Report_Evaluation!AN43 -> 0 | L58: =CSE4098C_Summer2026_Grade!G44 -> 0 | N58: =((CSE4098C_Summer2026_Grade!E44)*10)/25 -> 9.336 | Q58: 17.22 | S58: =D58 -> 0 | T58: =E58 -> 0 | U58: =F58 -> 0 | V58: =SUM(G58,P58) -> 0 | W58: =SUM(H58,Q58) -> 17.22 | X58: =SUM(I58,R58) -> 0 | Y58: =J58 -> 0 | Z58: =K58 -> 0 | AA58: =L58 -> 0 | AB58: =SUM(M58,N58) -> 9.336 | AC58: =IF(S58 = 0, 0, S58/S$18) -> 0 | AD58: =IF(T58 = 0, 0, T58/T$18) -> 0 | AE58: =IF(U58 = 0, 0, U58/U$18) -> 0 | AF58: =IF(V58 = 0, 0, V58/V$18) -> 0 | AG58: =IF(W58 = 0, 0, W58/W$18) -> 0.66230769 | AH58: =IF(X58 = 0, 0, X58/X$18) -> 0 | AI58: =IF(Y58 = 0, 0, Y58/Y$18) -> 0 | AJ58: =IF(Z58 = 0, 0, Z58/Z$18) -> 0 | ... AL58: =IF(AB58 = 0, 0, AB58/AB$18) -> 0.9336 | AM58: =IF(OR(CSE4098C_Summer2026_Grade!$J44="W (Withdrawn)", CSE4098C_Summer2026_Grade!$J44="I (Incomplete)"), 0, IF(AC58>=55%, 1, 0)) -> #DIV/0! | AN58: =IF(OR(CSE4098C_Summer2026_Grade!$J44="W (Withdrawn)", CSE4098C_Summer2026_Grade!$J44="I (Incomplete)"), 0, IF(AD58>=55%, 1, 0)) -> #DIV/0! | AO58: =IF(OR(CSE4098C_Summer2026_Grade!$J44="W (Withdrawn)", CSE4098C_Summer2026_Grade!$J44="I (Incomplete)"), 0, IF(AE58>=55%, 1, 0)) -> #DIV/0! | AP58: =IF(OR(CSE4098C_Summer2026_Grade!$J44="W (Withdrawn)", CSE4098C_Summer2026_Grade!$J44="I (Incomplete)"), 0, IF(AF58>=55%, 1, 0)) -> #DIV/0! | AQ58: =IF(OR(CSE4098C_Summer2026_Grade!$J44="W (Withdrawn)", CSE4098C_Summer2026_Grade!$J44="I (Incomplete)"), 0, IF(AG58>=55%, 1, 0)) -> #DIV/0! | AR58: =IF(OR(CSE4098C_Summer2026_Grade!$J44="W (Withdrawn)", CSE4098C_Summer2026_Grade!$J44="I (Incomplete)"), 0, IF(AH58>=55%, 1, 0)) -> #DIV/0! | AS58: =IF(OR(CSE4098C_Summer2026_Grade!$J44="W (Withdrawn)", CSE4098C_Summer2026_Grade!$J44="I (Incomplete)"), 0, IF(AI58>=55%, 1, 0)) -> #DIV/0! | AT58: =IF(OR(CSE4098C_Summer2026_Grade!$J44="W (Withdrawn)", CSE4098C_Summer2026_Grade!$J44="I (Incomplete)"), 0, IF(AJ58>=55%, 1, 0)) -> #DIV/0! | ... AV58: =IF(OR(CSE4098C_Summer2026_Grade!$J44="W (Withdrawn)", CSE4098C_Summer2026_Grade!$J44="I (Incomplete)"), 0, IF(AL58>=55%, 1, 0)) -> #DIV/0! | AX58: {=IF($AY$13=0,0,MMULT($AC58:$AL58, AY$3:AY$12)/$AY$13)} -> 0 | AY58: {=IF($AZ$13=0,0,MMULT($AC58:$AL58, AZ$3:AZ$12)/$AZ$13)} -> 0 | AZ58: {=IF($BA$13=0,0,MMULT($AC58:$AL58, BA$3:BA$12)/$BA$13)} -> 0 | BA58: {=IF($BB$13=0,0,MMULT($AC58:$AL58, BB$3:BB$12)/$BB$13)} -> 0.66230769 | BB58: {=IF($BC$13=0,0,MMULT($AC58:$AL58, BC$3:BC$12)/$BC$13)} -> 0 | BC58: {=IF($BD$13=0,0,MMULT($AC58:$AL58, BD$3:BD$12)/$BD$13)} -> 0 | BD58: {=IF($BE$13=0,0,MMULT($AC58:$AL58, BE$3:BE$12)/$BE$13)} -> 0 | BE58: {=IF($BF$13=0,0,MMULT($AC58:$AL58, BF$3:BF$12)/$BF$13)} -> 0 | BF58: {=IF($BG$13=0,0,MMULT($AC58:$AL58, BG$3:BG$12)/$BG$13)} -> 0 | BG58: {=IF($BH$13=0,0,MMULT($AC58:$AL58, BH$3:BH$12)/$BH$13)} -> 0.9336 | BH58: {=IF($BI$13=0,0,MMULT($AC58:$AL58, BI$3:BI$12)/$BI$13)} -> 0 | BI58: {=IF($BJ$13=0,0,MMULT($AC58:$AL58, BJ$3:BJ$12)/$BJ$13)} -> 0 | BJ58: =IF(OR(CSE4098C_Summer2026_Grade!$J44="W (Withdrawn)", CSE4098C_Summer2026_Grade!$J44="I (Incomplete)"), 0, IF(AX58>=55%, 1, 0)) -> #DIV/0! | BK58: =IF(OR(CSE4098C_Summer2026_Grade!$J44="W (Withdrawn)", CSE4098C_Summer2026_Grade!$J44="I (Incomplete)"), 0, IF(AY58>=55%, 1, 0)) -> #DIV/0! | BL58: =IF(OR(CSE4098C_Summer2026_Grade!$J44="W (Withdrawn)", CSE4098C_Summer2026_Grade!$J44="I (Incomplete)"), 0, IF(AZ58>=55%, 1, 0)) -> #DIV/0! | BM58: =IF(OR(CSE4098C_Summer2026_Grade!$J44="W (Withdrawn)", CSE4098C_Summer2026_Grade!$J44="I (Incomplete)"), 0, IF(BA58>=55%, 1, 0)) -> #DIV/0! | BN58: =IF(OR(CSE4098C_Summer2026_Grade!$J44="W (Withdrawn)", CSE4098C_Summer2026_Grade!$J44="I (Incomplete)"), 0, IF(BB58>=55%, 1, 0)) -> #DIV/0! | BO58: =IF(OR(CSE4098C_Summer2026_Grade!$J44="W (Withdrawn)", CSE4098C_Summer2026_Grade!$J44="I (Incomplete)"), 0, IF(BC58>=55%, 1, 0)) -> #DIV/0! | BP58: =IF(OR(CSE4098C_Summer2026_Grade!$J44="W (Withdrawn)", CSE4098C_Summer2026_Grade!$J44="I (Incomplete)"), 0, IF(BD58>=55%, 1, 0)) -> #DIV/0! | BQ58: =IF(OR(CSE4098C_Summer2026_Grade!$J44="W (Withdrawn)", CSE4098C_Summer2026_Grade!$J44="I (Incomplete)"), 0, IF(BE58>=55%, 1, 0)) -> #DIV/0! | ... BU58: =IF(OR(CSE4098C_Summer2026_Grade!$J44="W (Withdrawn)", CSE4098C_Summer2026_Grade!$J44="I (Incomplete)"), 0, IF(BI58>=55%, 1, 0)) -> #DIV/0!
A59: =A58+1 -> 41 | B59: 232014058 | C59: Naznine Sultana Nitu | D59: =CO_Report_Evaluation!AG44 -> 0 | E59: =CO_Report_Evaluation!AH44 -> 0 | F59: =CO_Report_Evaluation!AI44 -> 0 | G59: =CO_Report_Evaluation!AJ44 -> 0 | H59: =CO_Report_Evaluation!AK44 -> 0 | I59: =CO_Report_Evaluation!AL44 -> 0 | J59: =CO_Report_Evaluation!AM44 -> 0 | K59: =CO_Report_Evaluation!AN44 -> 0 | L59: =CSE4098C_Summer2026_Grade!G45 -> 0 | N59: =((CSE4098C_Summer2026_Grade!E45)*10)/25 -> 8.736 | Q59: 17.22 | S59: =D59 -> 0 | T59: =E59 -> 0 | U59: =F59 -> 0 | V59: =SUM(G59,P59) -> 0 | W59: =SUM(H59,Q59) -> 17.22 | X59: =SUM(I59,R59) -> 0 | Y59: =J59 -> 0 | Z59: =K59 -> 0 | AA59: =L59 -> 0 | AB59: =SUM(M59,N59) -> 8.736 | AC59: =IF(S59 = 0, 0, S59/S$18) -> 0 | AD59: =IF(T59 = 0, 0, T59/T$18) -> 0 | AE59: =IF(U59 = 0, 0, U59/U$18) -> 0 | AF59: =IF(V59 = 0, 0, V59/V$18) -> 0 | AG59: =IF(W59 = 0, 0, W59/W$18) -> 0.66230769 | AH59: =IF(X59 = 0, 0, X59/X$18) -> 0 | AI59: =IF(Y59 = 0, 0, Y59/Y$18) -> 0 | AJ59: =IF(Z59 = 0, 0, Z59/Z$18) -> 0 | ... AL59: =IF(AB59 = 0, 0, AB59/AB$18) -> 0.8736 | AM59: =IF(OR(CSE4098C_Summer2026_Grade!$J45="W (Withdrawn)", CSE4098C_Summer2026_Grade!$J45="I (Incomplete)"), 0, IF(AC59>=55%, 1, 0)) -> #DIV/0! | AN59: =IF(OR(CSE4098C_Summer2026_Grade!$J45="W (Withdrawn)", CSE4098C_Summer2026_Grade!$J45="I (Incomplete)"), 0, IF(AD59>=55%, 1, 0)) -> #DIV/0! | AO59: =IF(OR(CSE4098C_Summer2026_Grade!$J45="W (Withdrawn)", CSE4098C_Summer2026_Grade!$J45="I (Incomplete)"), 0, IF(AE59>=55%, 1, 0)) -> #DIV/0! | AP59: =IF(OR(CSE4098C_Summer2026_Grade!$J45="W (Withdrawn)", CSE4098C_Summer2026_Grade!$J45="I (Incomplete)"), 0, IF(AF59>=55%, 1, 0)) -> #DIV/0! | AQ59: =IF(OR(CSE4098C_Summer2026_Grade!$J45="W (Withdrawn)", CSE4098C_Summer2026_Grade!$J45="I (Incomplete)"), 0, IF(AG59>=55%, 1, 0)) -> #DIV/0! | AR59: =IF(OR(CSE4098C_Summer2026_Grade!$J45="W (Withdrawn)", CSE4098C_Summer2026_Grade!$J45="I (Incomplete)"), 0, IF(AH59>=55%, 1, 0)) -> #DIV/0! | AS59: =IF(OR(CSE4098C_Summer2026_Grade!$J45="W (Withdrawn)", CSE4098C_Summer2026_Grade!$J45="I (Incomplete)"), 0, IF(AI59>=55%, 1, 0)) -> #DIV/0! | AT59: =IF(OR(CSE4098C_Summer2026_Grade!$J45="W (Withdrawn)", CSE4098C_Summer2026_Grade!$J45="I (Incomplete)"), 0, IF(AJ59>=55%, 1, 0)) -> #DIV/0! | ... AV59: =IF(OR(CSE4098C_Summer2026_Grade!$J45="W (Withdrawn)", CSE4098C_Summer2026_Grade!$J45="I (Incomplete)"), 0, IF(AL59>=55%, 1, 0)) -> #DIV/0! | AX59: {=IF($AY$13=0,0,MMULT($AC59:$AL59, AY$3:AY$12)/$AY$13)} -> 0 | AY59: {=IF($AZ$13=0,0,MMULT($AC59:$AL59, AZ$3:AZ$12)/$AZ$13)} -> 0 | AZ59: {=IF($BA$13=0,0,MMULT($AC59:$AL59, BA$3:BA$12)/$BA$13)} -> 0 | BA59: {=IF($BB$13=0,0,MMULT($AC59:$AL59, BB$3:BB$12)/$BB$13)} -> 0.66230769 | BB59: {=IF($BC$13=0,0,MMULT($AC59:$AL59, BC$3:BC$12)/$BC$13)} -> 0 | BC59: {=IF($BD$13=0,0,MMULT($AC59:$AL59, BD$3:BD$12)/$BD$13)} -> 0 | BD59: {=IF($BE$13=0,0,MMULT($AC59:$AL59, BE$3:BE$12)/$BE$13)} -> 0 | BE59: {=IF($BF$13=0,0,MMULT($AC59:$AL59, BF$3:BF$12)/$BF$13)} -> 0 | BF59: {=IF($BG$13=0,0,MMULT($AC59:$AL59, BG$3:BG$12)/$BG$13)} -> 0 | BG59: {=IF($BH$13=0,0,MMULT($AC59:$AL59, BH$3:BH$12)/$BH$13)} -> 0.8736 | BH59: {=IF($BI$13=0,0,MMULT($AC59:$AL59, BI$3:BI$12)/$BI$13)} -> 0 | BI59: {=IF($BJ$13=0,0,MMULT($AC59:$AL59, BJ$3:BJ$12)/$BJ$13)} -> 0 | BJ59: =IF(OR(CSE4098C_Summer2026_Grade!$J45="W (Withdrawn)", CSE4098C_Summer2026_Grade!$J45="I (Incomplete)"), 0, IF(AX59>=55%, 1, 0)) -> #DIV/0! | BK59: =IF(OR(CSE4098C_Summer2026_Grade!$J45="W (Withdrawn)", CSE4098C_Summer2026_Grade!$J45="I (Incomplete)"), 0, IF(AY59>=55%, 1, 0)) -> #DIV/0! | BL59: =IF(OR(CSE4098C_Summer2026_Grade!$J45="W (Withdrawn)", CSE4098C_Summer2026_Grade!$J45="I (Incomplete)"), 0, IF(AZ59>=55%, 1, 0)) -> #DIV/0! | BM59: =IF(OR(CSE4098C_Summer2026_Grade!$J45="W (Withdrawn)", CSE4098C_Summer2026_Grade!$J45="I (Incomplete)"), 0, IF(BA59>=55%, 1, 0)) -> #DIV/0! | BN59: =IF(OR(CSE4098C_Summer2026_Grade!$J45="W (Withdrawn)", CSE4098C_Summer2026_Grade!$J45="I (Incomplete)"), 0, IF(BB59>=55%, 1, 0)) -> #DIV/0! | BO59: =IF(OR(CSE4098C_Summer2026_Grade!$J45="W (Withdrawn)", CSE4098C_Summer2026_Grade!$J45="I (Incomplete)"), 0, IF(BC59>=55%, 1, 0)) -> #DIV/0! | BP59: =IF(OR(CSE4098C_Summer2026_Grade!$J45="W (Withdrawn)", CSE4098C_Summer2026_Grade!$J45="I (Incomplete)"), 0, IF(BD59>=55%, 1, 0)) -> #DIV/0! | BQ59: =IF(OR(CSE4098C_Summer2026_Grade!$J45="W (Withdrawn)", CSE4098C_Summer2026_Grade!$J45="I (Incomplete)"), 0, IF(BE59>=55%, 1, 0)) -> #DIV/0! | ... BU59: =IF(OR(CSE4098C_Summer2026_Grade!$J45="W (Withdrawn)", CSE4098C_Summer2026_Grade!$J45="I (Incomplete)"), 0, IF(BI59>=55%, 1, 0)) -> #DIV/0!
A60: =A59+1 -> 42 | B60: 223014183 | C60: Fabiha Fayruj | D60: =CO_Report_Evaluation!AG45 -> 0 | E60: =CO_Report_Evaluation!AH45 -> 0 | F60: =CO_Report_Evaluation!AI45 -> 0 | G60: =CO_Report_Evaluation!AJ45 -> 0 | H60: =CO_Report_Evaluation!AK45 -> 0 | I60: =CO_Report_Evaluation!AL45 -> 0 | J60: =CO_Report_Evaluation!AM45 -> 0 | K60: =CO_Report_Evaluation!AN45 -> 0 | L60: =CSE4098C_Summer2026_Grade!G46 -> 0 | N60: =((CSE4098C_Summer2026_Grade!E46)*10)/25 -> 8.868 | Q60: 17.22 | S60: =D60 -> 0 | T60: =E60 -> 0 | U60: =F60 -> 0 | V60: =SUM(G60,P60) -> 0 | W60: =SUM(H60,Q60) -> 17.22 | X60: =SUM(I60,R60) -> 0 | Y60: =J60 -> 0 | Z60: =K60 -> 0 | AA60: =L60 -> 0 | AB60: =SUM(M60,N60) -> 8.868 | AC60: =IF(S60 = 0, 0, S60/S$18) -> 0 | AD60: =IF(T60 = 0, 0, T60/T$18) -> 0 | AE60: =IF(U60 = 0, 0, U60/U$18) -> 0 | AF60: =IF(V60 = 0, 0, V60/V$18) -> 0 | AG60: =IF(W60 = 0, 0, W60/W$18) -> 0.66230769 | AH60: =IF(X60 = 0, 0, X60/X$18) -> 0 | AI60: =IF(Y60 = 0, 0, Y60/Y$18) -> 0 | AJ60: =IF(Z60 = 0, 0, Z60/Z$18) -> 0 | ... AL60: =IF(AB60 = 0, 0, AB60/AB$18) -> 0.8868 | AM60: =IF(OR(CSE4098C_Summer2026_Grade!$J46="W (Withdrawn)", CSE4098C_Summer2026_Grade!$J46="I (Incomplete)"), 0, IF(AC60>=55%, 1, 0)) -> #DIV/0! | AN60: =IF(OR(CSE4098C_Summer2026_Grade!$J46="W (Withdrawn)", CSE4098C_Summer2026_Grade!$J46="I (Incomplete)"), 0, IF(AD60>=55%, 1, 0)) -> #DIV/0! | AO60: =IF(OR(CSE4098C_Summer2026_Grade!$J46="W (Withdrawn)", CSE4098C_Summer2026_Grade!$J46="I (Incomplete)"), 0, IF(AE60>=55%, 1, 0)) -> #DIV/0! | AP60: =IF(OR(CSE4098C_Summer2026_Grade!$J46="W (Withdrawn)", CSE4098C_Summer2026_Grade!$J46="I (Incomplete)"), 0, IF(AF60>=55%, 1, 0)) -> #DIV/0! | AQ60: =IF(OR(CSE4098C_Summer2026_Grade!$J46="W (Withdrawn)", CSE4098C_Summer2026_Grade!$J46="I (Incomplete)"), 0, IF(AG60>=55%, 1, 0)) -> #DIV/0! | AR60: =IF(OR(CSE4098C_Summer2026_Grade!$J46="W (Withdrawn)", CSE4098C_Summer2026_Grade!$J46="I (Incomplete)"), 0, IF(AH60>=55%, 1, 0)) -> #DIV/0! | AS60: =IF(OR(CSE4098C_Summer2026_Grade!$J46="W (Withdrawn)", CSE4098C_Summer2026_Grade!$J46="I (Incomplete)"), 0, IF(AI60>=55%, 1, 0)) -> #DIV/0! | AT60: =IF(OR(CSE4098C_Summer2026_Grade!$J46="W (Withdrawn)", CSE4098C_Summer2026_Grade!$J46="I (Incomplete)"), 0, IF(AJ60>=55%, 1, 0)) -> #DIV/0! | ... AV60: =IF(OR(CSE4098C_Summer2026_Grade!$J46="W (Withdrawn)", CSE4098C_Summer2026_Grade!$J46="I (Incomplete)"), 0, IF(AL60>=55%, 1, 0)) -> #DIV/0! | AX60: {=IF($AY$13=0,0,MMULT($AC60:$AL60, AY$3:AY$12)/$AY$13)} -> 0 | AY60: {=IF($AZ$13=0,0,MMULT($AC60:$AL60, AZ$3:AZ$12)/$AZ$13)} -> 0 | AZ60: {=IF($BA$13=0,0,MMULT($AC60:$AL60, BA$3:BA$12)/$BA$13)} -> 0 | BA60: {=IF($BB$13=0,0,MMULT($AC60:$AL60, BB$3:BB$12)/$BB$13)} -> 0.66230769 | BB60: {=IF($BC$13=0,0,MMULT($AC60:$AL60, BC$3:BC$12)/$BC$13)} -> 0 | BC60: {=IF($BD$13=0,0,MMULT($AC60:$AL60, BD$3:BD$12)/$BD$13)} -> 0 | BD60: {=IF($BE$13=0,0,MMULT($AC60:$AL60, BE$3:BE$12)/$BE$13)} -> 0 | BE60: {=IF($BF$13=0,0,MMULT($AC60:$AL60, BF$3:BF$12)/$BF$13)} -> 0 | BF60: {=IF($BG$13=0,0,MMULT($AC60:$AL60, BG$3:BG$12)/$BG$13)} -> 0 | BG60: {=IF($BH$13=0,0,MMULT($AC60:$AL60, BH$3:BH$12)/$BH$13)} -> 0.8868 | BH60: {=IF($BI$13=0,0,MMULT($AC60:$AL60, BI$3:BI$12)/$BI$13)} -> 0 | BI60: {=IF($BJ$13=0,0,MMULT($AC60:$AL60, BJ$3:BJ$12)/$BJ$13)} -> 0 | BJ60: =IF(OR(CSE4098C_Summer2026_Grade!$J46="W (Withdrawn)", CSE4098C_Summer2026_Grade!$J46="I (Incomplete)"), 0, IF(AX60>=55%, 1, 0)) -> #DIV/0! | BK60: =IF(OR(CSE4098C_Summer2026_Grade!$J46="W (Withdrawn)", CSE4098C_Summer2026_Grade!$J46="I (Incomplete)"), 0, IF(AY60>=55%, 1, 0)) -> #DIV/0! | BL60: =IF(OR(CSE4098C_Summer2026_Grade!$J46="W (Withdrawn)", CSE4098C_Summer2026_Grade!$J46="I (Incomplete)"), 0, IF(AZ60>=55%, 1, 0)) -> #DIV/0! | BM60: =IF(OR(CSE4098C_Summer2026_Grade!$J46="W (Withdrawn)", CSE4098C_Summer2026_Grade!$J46="I (Incomplete)"), 0, IF(BA60>=55%, 1, 0)) -> #DIV/0! | BN60: =IF(OR(CSE4098C_Summer2026_Grade!$J46="W (Withdrawn)", CSE4098C_Summer2026_Grade!$J46="I (Incomplete)"), 0, IF(BB60>=55%, 1, 0)) -> #DIV/0! | BO60: =IF(OR(CSE4098C_Summer2026_Grade!$J46="W (Withdrawn)", CSE4098C_Summer2026_Grade!$J46="I (Incomplete)"), 0, IF(BC60>=55%, 1, 0)) -> #DIV/0! | BP60: =IF(OR(CSE4098C_Summer2026_Grade!$J46="W (Withdrawn)", CSE4098C_Summer2026_Grade!$J46="I (Incomplete)"), 0, IF(BD60>=55%, 1, 0)) -> #DIV/0! | BQ60: =IF(OR(CSE4098C_Summer2026_Grade!$J46="W (Withdrawn)", CSE4098C_Summer2026_Grade!$J46="I (Incomplete)"), 0, IF(BE60>=55%, 1, 0)) -> #DIV/0! | ... BU60: =IF(OR(CSE4098C_Summer2026_Grade!$J46="W (Withdrawn)", CSE4098C_Summer2026_Grade!$J46="I (Incomplete)"), 0, IF(BI60>=55%, 1, 0)) -> #DIV/0!
A61: =A60+1 -> 43 | B61: 223014182 | C61: Abdullah Al Baki | D61: =CO_Report_Evaluation!AG46 -> 0 | E61: =CO_Report_Evaluation!AH46 -> 0 | F61: =CO_Report_Evaluation!AI46 -> 0 | G61: =CO_Report_Evaluation!AJ46 -> 0 | H61: =CO_Report_Evaluation!AK46 -> 0 | I61: =CO_Report_Evaluation!AL46 -> 0 | J61: =CO_Report_Evaluation!AM46 -> 0 | K61: =CO_Report_Evaluation!AN46 -> 0 | L61: =CSE4098C_Summer2026_Grade!G47 -> 0 | N61: =((CSE4098C_Summer2026_Grade!E47)*10)/25 -> 8.736 | Q61: 17.22 | S61: =D61 -> 0 | T61: =E61 -> 0 | U61: =F61 -> 0 | V61: =SUM(G61,P61) -> 0 | W61: =SUM(H61,Q61) -> 17.22 | X61: =SUM(I61,R61) -> 0 | Y61: =J61 -> 0 | Z61: =K61 -> 0 | AA61: =L61 -> 0 | AB61: =SUM(M61,N61) -> 8.736 | AC61: =IF(S61 = 0, 0, S61/S$18) -> 0 | AD61: =IF(T61 = 0, 0, T61/T$18) -> 0 | AE61: =IF(U61 = 0, 0, U61/U$18) -> 0 | AF61: =IF(V61 = 0, 0, V61/V$18) -> 0 | AG61: =IF(W61 = 0, 0, W61/W$18) -> 0.66230769 | AH61: =IF(X61 = 0, 0, X61/X$18) -> 0 | AI61: =IF(Y61 = 0, 0, Y61/Y$18) -> 0 | AJ61: =IF(Z61 = 0, 0, Z61/Z$18) -> 0 | ... AL61: =IF(AB61 = 0, 0, AB61/AB$18) -> 0.8736 | AM61: =IF(OR(CSE4098C_Summer2026_Grade!$J47="W (Withdrawn)", CSE4098C_Summer2026_Grade!$J47="I (Incomplete)"), 0, IF(AC61>=55%, 1, 0)) -> #DIV/0! | AN61: =IF(OR(CSE4098C_Summer2026_Grade!$J47="W (Withdrawn)", CSE4098C_Summer2026_Grade!$J47="I (Incomplete)"), 0, IF(AD61>=55%, 1, 0)) -> #DIV/0! | AO61: =IF(OR(CSE4098C_Summer2026_Grade!$J47="W (Withdrawn)", CSE4098C_Summer2026_Grade!$J47="I (Incomplete)"), 0, IF(AE61>=55%, 1, 0)) -> #DIV/0! | AP61: =IF(OR(CSE4098C_Summer2026_Grade!$J47="W (Withdrawn)", CSE4098C_Summer2026_Grade!$J47="I (Incomplete)"), 0, IF(AF61>=55%, 1, 0)) -> #DIV/0! | AQ61: =IF(OR(CSE4098C_Summer2026_Grade!$J47="W (Withdrawn)", CSE4098C_Summer2026_Grade!$J47="I (Incomplete)"), 0, IF(AG61>=55%, 1, 0)) -> #DIV/0! | AR61: =IF(OR(CSE4098C_Summer2026_Grade!$J47="W (Withdrawn)", CSE4098C_Summer2026_Grade!$J47="I (Incomplete)"), 0, IF(AH61>=55%, 1, 0)) -> #DIV/0! | AS61: =IF(OR(CSE4098C_Summer2026_Grade!$J47="W (Withdrawn)", CSE4098C_Summer2026_Grade!$J47="I (Incomplete)"), 0, IF(AI61>=55%, 1, 0)) -> #DIV/0! | AT61: =IF(OR(CSE4098C_Summer2026_Grade!$J47="W (Withdrawn)", CSE4098C_Summer2026_Grade!$J47="I (Incomplete)"), 0, IF(AJ61>=55%, 1, 0)) -> #DIV/0! | ... AV61: =IF(OR(CSE4098C_Summer2026_Grade!$J47="W (Withdrawn)", CSE4098C_Summer2026_Grade!$J47="I (Incomplete)"), 0, IF(AL61>=55%, 1, 0)) -> #DIV/0! | AX61: {=IF($AY$13=0,0,MMULT($AC61:$AL61, AY$3:AY$12)/$AY$13)} -> 0 | AY61: {=IF($AZ$13=0,0,MMULT($AC61:$AL61, AZ$3:AZ$12)/$AZ$13)} -> 0 | AZ61: {=IF($BA$13=0,0,MMULT($AC61:$AL61, BA$3:BA$12)/$BA$13)} -> 0 | BA61: {=IF($BB$13=0,0,MMULT($AC61:$AL61, BB$3:BB$12)/$BB$13)} -> 0.66230769 | BB61: {=IF($BC$13=0,0,MMULT($AC61:$AL61, BC$3:BC$12)/$BC$13)} -> 0 | BC61: {=IF($BD$13=0,0,MMULT($AC61:$AL61, BD$3:BD$12)/$BD$13)} -> 0 | BD61: {=IF($BE$13=0,0,MMULT($AC61:$AL61, BE$3:BE$12)/$BE$13)} -> 0 | BE61: {=IF($BF$13=0,0,MMULT($AC61:$AL61, BF$3:BF$12)/$BF$13)} -> 0 | BF61: {=IF($BG$13=0,0,MMULT($AC61:$AL61, BG$3:BG$12)/$BG$13)} -> 0 | BG61: {=IF($BH$13=0,0,MMULT($AC61:$AL61, BH$3:BH$12)/$BH$13)} -> 0.8736 | BH61: {=IF($BI$13=0,0,MMULT($AC61:$AL61, BI$3:BI$12)/$BI$13)} -> 0 | BI61: {=IF($BJ$13=0,0,MMULT($AC61:$AL61, BJ$3:BJ$12)/$BJ$13)} -> 0 | BJ61: =IF(OR(CSE4098C_Summer2026_Grade!$J47="W (Withdrawn)", CSE4098C_Summer2026_Grade!$J47="I (Incomplete)"), 0, IF(AX61>=55%, 1, 0)) -> #DIV/0! | BK61: =IF(OR(CSE4098C_Summer2026_Grade!$J47="W (Withdrawn)", CSE4098C_Summer2026_Grade!$J47="I (Incomplete)"), 0, IF(AY61>=55%, 1, 0)) -> #DIV/0! | BL61: =IF(OR(CSE4098C_Summer2026_Grade!$J47="W (Withdrawn)", CSE4098C_Summer2026_Grade!$J47="I (Incomplete)"), 0, IF(AZ61>=55%, 1, 0)) -> #DIV/0! | BM61: =IF(OR(CSE4098C_Summer2026_Grade!$J47="W (Withdrawn)", CSE4098C_Summer2026_Grade!$J47="I (Incomplete)"), 0, IF(BA61>=55%, 1, 0)) -> #DIV/0! | BN61: =IF(OR(CSE4098C_Summer2026_Grade!$J47="W (Withdrawn)", CSE4098C_Summer2026_Grade!$J47="I (Incomplete)"), 0, IF(BB61>=55%, 1, 0)) -> #DIV/0! | BO61: =IF(OR(CSE4098C_Summer2026_Grade!$J47="W (Withdrawn)", CSE4098C_Summer2026_Grade!$J47="I (Incomplete)"), 0, IF(BC61>=55%, 1, 0)) -> #DIV/0! | BP61: =IF(OR(CSE4098C_Summer2026_Grade!$J47="W (Withdrawn)", CSE4098C_Summer2026_Grade!$J47="I (Incomplete)"), 0, IF(BD61>=55%, 1, 0)) -> #DIV/0! | BQ61: =IF(OR(CSE4098C_Summer2026_Grade!$J47="W (Withdrawn)", CSE4098C_Summer2026_Grade!$J47="I (Incomplete)"), 0, IF(BE61>=55%, 1, 0)) -> #DIV/0! | ... BU61: =IF(OR(CSE4098C_Summer2026_Grade!$J47="W (Withdrawn)", CSE4098C_Summer2026_Grade!$J47="I (Incomplete)"), 0, IF(BI61>=55%, 1, 0)) -> #DIV/0!
A62: =A61+1 -> 44 | B62: 223014127 | C62: Md. Arif Hossain Mir | D62: =CO_Report_Evaluation!AG47 -> 0 | E62: =CO_Report_Evaluation!AH47 -> 0 | F62: =CO_Report_Evaluation!AI47 -> 0 | G62: =CO_Report_Evaluation!AJ47 -> 0 | H62: =CO_Report_Evaluation!AK47 -> 0 | I62: =CO_Report_Evaluation!AL47 -> 0 | J62: =CO_Report_Evaluation!AM47 -> 0 | K62: =CO_Report_Evaluation!AN47 -> 0 | L62: =CSE4098C_Summer2026_Grade!G48 -> 0 | N62: =((CSE4098C_Summer2026_Grade!E48)*10)/25 -> 6.58 | Q62: 15.55 | S62: =D62 -> 0 | T62: =E62 -> 0 | U62: =F62 -> 0 | V62: =SUM(G62,P62) -> 0 | W62: =SUM(H62,Q62) -> 15.55 | X62: =SUM(I62,R62) -> 0 | Y62: =J62 -> 0 | Z62: =K62 -> 0 | AA62: =L62 -> 0 | AB62: =SUM(M62,N62) -> 6.58 | AC62: =IF(S62 = 0, 0, S62/S$18) -> 0 | AD62: =IF(T62 = 0, 0, T62/T$18) -> 0 | AE62: =IF(U62 = 0, 0, U62/U$18) -> 0 | AF62: =IF(V62 = 0, 0, V62/V$18) -> 0 | AG62: =IF(W62 = 0, 0, W62/W$18) -> 0.59807692 | AH62: =IF(X62 = 0, 0, X62/X$18) -> 0 | AI62: =IF(Y62 = 0, 0, Y62/Y$18) -> 0 | AJ62: =IF(Z62 = 0, 0, Z62/Z$18) -> 0 | ... AL62: =IF(AB62 = 0, 0, AB62/AB$18) -> 0.658 | AM62: =IF(OR(CSE4098C_Summer2026_Grade!$J48="W (Withdrawn)", CSE4098C_Summer2026_Grade!$J48="I (Incomplete)"), 0, IF(AC62>=55%, 1, 0)) -> #DIV/0! | AN62: =IF(OR(CSE4098C_Summer2026_Grade!$J48="W (Withdrawn)", CSE4098C_Summer2026_Grade!$J48="I (Incomplete)"), 0, IF(AD62>=55%, 1, 0)) -> #DIV/0! | AO62: =IF(OR(CSE4098C_Summer2026_Grade!$J48="W (Withdrawn)", CSE4098C_Summer2026_Grade!$J48="I (Incomplete)"), 0, IF(AE62>=55%, 1, 0)) -> #DIV/0! | AP62: =IF(OR(CSE4098C_Summer2026_Grade!$J48="W (Withdrawn)", CSE4098C_Summer2026_Grade!$J48="I (Incomplete)"), 0, IF(AF62>=55%, 1, 0)) -> #DIV/0! | AQ62: =IF(OR(CSE4098C_Summer2026_Grade!$J48="W (Withdrawn)", CSE4098C_Summer2026_Grade!$J48="I (Incomplete)"), 0, IF(AG62>=55%, 1, 0)) -> #DIV/0! | AR62: =IF(OR(CSE4098C_Summer2026_Grade!$J48="W (Withdrawn)", CSE4098C_Summer2026_Grade!$J48="I (Incomplete)"), 0, IF(AH62>=55%, 1, 0)) -> #DIV/0! | AS62: =IF(OR(CSE4098C_Summer2026_Grade!$J48="W (Withdrawn)", CSE4098C_Summer2026_Grade!$J48="I (Incomplete)"), 0, IF(AI62>=55%, 1, 0)) -> #DIV/0! | AT62: =IF(OR(CSE4098C_Summer2026_Grade!$J48="W (Withdrawn)", CSE4098C_Summer2026_Grade!$J48="I (Incomplete)"), 0, IF(AJ62>=55%, 1, 0)) -> #DIV/0! | ... AV62: =IF(OR(CSE4098C_Summer2026_Grade!$J48="W (Withdrawn)", CSE4098C_Summer2026_Grade!$J48="I (Incomplete)"), 0, IF(AL62>=55%, 1, 0)) -> #DIV/0! | AX62: {=IF($AY$13=0,0,MMULT($AC62:$AL62, AY$3:AY$12)/$AY$13)} -> 0 | AY62: {=IF($AZ$13=0,0,MMULT($AC62:$AL62, AZ$3:AZ$12)/$AZ$13)} -> 0 | AZ62: {=IF($BA$13=0,0,MMULT($AC62:$AL62, BA$3:BA$12)/$BA$13)} -> 0 | BA62: {=IF($BB$13=0,0,MMULT($AC62:$AL62, BB$3:BB$12)/$BB$13)} -> 0.59807692 | BB62: {=IF($BC$13=0,0,MMULT($AC62:$AL62, BC$3:BC$12)/$BC$13)} -> 0 | BC62: {=IF($BD$13=0,0,MMULT($AC62:$AL62, BD$3:BD$12)/$BD$13)} -> 0 | BD62: {=IF($BE$13=0,0,MMULT($AC62:$AL62, BE$3:BE$12)/$BE$13)} -> 0 | BE62: {=IF($BF$13=0,0,MMULT($AC62:$AL62, BF$3:BF$12)/$BF$13)} -> 0 | BF62: {=IF($BG$13=0,0,MMULT($AC62:$AL62, BG$3:BG$12)/$BG$13)} -> 0 | BG62: {=IF($BH$13=0,0,MMULT($AC62:$AL62, BH$3:BH$12)/$BH$13)} -> 0.658 | BH62: {=IF($BI$13=0,0,MMULT($AC62:$AL62, BI$3:BI$12)/$BI$13)} -> 0 | BI62: {=IF($BJ$13=0,0,MMULT($AC62:$AL62, BJ$3:BJ$12)/$BJ$13)} -> 0 | BJ62: =IF(OR(CSE4098C_Summer2026_Grade!$J48="W (Withdrawn)", CSE4098C_Summer2026_Grade!$J48="I (Incomplete)"), 0, IF(AX62>=55%, 1, 0)) -> #DIV/0! | BK62: =IF(OR(CSE4098C_Summer2026_Grade!$J48="W (Withdrawn)", CSE4098C_Summer2026_Grade!$J48="I (Incomplete)"), 0, IF(AY62>=55%, 1, 0)) -> #DIV/0! | BL62: =IF(OR(CSE4098C_Summer2026_Grade!$J48="W (Withdrawn)", CSE4098C_Summer2026_Grade!$J48="I (Incomplete)"), 0, IF(AZ62>=55%, 1, 0)) -> #DIV/0! | BM62: =IF(OR(CSE4098C_Summer2026_Grade!$J48="W (Withdrawn)", CSE4098C_Summer2026_Grade!$J48="I (Incomplete)"), 0, IF(BA62>=55%, 1, 0)) -> #DIV/0! | BN62: =IF(OR(CSE4098C_Summer2026_Grade!$J48="W (Withdrawn)", CSE4098C_Summer2026_Grade!$J48="I (Incomplete)"), 0, IF(BB62>=55%, 1, 0)) -> #DIV/0! | BO62: =IF(OR(CSE4098C_Summer2026_Grade!$J48="W (Withdrawn)", CSE4098C_Summer2026_Grade!$J48="I (Incomplete)"), 0, IF(BC62>=55%, 1, 0)) -> #DIV/0! | BP62: =IF(OR(CSE4098C_Summer2026_Grade!$J48="W (Withdrawn)", CSE4098C_Summer2026_Grade!$J48="I (Incomplete)"), 0, IF(BD62>=55%, 1, 0)) -> #DIV/0! | BQ62: =IF(OR(CSE4098C_Summer2026_Grade!$J48="W (Withdrawn)", CSE4098C_Summer2026_Grade!$J48="I (Incomplete)"), 0, IF(BE62>=55%, 1, 0)) -> #DIV/0! | ... BU62: =IF(OR(CSE4098C_Summer2026_Grade!$J48="W (Withdrawn)", CSE4098C_Summer2026_Grade!$J48="I (Incomplete)"), 0, IF(BI62>=55%, 1, 0)) -> #DIV/0!
A63: =A62+1 -> 45 | B63: 223014011 | C63: Isnat Jahan Ome | D63: =CO_Report_Evaluation!AG48 -> 0 | E63: =CO_Report_Evaluation!AH48 -> 0 | F63: =CO_Report_Evaluation!AI48 -> 0 | G63: =CO_Report_Evaluation!AJ48 -> 0 | H63: =CO_Report_Evaluation!AK48 -> 0 | I63: =CO_Report_Evaluation!AL48 -> 0 | J63: =CO_Report_Evaluation!AM48 -> 0 | K63: =CO_Report_Evaluation!AN48 -> 0 | L63: =CSE4098C_Summer2026_Grade!G49 -> 0 | N63: =((CSE4098C_Summer2026_Grade!E49)*10)/25 -> 6.58 | Q63: 15.55 | S63: =D63 -> 0 | T63: =E63 -> 0 | U63: =F63 -> 0 | V63: =SUM(G63,P63) -> 0 | W63: =SUM(H63,Q63) -> 15.55 | X63: =SUM(I63,R63) -> 0 | Y63: =J63 -> 0 | Z63: =K63 -> 0 | AA63: =L63 -> 0 | AB63: =SUM(M63,N63) -> 6.58 | AC63: =IF(S63 = 0, 0, S63/S$18) -> 0 | AD63: =IF(T63 = 0, 0, T63/T$18) -> 0 | AE63: =IF(U63 = 0, 0, U63/U$18) -> 0 | AF63: =IF(V63 = 0, 0, V63/V$18) -> 0 | AG63: =IF(W63 = 0, 0, W63/W$18) -> 0.59807692 | AH63: =IF(X63 = 0, 0, X63/X$18) -> 0 | AI63: =IF(Y63 = 0, 0, Y63/Y$18) -> 0 | AJ63: =IF(Z63 = 0, 0, Z63/Z$18) -> 0 | ... AL63: =IF(AB63 = 0, 0, AB63/AB$18) -> 0.658 | AM63: =IF(OR(CSE4098C_Summer2026_Grade!$J49="W (Withdrawn)", CSE4098C_Summer2026_Grade!$J49="I (Incomplete)"), 0, IF(AC63>=55%, 1, 0)) -> #DIV/0! | AN63: =IF(OR(CSE4098C_Summer2026_Grade!$J49="W (Withdrawn)", CSE4098C_Summer2026_Grade!$J49="I (Incomplete)"), 0, IF(AD63>=55%, 1, 0)) -> #DIV/0! | AO63: =IF(OR(CSE4098C_Summer2026_Grade!$J49="W (Withdrawn)", CSE4098C_Summer2026_Grade!$J49="I (Incomplete)"), 0, IF(AE63>=55%, 1, 0)) -> #DIV/0! | AP63: =IF(OR(CSE4098C_Summer2026_Grade!$J49="W (Withdrawn)", CSE4098C_Summer2026_Grade!$J49="I (Incomplete)"), 0, IF(AF63>=55%, 1, 0)) -> #DIV/0! | AQ63: =IF(OR(CSE4098C_Summer2026_Grade!$J49="W (Withdrawn)", CSE4098C_Summer2026_Grade!$J49="I (Incomplete)"), 0, IF(AG63>=55%, 1, 0)) -> #DIV/0! | AR63: =IF(OR(CSE4098C_Summer2026_Grade!$J49="W (Withdrawn)", CSE4098C_Summer2026_Grade!$J49="I (Incomplete)"), 0, IF(AH63>=55%, 1, 0)) -> #DIV/0! | AS63: =IF(OR(CSE4098C_Summer2026_Grade!$J49="W (Withdrawn)", CSE4098C_Summer2026_Grade!$J49="I (Incomplete)"), 0, IF(AI63>=55%, 1, 0)) -> #DIV/0! | AT63: =IF(OR(CSE4098C_Summer2026_Grade!$J49="W (Withdrawn)", CSE4098C_Summer2026_Grade!$J49="I (Incomplete)"), 0, IF(AJ63>=55%, 1, 0)) -> #DIV/0! | ... AV63: =IF(OR(CSE4098C_Summer2026_Grade!$J49="W (Withdrawn)", CSE4098C_Summer2026_Grade!$J49="I (Incomplete)"), 0, IF(AL63>=55%, 1, 0)) -> #DIV/0! | AX63: {=IF($AY$13=0,0,MMULT($AC63:$AL63, AY$3:AY$12)/$AY$13)} -> 0 | AY63: {=IF($AZ$13=0,0,MMULT($AC63:$AL63, AZ$3:AZ$12)/$AZ$13)} -> 0 | AZ63: {=IF($BA$13=0,0,MMULT($AC63:$AL63, BA$3:BA$12)/$BA$13)} -> 0 | BA63: {=IF($BB$13=0,0,MMULT($AC63:$AL63, BB$3:BB$12)/$BB$13)} -> 0.59807692 | BB63: {=IF($BC$13=0,0,MMULT($AC63:$AL63, BC$3:BC$12)/$BC$13)} -> 0 | BC63: {=IF($BD$13=0,0,MMULT($AC63:$AL63, BD$3:BD$12)/$BD$13)} -> 0 | BD63: {=IF($BE$13=0,0,MMULT($AC63:$AL63, BE$3:BE$12)/$BE$13)} -> 0 | BE63: {=IF($BF$13=0,0,MMULT($AC63:$AL63, BF$3:BF$12)/$BF$13)} -> 0 | BF63: {=IF($BG$13=0,0,MMULT($AC63:$AL63, BG$3:BG$12)/$BG$13)} -> 0 | BG63: {=IF($BH$13=0,0,MMULT($AC63:$AL63, BH$3:BH$12)/$BH$13)} -> 0.658 | BH63: {=IF($BI$13=0,0,MMULT($AC63:$AL63, BI$3:BI$12)/$BI$13)} -> 0 | BI63: {=IF($BJ$13=0,0,MMULT($AC63:$AL63, BJ$3:BJ$12)/$BJ$13)} -> 0 | BJ63: =IF(OR(CSE4098C_Summer2026_Grade!$J49="W (Withdrawn)", CSE4098C_Summer2026_Grade!$J49="I (Incomplete)"), 0, IF(AX63>=55%, 1, 0)) -> #DIV/0! | BK63: =IF(OR(CSE4098C_Summer2026_Grade!$J49="W (Withdrawn)", CSE4098C_Summer2026_Grade!$J49="I (Incomplete)"), 0, IF(AY63>=55%, 1, 0)) -> #DIV/0! | BL63: =IF(OR(CSE4098C_Summer2026_Grade!$J49="W (Withdrawn)", CSE4098C_Summer2026_Grade!$J49="I (Incomplete)"), 0, IF(AZ63>=55%, 1, 0)) -> #DIV/0! | BM63: =IF(OR(CSE4098C_Summer2026_Grade!$J49="W (Withdrawn)", CSE4098C_Summer2026_Grade!$J49="I (Incomplete)"), 0, IF(BA63>=55%, 1, 0)) -> #DIV/0! | BN63: =IF(OR(CSE4098C_Summer2026_Grade!$J49="W (Withdrawn)", CSE4098C_Summer2026_Grade!$J49="I (Incomplete)"), 0, IF(BB63>=55%, 1, 0)) -> #DIV/0! | BO63: =IF(OR(CSE4098C_Summer2026_Grade!$J49="W (Withdrawn)", CSE4098C_Summer2026_Grade!$J49="I (Incomplete)"), 0, IF(BC63>=55%, 1, 0)) -> #DIV/0! | BP63: =IF(OR(CSE4098C_Summer2026_Grade!$J49="W (Withdrawn)", CSE4098C_Summer2026_Grade!$J49="I (Incomplete)"), 0, IF(BD63>=55%, 1, 0)) -> #DIV/0! | BQ63: =IF(OR(CSE4098C_Summer2026_Grade!$J49="W (Withdrawn)", CSE4098C_Summer2026_Grade!$J49="I (Incomplete)"), 0, IF(BE63>=55%, 1, 0)) -> #DIV/0! | ... BU63: =IF(OR(CSE4098C_Summer2026_Grade!$J49="W (Withdrawn)", CSE4098C_Summer2026_Grade!$J49="I (Incomplete)"), 0, IF(BI63>=55%, 1, 0)) -> #DIV/0!
A64: =A63+1 -> 46 | B64: 231014007 | C64: Hasib Mahmud | D64: =CO_Report_Evaluation!AG49 -> 0 | E64: =CO_Report_Evaluation!AH49 -> 0 | F64: =CO_Report_Evaluation!AI49 -> 0 | G64: =CO_Report_Evaluation!AJ49 -> 0 | H64: =CO_Report_Evaluation!AK49 -> 0 | I64: =CO_Report_Evaluation!AL49 -> 0 | J64: =CO_Report_Evaluation!AM49 -> 0 | K64: =CO_Report_Evaluation!AN49 -> 0 | L64: =CSE4098C_Summer2026_Grade!G50 -> 0 | N64: =((CSE4098C_Summer2026_Grade!E50)*10)/25 -> 6.58 | Q64: 15.55 | S64: =D64 -> 0 | T64: =E64 -> 0 | U64: =F64 -> 0 | V64: =SUM(G64,P64) -> 0 | W64: =SUM(H64,Q64) -> 15.55 | X64: =SUM(I64,R64) -> 0 | Y64: =J64 -> 0 | Z64: =K64 -> 0 | AA64: =L64 -> 0 | AB64: =SUM(M64,N64) -> 6.58 | AC64: =IF(S64 = 0, 0, S64/S$18) -> 0 | AD64: =IF(T64 = 0, 0, T64/T$18) -> 0 | AE64: =IF(U64 = 0, 0, U64/U$18) -> 0 | AF64: =IF(V64 = 0, 0, V64/V$18) -> 0 | AG64: =IF(W64 = 0, 0, W64/W$18) -> 0.59807692 | AH64: =IF(X64 = 0, 0, X64/X$18) -> 0 | AI64: =IF(Y64 = 0, 0, Y64/Y$18) -> 0 | AJ64: =IF(Z64 = 0, 0, Z64/Z$18) -> 0 | ... AL64: =IF(AB64 = 0, 0, AB64/AB$18) -> 0.658 | AM64: =IF(OR(CSE4098C_Summer2026_Grade!$J50="W (Withdrawn)", CSE4098C_Summer2026_Grade!$J50="I (Incomplete)"), 0, IF(AC64>=55%, 1, 0)) -> #DIV/0! | AN64: =IF(OR(CSE4098C_Summer2026_Grade!$J50="W (Withdrawn)", CSE4098C_Summer2026_Grade!$J50="I (Incomplete)"), 0, IF(AD64>=55%, 1, 0)) -> #DIV/0! | AO64: =IF(OR(CSE4098C_Summer2026_Grade!$J50="W (Withdrawn)", CSE4098C_Summer2026_Grade!$J50="I (Incomplete)"), 0, IF(AE64>=55%, 1, 0)) -> #DIV/0! | AP64: =IF(OR(CSE4098C_Summer2026_Grade!$J50="W (Withdrawn)", CSE4098C_Summer2026_Grade!$J50="I (Incomplete)"), 0, IF(AF64>=55%, 1, 0)) -> #DIV/0! | AQ64: =IF(OR(CSE4098C_Summer2026_Grade!$J50="W (Withdrawn)", CSE4098C_Summer2026_Grade!$J50="I (Incomplete)"), 0, IF(AG64>=55%, 1, 0)) -> #DIV/0! | AR64: =IF(OR(CSE4098C_Summer2026_Grade!$J50="W (Withdrawn)", CSE4098C_Summer2026_Grade!$J50="I (Incomplete)"), 0, IF(AH64>=55%, 1, 0)) -> #DIV/0! | AS64: =IF(OR(CSE4098C_Summer2026_Grade!$J50="W (Withdrawn)", CSE4098C_Summer2026_Grade!$J50="I (Incomplete)"), 0, IF(AI64>=55%, 1, 0)) -> #DIV/0! | AT64: =IF(OR(CSE4098C_Summer2026_Grade!$J50="W (Withdrawn)", CSE4098C_Summer2026_Grade!$J50="I (Incomplete)"), 0, IF(AJ64>=55%, 1, 0)) -> #DIV/0! | ... AV64: =IF(OR(CSE4098C_Summer2026_Grade!$J50="W (Withdrawn)", CSE4098C_Summer2026_Grade!$J50="I (Incomplete)"), 0, IF(AL64>=55%, 1, 0)) -> #DIV/0! | AX64: {=IF($AY$13=0,0,MMULT($AC64:$AL64, AY$3:AY$12)/$AY$13)} -> 0 | AY64: {=IF($AZ$13=0,0,MMULT($AC64:$AL64, AZ$3:AZ$12)/$AZ$13)} -> 0 | AZ64: {=IF($BA$13=0,0,MMULT($AC64:$AL64, BA$3:BA$12)/$BA$13)} -> 0 | BA64: {=IF($BB$13=0,0,MMULT($AC64:$AL64, BB$3:BB$12)/$BB$13)} -> 0.59807692 | BB64: {=IF($BC$13=0,0,MMULT($AC64:$AL64, BC$3:BC$12)/$BC$13)} -> 0 | BC64: {=IF($BD$13=0,0,MMULT($AC64:$AL64, BD$3:BD$12)/$BD$13)} -> 0 | BD64: {=IF($BE$13=0,0,MMULT($AC64:$AL64, BE$3:BE$12)/$BE$13)} -> 0 | BE64: {=IF($BF$13=0,0,MMULT($AC64:$AL64, BF$3:BF$12)/$BF$13)} -> 0 | BF64: {=IF($BG$13=0,0,MMULT($AC64:$AL64, BG$3:BG$12)/$BG$13)} -> 0 | BG64: {=IF($BH$13=0,0,MMULT($AC64:$AL64, BH$3:BH$12)/$BH$13)} -> 0.658 | BH64: {=IF($BI$13=0,0,MMULT($AC64:$AL64, BI$3:BI$12)/$BI$13)} -> 0 | BI64: {=IF($BJ$13=0,0,MMULT($AC64:$AL64, BJ$3:BJ$12)/$BJ$13)} -> 0 | BJ64: =IF(OR(CSE4098C_Summer2026_Grade!$J50="W (Withdrawn)", CSE4098C_Summer2026_Grade!$J50="I (Incomplete)"), 0, IF(AX64>=55%, 1, 0)) -> #DIV/0! | BK64: =IF(OR(CSE4098C_Summer2026_Grade!$J50="W (Withdrawn)", CSE4098C_Summer2026_Grade!$J50="I (Incomplete)"), 0, IF(AY64>=55%, 1, 0)) -> #DIV/0! | BL64: =IF(OR(CSE4098C_Summer2026_Grade!$J50="W (Withdrawn)", CSE4098C_Summer2026_Grade!$J50="I (Incomplete)"), 0, IF(AZ64>=55%, 1, 0)) -> #DIV/0! | BM64: =IF(OR(CSE4098C_Summer2026_Grade!$J50="W (Withdrawn)", CSE4098C_Summer2026_Grade!$J50="I (Incomplete)"), 0, IF(BA64>=55%, 1, 0)) -> #DIV/0! | BN64: =IF(OR(CSE4098C_Summer2026_Grade!$J50="W (Withdrawn)", CSE4098C_Summer2026_Grade!$J50="I (Incomplete)"), 0, IF(BB64>=55%, 1, 0)) -> #DIV/0! | BO64: =IF(OR(CSE4098C_Summer2026_Grade!$J50="W (Withdrawn)", CSE4098C_Summer2026_Grade!$J50="I (Incomplete)"), 0, IF(BC64>=55%, 1, 0)) -> #DIV/0! | BP64: =IF(OR(CSE4098C_Summer2026_Grade!$J50="W (Withdrawn)", CSE4098C_Summer2026_Grade!$J50="I (Incomplete)"), 0, IF(BD64>=55%, 1, 0)) -> #DIV/0! | BQ64: =IF(OR(CSE4098C_Summer2026_Grade!$J50="W (Withdrawn)", CSE4098C_Summer2026_Grade!$J50="I (Incomplete)"), 0, IF(BE64>=55%, 1, 0)) -> #DIV/0! | ... BU64: =IF(OR(CSE4098C_Summer2026_Grade!$J50="W (Withdrawn)", CSE4098C_Summer2026_Grade!$J50="I (Incomplete)"), 0, IF(BI64>=55%, 1, 0)) -> #DIV/0!
A65: =A64+1 -> 47 | B65: 212014015 | C65: Redwan Ahamad Samir | D65: =CO_Report_Evaluation!AG50 -> 0 | E65: =CO_Report_Evaluation!AH50 -> 0 | F65: =CO_Report_Evaluation!AI50 -> 0 | G65: =CO_Report_Evaluation!AJ50 -> 0 | H65: =CO_Report_Evaluation!AK50 -> 0 | I65: =CO_Report_Evaluation!AL50 -> 0 | J65: =CO_Report_Evaluation!AM50 -> 0 | K65: =CO_Report_Evaluation!AN50 -> 0 | L65: =CSE4098C_Summer2026_Grade!G51 -> 0 | N65: =((CSE4098C_Summer2026_Grade!E51)*10)/25 -> 8.444 | Q65: 15.55 | S65: =D65 -> 0 | T65: =E65 -> 0 | U65: =F65 -> 0 | V65: =SUM(G65,P65) -> 0 | W65: =SUM(H65,Q65) -> 15.55 | X65: =SUM(I65,R65) -> 0 | Y65: =J65 -> 0 | Z65: =K65 -> 0 | AA65: =L65 -> 0 | AB65: =SUM(M65,N65) -> 8.444 | AC65: =IF(S65 = 0, 0, S65/S$18) -> 0 | AD65: =IF(T65 = 0, 0, T65/T$18) -> 0 | AE65: =IF(U65 = 0, 0, U65/U$18) -> 0 | AF65: =IF(V65 = 0, 0, V65/V$18) -> 0 | AG65: =IF(W65 = 0, 0, W65/W$18) -> 0.59807692 | AH65: =IF(X65 = 0, 0, X65/X$18) -> 0 | AI65: =IF(Y65 = 0, 0, Y65/Y$18) -> 0 | AJ65: =IF(Z65 = 0, 0, Z65/Z$18) -> 0 | ... AL65: =IF(AB65 = 0, 0, AB65/AB$18) -> 0.8444 | AM65: =IF(OR(CSE4098C_Summer2026_Grade!$J51="W (Withdrawn)", CSE4098C_Summer2026_Grade!$J51="I (Incomplete)"), 0, IF(AC65>=55%, 1, 0)) -> #DIV/0! | AN65: =IF(OR(CSE4098C_Summer2026_Grade!$J51="W (Withdrawn)", CSE4098C_Summer2026_Grade!$J51="I (Incomplete)"), 0, IF(AD65>=55%, 1, 0)) -> #DIV/0! | AO65: =IF(OR(CSE4098C_Summer2026_Grade!$J51="W (Withdrawn)", CSE4098C_Summer2026_Grade!$J51="I (Incomplete)"), 0, IF(AE65>=55%, 1, 0)) -> #DIV/0! | AP65: =IF(OR(CSE4098C_Summer2026_Grade!$J51="W (Withdrawn)", CSE4098C_Summer2026_Grade!$J51="I (Incomplete)"), 0, IF(AF65>=55%, 1, 0)) -> #DIV/0! | AQ65: =IF(OR(CSE4098C_Summer2026_Grade!$J51="W (Withdrawn)", CSE4098C_Summer2026_Grade!$J51="I (Incomplete)"), 0, IF(AG65>=55%, 1, 0)) -> #DIV/0! | AR65: =IF(OR(CSE4098C_Summer2026_Grade!$J51="W (Withdrawn)", CSE4098C_Summer2026_Grade!$J51="I (Incomplete)"), 0, IF(AH65>=55%, 1, 0)) -> #DIV/0! | AS65: =IF(OR(CSE4098C_Summer2026_Grade!$J51="W (Withdrawn)", CSE4098C_Summer2026_Grade!$J51="I (Incomplete)"), 0, IF(AI65>=55%, 1, 0)) -> #DIV/0! | AT65: =IF(OR(CSE4098C_Summer2026_Grade!$J51="W (Withdrawn)", CSE4098C_Summer2026_Grade!$J51="I (Incomplete)"), 0, IF(AJ65>=55%, 1, 0)) -> #DIV/0! | ... AV65: =IF(OR(CSE4098C_Summer2026_Grade!$J51="W (Withdrawn)", CSE4098C_Summer2026_Grade!$J51="I (Incomplete)"), 0, IF(AL65>=55%, 1, 0)) -> #DIV/0! | AX65: {=IF($AY$13=0,0,MMULT($AC65:$AL65, AY$3:AY$12)/$AY$13)} -> 0 | AY65: {=IF($AZ$13=0,0,MMULT($AC65:$AL65, AZ$3:AZ$12)/$AZ$13)} -> 0 | AZ65: {=IF($BA$13=0,0,MMULT($AC65:$AL65, BA$3:BA$12)/$BA$13)} -> 0 | BA65: {=IF($BB$13=0,0,MMULT($AC65:$AL65, BB$3:BB$12)/$BB$13)} -> 0.59807692 | BB65: {=IF($BC$13=0,0,MMULT($AC65:$AL65, BC$3:BC$12)/$BC$13)} -> 0 | BC65: {=IF($BD$13=0,0,MMULT($AC65:$AL65, BD$3:BD$12)/$BD$13)} -> 0 | BD65: {=IF($BE$13=0,0,MMULT($AC65:$AL65, BE$3:BE$12)/$BE$13)} -> 0 | BE65: {=IF($BF$13=0,0,MMULT($AC65:$AL65, BF$3:BF$12)/$BF$13)} -> 0 | BF65: {=IF($BG$13=0,0,MMULT($AC65:$AL65, BG$3:BG$12)/$BG$13)} -> 0 | BG65: {=IF($BH$13=0,0,MMULT($AC65:$AL65, BH$3:BH$12)/$BH$13)} -> 0.8444 | BH65: {=IF($BI$13=0,0,MMULT($AC65:$AL65, BI$3:BI$12)/$BI$13)} -> 0 | BI65: {=IF($BJ$13=0,0,MMULT($AC65:$AL65, BJ$3:BJ$12)/$BJ$13)} -> 0 | BJ65: =IF(OR(CSE4098C_Summer2026_Grade!$J51="W (Withdrawn)", CSE4098C_Summer2026_Grade!$J51="I (Incomplete)"), 0, IF(AX65>=55%, 1, 0)) -> #DIV/0! | BK65: =IF(OR(CSE4098C_Summer2026_Grade!$J51="W (Withdrawn)", CSE4098C_Summer2026_Grade!$J51="I (Incomplete)"), 0, IF(AY65>=55%, 1, 0)) -> #DIV/0! | BL65: =IF(OR(CSE4098C_Summer2026_Grade!$J51="W (Withdrawn)", CSE4098C_Summer2026_Grade!$J51="I (Incomplete)"), 0, IF(AZ65>=55%, 1, 0)) -> #DIV/0! | BM65: =IF(OR(CSE4098C_Summer2026_Grade!$J51="W (Withdrawn)", CSE4098C_Summer2026_Grade!$J51="I (Incomplete)"), 0, IF(BA65>=55%, 1, 0)) -> #DIV/0! | BN65: =IF(OR(CSE4098C_Summer2026_Grade!$J51="W (Withdrawn)", CSE4098C_Summer2026_Grade!$J51="I (Incomplete)"), 0, IF(BB65>=55%, 1, 0)) -> #DIV/0! | BO65: =IF(OR(CSE4098C_Summer2026_Grade!$J51="W (Withdrawn)", CSE4098C_Summer2026_Grade!$J51="I (Incomplete)"), 0, IF(BC65>=55%, 1, 0)) -> #DIV/0! | BP65: =IF(OR(CSE4098C_Summer2026_Grade!$J51="W (Withdrawn)", CSE4098C_Summer2026_Grade!$J51="I (Incomplete)"), 0, IF(BD65>=55%, 1, 0)) -> #DIV/0! | BQ65: =IF(OR(CSE4098C_Summer2026_Grade!$J51="W (Withdrawn)", CSE4098C_Summer2026_Grade!$J51="I (Incomplete)"), 0, IF(BE65>=55%, 1, 0)) -> #DIV/0! | ... BU65: =IF(OR(CSE4098C_Summer2026_Grade!$J51="W (Withdrawn)", CSE4098C_Summer2026_Grade!$J51="I (Incomplete)"), 0, IF(BI65>=55%, 1, 0)) -> #DIV/0!
A66: =A65+1 -> 48 | B66: 223014050 | C66: Samia Rahman | D66: =CO_Report_Evaluation!AG51 -> 0 | E66: =CO_Report_Evaluation!AH51 -> 0 | F66: =CO_Report_Evaluation!AI51 -> 0 | G66: =CO_Report_Evaluation!AJ51 -> 0 | H66: =CO_Report_Evaluation!AK51 -> 0 | I66: =CO_Report_Evaluation!AL51 -> 0 | J66: =CO_Report_Evaluation!AM51 -> 0 | K66: =CO_Report_Evaluation!AN51 -> 0 | L66: =CSE4098C_Summer2026_Grade!G52 -> 0 | N66: =((CSE4098C_Summer2026_Grade!E52)*10)/25 -> 8.088 | Q66: 14.44 | S66: =D66 -> 0 | T66: =E66 -> 0 | U66: =F66 -> 0 | V66: =SUM(G66,P66) -> 0 | W66: =SUM(H66,Q66) -> 14.44 | X66: =SUM(I66,R66) -> 0 | Y66: =J66 -> 0 | Z66: =K66 -> 0 | AA66: =L66 -> 0 | AB66: =SUM(M66,N66) -> 8.088 | AC66: =IF(S66 = 0, 0, S66/S$18) -> 0 | AD66: =IF(T66 = 0, 0, T66/T$18) -> 0 | AE66: =IF(U66 = 0, 0, U66/U$18) -> 0 | AF66: =IF(V66 = 0, 0, V66/V$18) -> 0 | AG66: =IF(W66 = 0, 0, W66/W$18) -> 0.55538462 | AH66: =IF(X66 = 0, 0, X66/X$18) -> 0 | AI66: =IF(Y66 = 0, 0, Y66/Y$18) -> 0 | AJ66: =IF(Z66 = 0, 0, Z66/Z$18) -> 0 | ... AL66: =IF(AB66 = 0, 0, AB66/AB$18) -> 0.8088 | AM66: =IF(OR(CSE4098C_Summer2026_Grade!$J52="W (Withdrawn)", CSE4098C_Summer2026_Grade!$J52="I (Incomplete)"), 0, IF(AC66>=55%, 1, 0)) -> #DIV/0! | AN66: =IF(OR(CSE4098C_Summer2026_Grade!$J52="W (Withdrawn)", CSE4098C_Summer2026_Grade!$J52="I (Incomplete)"), 0, IF(AD66>=55%, 1, 0)) -> #DIV/0! | AO66: =IF(OR(CSE4098C_Summer2026_Grade!$J52="W (Withdrawn)", CSE4098C_Summer2026_Grade!$J52="I (Incomplete)"), 0, IF(AE66>=55%, 1, 0)) -> #DIV/0! | AP66: =IF(OR(CSE4098C_Summer2026_Grade!$J52="W (Withdrawn)", CSE4098C_Summer2026_Grade!$J52="I (Incomplete)"), 0, IF(AF66>=55%, 1, 0)) -> #DIV/0! | AQ66: =IF(OR(CSE4098C_Summer2026_Grade!$J52="W (Withdrawn)", CSE4098C_Summer2026_Grade!$J52="I (Incomplete)"), 0, IF(AG66>=55%, 1, 0)) -> #DIV/0! | AR66: =IF(OR(CSE4098C_Summer2026_Grade!$J52="W (Withdrawn)", CSE4098C_Summer2026_Grade!$J52="I (Incomplete)"), 0, IF(AH66>=55%, 1, 0)) -> #DIV/0! | AS66: =IF(OR(CSE4098C_Summer2026_Grade!$J52="W (Withdrawn)", CSE4098C_Summer2026_Grade!$J52="I (Incomplete)"), 0, IF(AI66>=55%, 1, 0)) -> #DIV/0! | AT66: =IF(OR(CSE4098C_Summer2026_Grade!$J52="W (Withdrawn)", CSE4098C_Summer2026_Grade!$J52="I (Incomplete)"), 0, IF(AJ66>=55%, 1, 0)) -> #DIV/0! | ... AV66: =IF(OR(CSE4098C_Summer2026_Grade!$J52="W (Withdrawn)", CSE4098C_Summer2026_Grade!$J52="I (Incomplete)"), 0, IF(AL66>=55%, 1, 0)) -> #DIV/0! | AX66: {=IF($AY$13=0,0,MMULT($AC66:$AL66, AY$3:AY$12)/$AY$13)} -> 0 | AY66: {=IF($AZ$13=0,0,MMULT($AC66:$AL66, AZ$3:AZ$12)/$AZ$13)} -> 0 | AZ66: {=IF($BA$13=0,0,MMULT($AC66:$AL66, BA$3:BA$12)/$BA$13)} -> 0 | BA66: {=IF($BB$13=0,0,MMULT($AC66:$AL66, BB$3:BB$12)/$BB$13)} -> 0.55538462 | BB66: {=IF($BC$13=0,0,MMULT($AC66:$AL66, BC$3:BC$12)/$BC$13)} -> 0 | BC66: {=IF($BD$13=0,0,MMULT($AC66:$AL66, BD$3:BD$12)/$BD$13)} -> 0 | BD66: {=IF($BE$13=0,0,MMULT($AC66:$AL66, BE$3:BE$12)/$BE$13)} -> 0 | BE66: {=IF($BF$13=0,0,MMULT($AC66:$AL66, BF$3:BF$12)/$BF$13)} -> 0 | BF66: {=IF($BG$13=0,0,MMULT($AC66:$AL66, BG$3:BG$12)/$BG$13)} -> 0 | BG66: {=IF($BH$13=0,0,MMULT($AC66:$AL66, BH$3:BH$12)/$BH$13)} -> 0.8088 | BH66: {=IF($BI$13=0,0,MMULT($AC66:$AL66, BI$3:BI$12)/$BI$13)} -> 0 | BI66: {=IF($BJ$13=0,0,MMULT($AC66:$AL66, BJ$3:BJ$12)/$BJ$13)} -> 0 | BJ66: =IF(OR(CSE4098C_Summer2026_Grade!$J52="W (Withdrawn)", CSE4098C_Summer2026_Grade!$J52="I (Incomplete)"), 0, IF(AX66>=55%, 1, 0)) -> #DIV/0! | BK66: =IF(OR(CSE4098C_Summer2026_Grade!$J52="W (Withdrawn)", CSE4098C_Summer2026_Grade!$J52="I (Incomplete)"), 0, IF(AY66>=55%, 1, 0)) -> #DIV/0! | BL66: =IF(OR(CSE4098C_Summer2026_Grade!$J52="W (Withdrawn)", CSE4098C_Summer2026_Grade!$J52="I (Incomplete)"), 0, IF(AZ66>=55%, 1, 0)) -> #DIV/0! | BM66: =IF(OR(CSE4098C_Summer2026_Grade!$J52="W (Withdrawn)", CSE4098C_Summer2026_Grade!$J52="I (Incomplete)"), 0, IF(BA66>=55%, 1, 0)) -> #DIV/0! | BN66: =IF(OR(CSE4098C_Summer2026_Grade!$J52="W (Withdrawn)", CSE4098C_Summer2026_Grade!$J52="I (Incomplete)"), 0, IF(BB66>=55%, 1, 0)) -> #DIV/0! | BO66: =IF(OR(CSE4098C_Summer2026_Grade!$J52="W (Withdrawn)", CSE4098C_Summer2026_Grade!$J52="I (Incomplete)"), 0, IF(BC66>=55%, 1, 0)) -> #DIV/0! | BP66: =IF(OR(CSE4098C_Summer2026_Grade!$J52="W (Withdrawn)", CSE4098C_Summer2026_Grade!$J52="I (Incomplete)"), 0, IF(BD66>=55%, 1, 0)) -> #DIV/0! | BQ66: =IF(OR(CSE4098C_Summer2026_Grade!$J52="W (Withdrawn)", CSE4098C_Summer2026_Grade!$J52="I (Incomplete)"), 0, IF(BE66>=55%, 1, 0)) -> #DIV/0! | ... BU66: =IF(OR(CSE4098C_Summer2026_Grade!$J52="W (Withdrawn)", CSE4098C_Summer2026_Grade!$J52="I (Incomplete)"), 0, IF(BI66>=55%, 1, 0)) -> #DIV/0!
... A69: =A68+1 -> 51 | B69: 222014009 | C69: Talat Mahmud Lam | D69: =CO_Report_Evaluation!AG54 -> 0 | E69: =CO_Report_Evaluation!AH54 -> 0 | F69: =CO_Report_Evaluation!AI54 -> 0 | G69: =CO_Report_Evaluation!AJ54 -> 0 | H69: =CO_Report_Evaluation!AK54 -> 0 | I69: =CO_Report_Evaluation!AL54 -> 0 | J69: =CO_Report_Evaluation!AM54 -> 0 | K69: =CO_Report_Evaluation!AN54 -> 0 | L69: =CSE4098C_Summer2026_Grade!G55 -> 0 | N69: =((CSE4098C_Summer2026_Grade!E55)*10)/25 -> 3.38 | Q69: 14.44 | S69: =D69 -> 0 | T69: =E69 -> 0 | U69: =F69 -> 0 | V69: =SUM(G69,P69) -> 0 | W69: =SUM(H69,Q69) -> 14.44 | X69: =SUM(I69,R69) -> 0 | Y69: =J69 -> 0 | Z69: =K69 -> 0 | AA69: =L69 -> 0 | AB69: =SUM(M69,N69) -> 3.38 | AC69: =IF(S69 = 0, 0, S69/S$18) -> 0 | AD69: =IF(T69 = 0, 0, T69/T$18) -> 0 | AE69: =IF(U69 = 0, 0, U69/U$18) -> 0 | AF69: =IF(V69 = 0, 0, V69/V$18) -> 0 | AG69: =IF(W69 = 0, 0, W69/W$18) -> 0.55538462 | AH69: =IF(X69 = 0, 0, X69/X$18) -> 0 | AI69: =IF(Y69 = 0, 0, Y69/Y$18) -> 0 | AJ69: =IF(Z69 = 0, 0, Z69/Z$18) -> 0 | ... AL69: =IF(AB69 = 0, 0, AB69/AB$18) -> 0.338 | AM69: =IF(OR(CSE4098C_Summer2026_Grade!$J55="W (Withdrawn)", CSE4098C_Summer2026_Grade!$J55="I (Incomplete)"), 0, IF(AC69>=55%, 1, 0)) -> #DIV/0! | AN69: =IF(OR(CSE4098C_Summer2026_Grade!$J55="W (Withdrawn)", CSE4098C_Summer2026_Grade!$J55="I (Incomplete)"), 0, IF(AD69>=55%, 1, 0)) -> #DIV/0! | AO69: =IF(OR(CSE4098C_Summer2026_Grade!$J55="W (Withdrawn)", CSE4098C_Summer2026_Grade!$J55="I (Incomplete)"), 0, IF(AE69>=55%, 1, 0)) -> #DIV/0! | AP69: =IF(OR(CSE4098C_Summer2026_Grade!$J55="W (Withdrawn)", CSE4098C_Summer2026_Grade!$J55="I (Incomplete)"), 0, IF(AF69>=55%, 1, 0)) -> #DIV/0! | AQ69: =IF(OR(CSE4098C_Summer2026_Grade!$J55="W (Withdrawn)", CSE4098C_Summer2026_Grade!$J55="I (Incomplete)"), 0, IF(AG69>=55%, 1, 0)) -> #DIV/0! | AR69: =IF(OR(CSE4098C_Summer2026_Grade!$J55="W (Withdrawn)", CSE4098C_Summer2026_Grade!$J55="I (Incomplete)"), 0, IF(AH69>=55%, 1, 0)) -> #DIV/0! | AS69: =IF(OR(CSE4098C_Summer2026_Grade!$J55="W (Withdrawn)", CSE4098C_Summer2026_Grade!$J55="I (Incomplete)"), 0, IF(AI69>=55%, 1, 0)) -> #DIV/0! | AT69: =IF(OR(CSE4098C_Summer2026_Grade!$J55="W (Withdrawn)", CSE4098C_Summer2026_Grade!$J55="I (Incomplete)"), 0, IF(AJ69>=55%, 1, 0)) -> #DIV/0! | ... AV69: =IF(OR(CSE4098C_Summer2026_Grade!$J55="W (Withdrawn)", CSE4098C_Summer2026_Grade!$J55="I (Incomplete)"), 0, IF(AL69>=55%, 1, 0)) -> #DIV/0! | AX69: {=IF($AY$13=0,0,MMULT($AC69:$AL69, AY$3:AY$12)/$AY$13)} -> 0 | AY69: {=IF($AZ$13=0,0,MMULT($AC69:$AL69, AZ$3:AZ$12)/$AZ$13)} -> 0 | AZ69: {=IF($BA$13=0,0,MMULT($AC69:$AL69, BA$3:BA$12)/$BA$13)} -> 0 | BA69: {=IF($BB$13=0,0,MMULT($AC69:$AL69, BB$3:BB$12)/$BB$13)} -> 0.55538462 | BB69: {=IF($BC$13=0,0,MMULT($AC69:$AL69, BC$3:BC$12)/$BC$13)} -> 0 | BC69: {=IF($BD$13=0,0,MMULT($AC69:$AL69, BD$3:BD$12)/$BD$13)} -> 0 | BD69: {=IF($BE$13=0,0,MMULT($AC69:$AL69, BE$3:BE$12)/$BE$13)} -> 0 | BE69: {=IF($BF$13=0,0,MMULT($AC69:$AL69, BF$3:BF$12)/$BF$13)} -> 0 | BF69: {=IF($BG$13=0,0,MMULT($AC69:$AL69, BG$3:BG$12)/$BG$13)} -> 0 | BG69: {=IF($BH$13=0,0,MMULT($AC69:$AL69, BH$3:BH$12)/$BH$13)} -> 0.338 | BH69: {=IF($BI$13=0,0,MMULT($AC69:$AL69, BI$3:BI$12)/$BI$13)} -> 0 | BI69: {=IF($BJ$13=0,0,MMULT($AC69:$AL69, BJ$3:BJ$12)/$BJ$13)} -> 0 | BJ69: =IF(OR(CSE4098C_Summer2026_Grade!$J55="W (Withdrawn)", CSE4098C_Summer2026_Grade!$J55="I (Incomplete)"), 0, IF(AX69>=55%, 1, 0)) -> #DIV/0! | BK69: =IF(OR(CSE4098C_Summer2026_Grade!$J55="W (Withdrawn)", CSE4098C_Summer2026_Grade!$J55="I (Incomplete)"), 0, IF(AY69>=55%, 1, 0)) -> #DIV/0! | BL69: =IF(OR(CSE4098C_Summer2026_Grade!$J55="W (Withdrawn)", CSE4098C_Summer2026_Grade!$J55="I (Incomplete)"), 0, IF(AZ69>=55%, 1, 0)) -> #DIV/0! | BM69: =IF(OR(CSE4098C_Summer2026_Grade!$J55="W (Withdrawn)", CSE4098C_Summer2026_Grade!$J55="I (Incomplete)"), 0, IF(BA69>=55%, 1, 0)) -> #DIV/0! | BN69: =IF(OR(CSE4098C_Summer2026_Grade!$J55="W (Withdrawn)", CSE4098C_Summer2026_Grade!$J55="I (Incomplete)"), 0, IF(BB69>=55%, 1, 0)) -> #DIV/0! | BO69: =IF(OR(CSE4098C_Summer2026_Grade!$J55="W (Withdrawn)", CSE4098C_Summer2026_Grade!$J55="I (Incomplete)"), 0, IF(BC69>=55%, 1, 0)) -> #DIV/0! | BP69: =IF(OR(CSE4098C_Summer2026_Grade!$J55="W (Withdrawn)", CSE4098C_Summer2026_Grade!$J55="I (Incomplete)"), 0, IF(BD69>=55%, 1, 0)) -> #DIV/0! | BQ69: =IF(OR(CSE4098C_Summer2026_Grade!$J55="W (Withdrawn)", CSE4098C_Summer2026_Grade!$J55="I (Incomplete)"), 0, IF(BE69>=55%, 1, 0)) -> #DIV/0! | ... BU69: =IF(OR(CSE4098C_Summer2026_Grade!$J55="W (Withdrawn)", CSE4098C_Summer2026_Grade!$J55="I (Incomplete)"), 0, IF(BI69>=55%, 1, 0)) -> #DIV/0!
A70: =A69+1 -> 52 | B70: 222014088 | C70: Sadia Nuzat Prova | D70: =CO_Report_Evaluation!AG55 -> 0 | E70: =CO_Report_Evaluation!AH55 -> 0 | F70: =CO_Report_Evaluation!AI55 -> 0 | G70: =CO_Report_Evaluation!AJ55 -> 0 | H70: =CO_Report_Evaluation!AK55 -> 0 | I70: =CO_Report_Evaluation!AL55 -> 0 | J70: =CO_Report_Evaluation!AM55 -> 0 | K70: =CO_Report_Evaluation!AN55 -> 0 | L70: =CSE4098C_Summer2026_Grade!G56 -> 0 | N70: =((CSE4098C_Summer2026_Grade!E56)*10)/25 -> 2.356 | Q70: 14.44 | S70: =D70 -> 0 | T70: =E70 -> 0 | U70: =F70 -> 0 | V70: =SUM(G70,P70) -> 0 | W70: =SUM(H70,Q70) -> 14.44 | X70: =SUM(I70,R70) -> 0 | Y70: =J70 -> 0 | Z70: =K70 -> 0 | AA70: =L70 -> 0 | AB70: =SUM(M70,N70) -> 2.356 | AC70: =IF(S70 = 0, 0, S70/S$18) -> 0 | AD70: =IF(T70 = 0, 0, T70/T$18) -> 0 | AE70: =IF(U70 = 0, 0, U70/U$18) -> 0 | AF70: =IF(V70 = 0, 0, V70/V$18) -> 0 | AG70: =IF(W70 = 0, 0, W70/W$18) -> 0.55538462 | AH70: =IF(X70 = 0, 0, X70/X$18) -> 0 | AI70: =IF(Y70 = 0, 0, Y70/Y$18) -> 0 | AJ70: =IF(Z70 = 0, 0, Z70/Z$18) -> 0 | ... AL70: =IF(AB70 = 0, 0, AB70/AB$18) -> 0.2356 | AM70: =IF(OR(CSE4098C_Summer2026_Grade!#REF!="W (Withdrawn)", CSE4098C_Summer2026_Grade!#REF!="I (Incomplete)"), 0, IF(AC70>=55%, 1, 0)) -> #REF! | AN70: =IF(OR(CSE4098C_Summer2026_Grade!#REF!="W (Withdrawn)", CSE4098C_Summer2026_Grade!#REF!="I (Incomplete)"), 0, IF(AD70>=55%, 1, 0)) -> #REF! | AO70: =IF(OR(CSE4098C_Summer2026_Grade!#REF!="W (Withdrawn)", CSE4098C_Summer2026_Grade!#REF!="I (Incomplete)"), 0, IF(AE70>=55%, 1, 0)) -> #REF! | AP70: =IF(OR(CSE4098C_Summer2026_Grade!#REF!="W (Withdrawn)", CSE4098C_Summer2026_Grade!#REF!="I (Incomplete)"), 0, IF(AF70>=55%, 1, 0)) -> #REF! | AQ70: =IF(OR(CSE4098C_Summer2026_Grade!#REF!="W (Withdrawn)", CSE4098C_Summer2026_Grade!#REF!="I (Incomplete)"), 0, IF(AG70>=55%, 1, 0)) -> #REF! | AR70: =IF(OR(CSE4098C_Summer2026_Grade!#REF!="W (Withdrawn)", CSE4098C_Summer2026_Grade!#REF!="I (Incomplete)"), 0, IF(AH70>=55%, 1, 0)) -> #REF! | AS70: =IF(OR(CSE4098C_Summer2026_Grade!#REF!="W (Withdrawn)", CSE4098C_Summer2026_Grade!#REF!="I (Incomplete)"), 0, IF(AI70>=55%, 1, 0)) -> #REF! | AT70: =IF(OR(CSE4098C_Summer2026_Grade!#REF!="W (Withdrawn)", CSE4098C_Summer2026_Grade!#REF!="I (Incomplete)"), 0, IF(AJ70>=55%, 1, 0)) -> #REF! | ... AV70: =IF(OR(CSE4098C_Summer2026_Grade!#REF!="W (Withdrawn)", CSE4098C_Summer2026_Grade!#REF!="I (Incomplete)"), 0, IF(AL70>=55%, 1, 0)) -> #REF! | AX70: {=IF($AY$13=0,0,MMULT($AC70:$AL70, AY$3:AY$12)/$AY$13)} -> 0 | AY70: {=IF($AZ$13=0,0,MMULT($AC70:$AL70, AZ$3:AZ$12)/$AZ$13)} -> 0 | AZ70: {=IF($BA$13=0,0,MMULT($AC70:$AL70, BA$3:BA$12)/$BA$13)} -> 0 | BA70: {=IF($BB$13=0,0,MMULT($AC70:$AL70, BB$3:BB$12)/$BB$13)} -> 0.55538462 | BB70: {=IF($BC$13=0,0,MMULT($AC70:$AL70, BC$3:BC$12)/$BC$13)} -> 0 | BC70: {=IF($BD$13=0,0,MMULT($AC70:$AL70, BD$3:BD$12)/$BD$13)} -> 0 | BD70: {=IF($BE$13=0,0,MMULT($AC70:$AL70, BE$3:BE$12)/$BE$13)} -> 0 | BE70: {=IF($BF$13=0,0,MMULT($AC70:$AL70, BF$3:BF$12)/$BF$13)} -> 0 | BF70: {=IF($BG$13=0,0,MMULT($AC70:$AL70, BG$3:BG$12)/$BG$13)} -> 0 | BG70: {=IF($BH$13=0,0,MMULT($AC70:$AL70, BH$3:BH$12)/$BH$13)} -> 0.2356 | BH70: {=IF($BI$13=0,0,MMULT($AC70:$AL70, BI$3:BI$12)/$BI$13)} -> 0 | BI70: {=IF($BJ$13=0,0,MMULT($AC70:$AL70, BJ$3:BJ$12)/$BJ$13)} -> 0 | BJ70: =IF(OR(CSE4098C_Summer2026_Grade!#REF!="W (Withdrawn)", CSE4098C_Summer2026_Grade!#REF!="I (Incomplete)"), 0, IF(AX70>=55%, 1, 0)) -> #REF! | BK70: =IF(OR(CSE4098C_Summer2026_Grade!#REF!="W (Withdrawn)", CSE4098C_Summer2026_Grade!#REF!="I (Incomplete)"), 0, IF(AY70>=55%, 1, 0)) -> #REF! | BL70: =IF(OR(CSE4098C_Summer2026_Grade!#REF!="W (Withdrawn)", CSE4098C_Summer2026_Grade!#REF!="I (Incomplete)"), 0, IF(AZ70>=55%, 1, 0)) -> #REF! | BM70: =IF(OR(CSE4098C_Summer2026_Grade!#REF!="W (Withdrawn)", CSE4098C_Summer2026_Grade!#REF!="I (Incomplete)"), 0, IF(BA70>=55%, 1, 0)) -> #REF! | BN70: =IF(OR(CSE4098C_Summer2026_Grade!#REF!="W (Withdrawn)", CSE4098C_Summer2026_Grade!#REF!="I (Incomplete)"), 0, IF(BB70>=55%, 1, 0)) -> #REF! | BO70: =IF(OR(CSE4098C_Summer2026_Grade!#REF!="W (Withdrawn)", CSE4098C_Summer2026_Grade!#REF!="I (Incomplete)"), 0, IF(BC70>=55%, 1, 0)) -> #REF! | BP70: =IF(OR(CSE4098C_Summer2026_Grade!#REF!="W (Withdrawn)", CSE4098C_Summer2026_Grade!#REF!="I (Incomplete)"), 0, IF(BD70>=55%, 1, 0)) -> #REF! | BQ70: =IF(OR(CSE4098C_Summer2026_Grade!#REF!="W (Withdrawn)", CSE4098C_Summer2026_Grade!#REF!="I (Incomplete)"), 0, IF(BE70>=55%, 1, 0)) -> #REF! | ... BU70: =IF(OR(CSE4098C_Summer2026_Grade!#REF!="W (Withdrawn)", CSE4098C_Summer2026_Grade!#REF!="I (Incomplete)"), 0, IF(BI70>=55%, 1, 0)) -> #REF!
A71: =A70+1 -> 53 | B71: 231014021 | C71: Shahin Alam | D71: =CO_Report_Evaluation!AG56 -> 0 | E71: =CO_Report_Evaluation!AH56 -> 0 | F71: =CO_Report_Evaluation!AI56 -> 0 | G71: =CO_Report_Evaluation!AJ56 -> 0 | H71: =CO_Report_Evaluation!AK56 -> 0 | I71: =CO_Report_Evaluation!AL56 -> 0 | J71: =CO_Report_Evaluation!AM56 -> 0 | K71: =CO_Report_Evaluation!AN56 -> 0 | L71: =CSE4098C_Summer2026_Grade!G57 -> 0 | N71: =((CSE4098C_Summer2026_Grade!E57)*10)/25 -> 1.712 | Q71: 14.44 | S71: =D71 -> 0 | T71: =E71 -> 0 | U71: =F71 -> 0 | V71: =SUM(G71,P71) -> 0 | W71: =SUM(H71,Q71) -> 14.44 | X71: =SUM(I71,R71) -> 0 | Y71: =J71 -> 0 | Z71: =K71 -> 0 | AA71: =L71 -> 0 | AB71: =SUM(M71,N71) -> 1.712 | AC71: =IF(S71 = 0, 0, S71/S$18) -> 0 | AD71: =IF(T71 = 0, 0, T71/T$18) -> 0 | AE71: =IF(U71 = 0, 0, U71/U$18) -> 0 | AF71: =IF(V71 = 0, 0, V71/V$18) -> 0 | AG71: =IF(W71 = 0, 0, W71/W$18) -> 0.55538462 | AH71: =IF(X71 = 0, 0, X71/X$18) -> 0 | AI71: =IF(Y71 = 0, 0, Y71/Y$18) -> 0 | AJ71: =IF(Z71 = 0, 0, Z71/Z$18) -> 0 | ... AL71: =IF(AB71 = 0, 0, AB71/AB$18) -> 0.1712 | AM71: =IF(OR(CSE4098C_Summer2026_Grade!$J72="W (Withdrawn)", CSE4098C_Summer2026_Grade!$J72="I (Incomplete)"), 0, IF(AC71>=55%, 1, 0)) -> 0 | AN71: =IF(OR(CSE4098C_Summer2026_Grade!$J72="W (Withdrawn)", CSE4098C_Summer2026_Grade!$J72="I (Incomplete)"), 0, IF(AD71>=55%, 1, 0)) -> 0 | AO71: =IF(OR(CSE4098C_Summer2026_Grade!$J72="W (Withdrawn)", CSE4098C_Summer2026_Grade!$J72="I (Incomplete)"), 0, IF(AE71>=55%, 1, 0)) -> 0 | AP71: =IF(OR(CSE4098C_Summer2026_Grade!$J72="W (Withdrawn)", CSE4098C_Summer2026_Grade!$J72="I (Incomplete)"), 0, IF(AF71>=55%, 1, 0)) -> 0 | AQ71: =IF(OR(CSE4098C_Summer2026_Grade!$J72="W (Withdrawn)", CSE4098C_Summer2026_Grade!$J72="I (Incomplete)"), 0, IF(AG71>=55%, 1, 0)) -> 1 | AR71: =IF(OR(CSE4098C_Summer2026_Grade!$J72="W (Withdrawn)", CSE4098C_Summer2026_Grade!$J72="I (Incomplete)"), 0, IF(AH71>=55%, 1, 0)) -> 0 | AS71: =IF(OR(CSE4098C_Summer2026_Grade!$J72="W (Withdrawn)", CSE4098C_Summer2026_Grade!$J72="I (Incomplete)"), 0, IF(AI71>=55%, 1, 0)) -> 0 | AT71: =IF(OR(CSE4098C_Summer2026_Grade!$J72="W (Withdrawn)", CSE4098C_Summer2026_Grade!$J72="I (Incomplete)"), 0, IF(AJ71>=55%, 1, 0)) -> 0 | ... AV71: =IF(OR(CSE4098C_Summer2026_Grade!$J72="W (Withdrawn)", CSE4098C_Summer2026_Grade!$J72="I (Incomplete)"), 0, IF(AL71>=55%, 1, 0)) -> 0 | AX71: {=IF($AY$13=0,0,MMULT($AC71:$AL71, AY$3:AY$12)/$AY$13)} -> 0 | AY71: {=IF($AZ$13=0,0,MMULT($AC71:$AL71, AZ$3:AZ$12)/$AZ$13)} -> 0 | AZ71: {=IF($BA$13=0,0,MMULT($AC71:$AL71, BA$3:BA$12)/$BA$13)} -> 0 | BA71: {=IF($BB$13=0,0,MMULT($AC71:$AL71, BB$3:BB$12)/$BB$13)} -> 0.55538462 | BB71: {=IF($BC$13=0,0,MMULT($AC71:$AL71, BC$3:BC$12)/$BC$13)} -> 0 | BC71: {=IF($BD$13=0,0,MMULT($AC71:$AL71, BD$3:BD$12)/$BD$13)} -> 0 | BD71: {=IF($BE$13=0,0,MMULT($AC71:$AL71, BE$3:BE$12)/$BE$13)} -> 0 | BE71: {=IF($BF$13=0,0,MMULT($AC71:$AL71, BF$3:BF$12)/$BF$13)} -> 0 | BF71: {=IF($BG$13=0,0,MMULT($AC71:$AL71, BG$3:BG$12)/$BG$13)} -> 0 | BG71: {=IF($BH$13=0,0,MMULT($AC71:$AL71, BH$3:BH$12)/$BH$13)} -> 0.1712 | BH71: {=IF($BI$13=0,0,MMULT($AC71:$AL71, BI$3:BI$12)/$BI$13)} -> 0 | BI71: {=IF($BJ$13=0,0,MMULT($AC71:$AL71, BJ$3:BJ$12)/$BJ$13)} -> 0 | BJ71: =IF(OR(CSE4098C_Summer2026_Grade!$J72="W (Withdrawn)", CSE4098C_Summer2026_Grade!$J72="I (Incomplete)"), 0, IF(AX71>=55%, 1, 0)) -> 0 | BK71: =IF(OR(CSE4098C_Summer2026_Grade!$J72="W (Withdrawn)", CSE4098C_Summer2026_Grade!$J72="I (Incomplete)"), 0, IF(AY71>=55%, 1, 0)) -> 0 | BL71: =IF(OR(CSE4098C_Summer2026_Grade!$J72="W (Withdrawn)", CSE4098C_Summer2026_Grade!$J72="I (Incomplete)"), 0, IF(AZ71>=55%, 1, 0)) -> 0 | BM71: =IF(OR(CSE4098C_Summer2026_Grade!$J72="W (Withdrawn)", CSE4098C_Summer2026_Grade!$J72="I (Incomplete)"), 0, IF(BA71>=55%, 1, 0)) -> 1 | BN71: =IF(OR(CSE4098C_Summer2026_Grade!$J72="W (Withdrawn)", CSE4098C_Summer2026_Grade!$J72="I (Incomplete)"), 0, IF(BB71>=55%, 1, 0)) -> 0 | BO71: =IF(OR(CSE4098C_Summer2026_Grade!$J72="W (Withdrawn)", CSE4098C_Summer2026_Grade!$J72="I (Incomplete)"), 0, IF(BC71>=55%, 1, 0)) -> 0 | BP71: =IF(OR(CSE4098C_Summer2026_Grade!$J72="W (Withdrawn)", CSE4098C_Summer2026_Grade!$J72="I (Incomplete)"), 0, IF(BD71>=55%, 1, 0)) -> 0 | BQ71: =IF(OR(CSE4098C_Summer2026_Grade!$J72="W (Withdrawn)", CSE4098C_Summer2026_Grade!$J72="I (Incomplete)"), 0, IF(BE71>=55%, 1, 0)) -> 0 | ... BU71: =IF(OR(CSE4098C_Summer2026_Grade!$J72="W (Withdrawn)", CSE4098C_Summer2026_Grade!$J72="I (Incomplete)"), 0, IF(BI71>=55%, 1, 0)) -> 0
A72: =A71+1 -> 54 | B72: 223014086 | C72: Umme Asma Busra | D72: =CO_Report_Evaluation!AG57 -> 0 | E72: =CO_Report_Evaluation!AH57 -> 0 | F72: =CO_Report_Evaluation!AI57 -> 0 | G72: =CO_Report_Evaluation!AJ57 -> 0 | H72: =CO_Report_Evaluation!AK57 -> 0 | I72: =CO_Report_Evaluation!AL57 -> 0 | J72: =CO_Report_Evaluation!AM57 -> 0 | K72: =CO_Report_Evaluation!AN57 -> 0 | L72: =CSE4098C_Summer2026_Grade!G58 -> 0 | N72: =((CSE4098C_Summer2026_Grade!E58)*10)/25 -> 1.712 | Q72: 14.44 | S72: =D72 -> 0 | T72: =E72 -> 0 | U72: =F72 -> 0 | V72: =SUM(G72,P72) -> 0 | W72: =SUM(H72,Q72) -> 14.44 | X72: =SUM(I72,R72) -> 0 | Y72: =J72 -> 0 | Z72: =K72 -> 0 | AA72: =L72 -> 0 | AB72: =SUM(M72,N72) -> 1.712 | AC72: =IF(S72 = 0, 0, S72/S$18) -> 0 | AD72: =IF(T72 = 0, 0, T72/T$18) -> 0 | AE72: =IF(U72 = 0, 0, U72/U$18) -> 0 | AF72: =IF(V72 = 0, 0, V72/V$18) -> 0 | AG72: =IF(W72 = 0, 0, W72/W$18) -> 0.55538462 | AH72: =IF(X72 = 0, 0, X72/X$18) -> 0 | AI72: =IF(Y72 = 0, 0, Y72/Y$18) -> 0 | AJ72: =IF(Z72 = 0, 0, Z72/Z$18) -> 0 | ... AL72: =IF(AB72 = 0, 0, AB72/AB$18) -> 0.1712 | AM72: =IF(OR(CSE4098C_Summer2026_Grade!$J73="W (Withdrawn)", CSE4098C_Summer2026_Grade!$J73="I (Incomplete)"), 0, IF(AC72>=55%, 1, 0)) -> 0 | AN72: =IF(OR(CSE4098C_Summer2026_Grade!$J73="W (Withdrawn)", CSE4098C_Summer2026_Grade!$J73="I (Incomplete)"), 0, IF(AD72>=55%, 1, 0)) -> 0 | AO72: =IF(OR(CSE4098C_Summer2026_Grade!$J73="W (Withdrawn)", CSE4098C_Summer2026_Grade!$J73="I (Incomplete)"), 0, IF(AE72>=55%, 1, 0)) -> 0 | AP72: =IF(OR(CSE4098C_Summer2026_Grade!$J73="W (Withdrawn)", CSE4098C_Summer2026_Grade!$J73="I (Incomplete)"), 0, IF(AF72>=55%, 1, 0)) -> 0 | AQ72: =IF(OR(CSE4098C_Summer2026_Grade!$J73="W (Withdrawn)", CSE4098C_Summer2026_Grade!$J73="I (Incomplete)"), 0, IF(AG72>=55%, 1, 0)) -> 1 | AR72: =IF(OR(CSE4098C_Summer2026_Grade!$J73="W (Withdrawn)", CSE4098C_Summer2026_Grade!$J73="I (Incomplete)"), 0, IF(AH72>=55%, 1, 0)) -> 0 | AS72: =IF(OR(CSE4098C_Summer2026_Grade!$J73="W (Withdrawn)", CSE4098C_Summer2026_Grade!$J73="I (Incomplete)"), 0, IF(AI72>=55%, 1, 0)) -> 0 | AT72: =IF(OR(CSE4098C_Summer2026_Grade!$J73="W (Withdrawn)", CSE4098C_Summer2026_Grade!$J73="I (Incomplete)"), 0, IF(AJ72>=55%, 1, 0)) -> 0 | ... AV72: =IF(OR(CSE4098C_Summer2026_Grade!$J73="W (Withdrawn)", CSE4098C_Summer2026_Grade!$J73="I (Incomplete)"), 0, IF(AL72>=55%, 1, 0)) -> 0 | AX72: {=IF($AY$13=0,0,MMULT($AC72:$AL72, AY$3:AY$12)/$AY$13)} -> 0 | AY72: {=IF($AZ$13=0,0,MMULT($AC72:$AL72, AZ$3:AZ$12)/$AZ$13)} -> 0 | AZ72: {=IF($BA$13=0,0,MMULT($AC72:$AL72, BA$3:BA$12)/$BA$13)} -> 0 | BA72: {=IF($BB$13=0,0,MMULT($AC72:$AL72, BB$3:BB$12)/$BB$13)} -> 0.55538462 | BB72: {=IF($BC$13=0,0,MMULT($AC72:$AL72, BC$3:BC$12)/$BC$13)} -> 0 | BC72: {=IF($BD$13=0,0,MMULT($AC72:$AL72, BD$3:BD$12)/$BD$13)} -> 0 | BD72: {=IF($BE$13=0,0,MMULT($AC72:$AL72, BE$3:BE$12)/$BE$13)} -> 0 | BE72: {=IF($BF$13=0,0,MMULT($AC72:$AL72, BF$3:BF$12)/$BF$13)} -> 0 | BF72: {=IF($BG$13=0,0,MMULT($AC72:$AL72, BG$3:BG$12)/$BG$13)} -> 0 | BG72: {=IF($BH$13=0,0,MMULT($AC72:$AL72, BH$3:BH$12)/$BH$13)} -> 0.1712 | BH72: {=IF($BI$13=0,0,MMULT($AC72:$AL72, BI$3:BI$12)/$BI$13)} -> 0 | BI72: {=IF($BJ$13=0,0,MMULT($AC72:$AL72, BJ$3:BJ$12)/$BJ$13)} -> 0 | BJ72: =IF(OR(CSE4098C_Summer2026_Grade!$J73="W (Withdrawn)", CSE4098C_Summer2026_Grade!$J73="I (Incomplete)"), 0, IF(AX72>=55%, 1, 0)) -> 0 | BK72: =IF(OR(CSE4098C_Summer2026_Grade!$J73="W (Withdrawn)", CSE4098C_Summer2026_Grade!$J73="I (Incomplete)"), 0, IF(AY72>=55%, 1, 0)) -> 0 | BL72: =IF(OR(CSE4098C_Summer2026_Grade!$J73="W (Withdrawn)", CSE4098C_Summer2026_Grade!$J73="I (Incomplete)"), 0, IF(AZ72>=55%, 1, 0)) -> 0 | BM72: =IF(OR(CSE4098C_Summer2026_Grade!$J73="W (Withdrawn)", CSE4098C_Summer2026_Grade!$J73="I (Incomplete)"), 0, IF(BA72>=55%, 1, 0)) -> 1 | BN72: =IF(OR(CSE4098C_Summer2026_Grade!$J73="W (Withdrawn)", CSE4098C_Summer2026_Grade!$J73="I (Incomplete)"), 0, IF(BB72>=55%, 1, 0)) -> 0 | BO72: =IF(OR(CSE4098C_Summer2026_Grade!$J73="W (Withdrawn)", CSE4098C_Summer2026_Grade!$J73="I (Incomplete)"), 0, IF(BC72>=55%, 1, 0)) -> 0 | BP72: =IF(OR(CSE4098C_Summer2026_Grade!$J73="W (Withdrawn)", CSE4098C_Summer2026_Grade!$J73="I (Incomplete)"), 0, IF(BD72>=55%, 1, 0)) -> 0 | BQ72: =IF(OR(CSE4098C_Summer2026_Grade!$J73="W (Withdrawn)", CSE4098C_Summer2026_Grade!$J73="I (Incomplete)"), 0, IF(BE72>=55%, 1, 0)) -> 0 | ... BU72: =IF(OR(CSE4098C_Summer2026_Grade!$J73="W (Withdrawn)", CSE4098C_Summer2026_Grade!$J73="I (Incomplete)"), 0, IF(BI72>=55%, 1, 0)) -> 0
A73: =A72+1 -> 55 | B73: 223014033 | C73: Golam Munem Zarif | D73: =CO_Report_Evaluation!AG58 -> 0 | E73: =CO_Report_Evaluation!AH58 -> 0 | F73: =CO_Report_Evaluation!AI58 -> 0 | G73: =CO_Report_Evaluation!AJ58 -> 0 | H73: =CO_Report_Evaluation!AK58 -> 0 | I73: =CO_Report_Evaluation!AL58 -> 0 | J73: =CO_Report_Evaluation!AM58 -> 0 | K73: =CO_Report_Evaluation!AN58 -> 0 | L73: =CSE4098C_Summer2026_Grade!G59 -> 0 | N73: =((CSE4098C_Summer2026_Grade!E59)*10)/25 -> 1.98 | Q73: 14.44 | S73: =D73 -> 0 | T73: =E73 -> 0 | U73: =F73 -> 0 | V73: =SUM(G73,P73) -> 0 | W73: =SUM(H73,Q73) -> 14.44 | X73: =SUM(I73,R73) -> 0 | Y73: =J73 -> 0 | Z73: =K73 -> 0 | AA73: =L73 -> 0 | AB73: =SUM(M73,N73) -> 1.98 | AC73: =IF(S73 = 0, 0, S73/S$18) -> 0 | AD73: =IF(T73 = 0, 0, T73/T$18) -> 0 | AE73: =IF(U73 = 0, 0, U73/U$18) -> 0 | AF73: =IF(V73 = 0, 0, V73/V$18) -> 0 | AG73: =IF(W73 = 0, 0, W73/W$18) -> 0.55538462 | AH73: =IF(X73 = 0, 0, X73/X$18) -> 0 | AI73: =IF(Y73 = 0, 0, Y73/Y$18) -> 0 | AJ73: =IF(Z73 = 0, 0, Z73/Z$18) -> 0 | ... AL73: =IF(AB73 = 0, 0, AB73/AB$18) -> 0.198 | AM73: =IF(OR(CSE4098C_Summer2026_Grade!$J74="W (Withdrawn)", CSE4098C_Summer2026_Grade!$J74="I (Incomplete)"), 0, IF(AC73>=55%, 1, 0)) -> 0 | AN73: =IF(OR(CSE4098C_Summer2026_Grade!$J74="W (Withdrawn)", CSE4098C_Summer2026_Grade!$J74="I (Incomplete)"), 0, IF(AD73>=55%, 1, 0)) -> 0 | AO73: =IF(OR(CSE4098C_Summer2026_Grade!$J74="W (Withdrawn)", CSE4098C_Summer2026_Grade!$J74="I (Incomplete)"), 0, IF(AE73>=55%, 1, 0)) -> 0 | AP73: =IF(OR(CSE4098C_Summer2026_Grade!$J74="W (Withdrawn)", CSE4098C_Summer2026_Grade!$J74="I (Incomplete)"), 0, IF(AF73>=55%, 1, 0)) -> 0 | AQ73: =IF(OR(CSE4098C_Summer2026_Grade!$J74="W (Withdrawn)", CSE4098C_Summer2026_Grade!$J74="I (Incomplete)"), 0, IF(AG73>=55%, 1, 0)) -> 1 | AR73: =IF(OR(CSE4098C_Summer2026_Grade!$J74="W (Withdrawn)", CSE4098C_Summer2026_Grade!$J74="I (Incomplete)"), 0, IF(AH73>=55%, 1, 0)) -> 0 | AS73: =IF(OR(CSE4098C_Summer2026_Grade!$J74="W (Withdrawn)", CSE4098C_Summer2026_Grade!$J74="I (Incomplete)"), 0, IF(AI73>=55%, 1, 0)) -> 0 | AT73: =IF(OR(CSE4098C_Summer2026_Grade!$J74="W (Withdrawn)", CSE4098C_Summer2026_Grade!$J74="I (Incomplete)"), 0, IF(AJ73>=55%, 1, 0)) -> 0 | ... AV73: =IF(OR(CSE4098C_Summer2026_Grade!$J74="W (Withdrawn)", CSE4098C_Summer2026_Grade!$J74="I (Incomplete)"), 0, IF(AL73>=55%, 1, 0)) -> 0 | AX73: {=IF($AY$13=0,0,MMULT($AC73:$AL73, AY$3:AY$12)/$AY$13)} -> 0 | AY73: {=IF($AZ$13=0,0,MMULT($AC73:$AL73, AZ$3:AZ$12)/$AZ$13)} -> 0 | AZ73: {=IF($BA$13=0,0,MMULT($AC73:$AL73, BA$3:BA$12)/$BA$13)} -> 0 | BA73: {=IF($BB$13=0,0,MMULT($AC73:$AL73, BB$3:BB$12)/$BB$13)} -> 0.55538462 | BB73: {=IF($BC$13=0,0,MMULT($AC73:$AL73, BC$3:BC$12)/$BC$13)} -> 0 | BC73: {=IF($BD$13=0,0,MMULT($AC73:$AL73, BD$3:BD$12)/$BD$13)} -> 0 | BD73: {=IF($BE$13=0,0,MMULT($AC73:$AL73, BE$3:BE$12)/$BE$13)} -> 0 | BE73: {=IF($BF$13=0,0,MMULT($AC73:$AL73, BF$3:BF$12)/$BF$13)} -> 0 | BF73: {=IF($BG$13=0,0,MMULT($AC73:$AL73, BG$3:BG$12)/$BG$13)} -> 0 | BG73: {=IF($BH$13=0,0,MMULT($AC73:$AL73, BH$3:BH$12)/$BH$13)} -> 0.198 | BH73: {=IF($BI$13=0,0,MMULT($AC73:$AL73, BI$3:BI$12)/$BI$13)} -> 0 | BI73: {=IF($BJ$13=0,0,MMULT($AC73:$AL73, BJ$3:BJ$12)/$BJ$13)} -> 0 | BJ73: =IF(OR(CSE4098C_Summer2026_Grade!$J74="W (Withdrawn)", CSE4098C_Summer2026_Grade!$J74="I (Incomplete)"), 0, IF(AX73>=55%, 1, 0)) -> 0 | BK73: =IF(OR(CSE4098C_Summer2026_Grade!$J74="W (Withdrawn)", CSE4098C_Summer2026_Grade!$J74="I (Incomplete)"), 0, IF(AY73>=55%, 1, 0)) -> 0 | BL73: =IF(OR(CSE4098C_Summer2026_Grade!$J74="W (Withdrawn)", CSE4098C_Summer2026_Grade!$J74="I (Incomplete)"), 0, IF(AZ73>=55%, 1, 0)) -> 0 | BM73: =IF(OR(CSE4098C_Summer2026_Grade!$J74="W (Withdrawn)", CSE4098C_Summer2026_Grade!$J74="I (Incomplete)"), 0, IF(BA73>=55%, 1, 0)) -> 1 | BN73: =IF(OR(CSE4098C_Summer2026_Grade!$J74="W (Withdrawn)", CSE4098C_Summer2026_Grade!$J74="I (Incomplete)"), 0, IF(BB73>=55%, 1, 0)) -> 0 | BO73: =IF(OR(CSE4098C_Summer2026_Grade!$J74="W (Withdrawn)", CSE4098C_Summer2026_Grade!$J74="I (Incomplete)"), 0, IF(BC73>=55%, 1, 0)) -> 0 | BP73: =IF(OR(CSE4098C_Summer2026_Grade!$J74="W (Withdrawn)", CSE4098C_Summer2026_Grade!$J74="I (Incomplete)"), 0, IF(BD73>=55%, 1, 0)) -> 0 | BQ73: =IF(OR(CSE4098C_Summer2026_Grade!$J74="W (Withdrawn)", CSE4098C_Summer2026_Grade!$J74="I (Incomplete)"), 0, IF(BE73>=55%, 1, 0)) -> 0 | ... BU73: =IF(OR(CSE4098C_Summer2026_Grade!$J74="W (Withdrawn)", CSE4098C_Summer2026_Grade!$J74="I (Incomplete)"), 0, IF(BI73>=55%, 1, 0)) -> 0
A74: =A73+1 -> 56 | B74: 223014042 | C74: Kazi Noor E Saba | D74: =CO_Report_Evaluation!AG59 -> 0 | E74: =CO_Report_Evaluation!AH59 -> 0 | F74: =CO_Report_Evaluation!AI59 -> 0 | G74: =CO_Report_Evaluation!AJ59 -> 0 | H74: =CO_Report_Evaluation!AK59 -> 0 | I74: =CO_Report_Evaluation!AL59 -> 0 | J74: =CO_Report_Evaluation!AM59 -> 0 | K74: =CO_Report_Evaluation!AN59 -> 0 | L74: =CSE4098C_Summer2026_Grade!G60 -> 0 | N74: =((CSE4098C_Summer2026_Grade!E60)*10)/25 -> 3.468 | Q74: 14.44 | S74: =D74 -> 0 | T74: =E74 -> 0 | U74: =F74 -> 0 | V74: =SUM(G74,P74) -> 0 | W74: =SUM(H74,Q74) -> 14.44 | X74: =SUM(I74,R74) -> 0 | Y74: =J74 -> 0 | Z74: =K74 -> 0 | AA74: =L74 -> 0 | AB74: =SUM(M74,N74) -> 3.468 | AC74: =IF(S74 = 0, 0, S74/S$18) -> 0 | AD74: =IF(T74 = 0, 0, T74/T$18) -> 0 | AE74: =IF(U74 = 0, 0, U74/U$18) -> 0 | AF74: =IF(V74 = 0, 0, V74/V$18) -> 0 | AG74: =IF(W74 = 0, 0, W74/W$18) -> 0.55538462 | AH74: =IF(X74 = 0, 0, X74/X$18) -> 0 | AI74: =IF(Y74 = 0, 0, Y74/Y$18) -> 0 | AJ74: =IF(Z74 = 0, 0, Z74/Z$18) -> 0 | ... AL74: =IF(AB74 = 0, 0, AB74/AB$18) -> 0.3468 | AM74: =IF(OR(CSE4098C_Summer2026_Grade!$J75="W (Withdrawn)", CSE4098C_Summer2026_Grade!$J75="I (Incomplete)"), 0, IF(AC74>=55%, 1, 0)) -> 0 | AN74: =IF(OR(CSE4098C_Summer2026_Grade!$J75="W (Withdrawn)", CSE4098C_Summer2026_Grade!$J75="I (Incomplete)"), 0, IF(AD74>=55%, 1, 0)) -> 0 | AO74: =IF(OR(CSE4098C_Summer2026_Grade!$J75="W (Withdrawn)", CSE4098C_Summer2026_Grade!$J75="I (Incomplete)"), 0, IF(AE74>=55%, 1, 0)) -> 0 | AP74: =IF(OR(CSE4098C_Summer2026_Grade!$J75="W (Withdrawn)", CSE4098C_Summer2026_Grade!$J75="I (Incomplete)"), 0, IF(AF74>=55%, 1, 0)) -> 0 | AQ74: =IF(OR(CSE4098C_Summer2026_Grade!$J75="W (Withdrawn)", CSE4098C_Summer2026_Grade!$J75="I (Incomplete)"), 0, IF(AG74>=55%, 1, 0)) -> 1 | AR74: =IF(OR(CSE4098C_Summer2026_Grade!$J75="W (Withdrawn)", CSE4098C_Summer2026_Grade!$J75="I (Incomplete)"), 0, IF(AH74>=55%, 1, 0)) -> 0 | AS74: =IF(OR(CSE4098C_Summer2026_Grade!$J75="W (Withdrawn)", CSE4098C_Summer2026_Grade!$J75="I (Incomplete)"), 0, IF(AI74>=55%, 1, 0)) -> 0 | AT74: =IF(OR(CSE4098C_Summer2026_Grade!$J75="W (Withdrawn)", CSE4098C_Summer2026_Grade!$J75="I (Incomplete)"), 0, IF(AJ74>=55%, 1, 0)) -> 0 | ... AV74: =IF(OR(CSE4098C_Summer2026_Grade!$J75="W (Withdrawn)", CSE4098C_Summer2026_Grade!$J75="I (Incomplete)"), 0, IF(AL74>=55%, 1, 0)) -> 0 | AX74: {=IF($AY$13=0,0,MMULT($AC74:$AL74, AY$3:AY$12)/$AY$13)} -> 0 | AY74: {=IF($AZ$13=0,0,MMULT($AC74:$AL74, AZ$3:AZ$12)/$AZ$13)} -> 0 | AZ74: {=IF($BA$13=0,0,MMULT($AC74:$AL74, BA$3:BA$12)/$BA$13)} -> 0 | BA74: {=IF($BB$13=0,0,MMULT($AC74:$AL74, BB$3:BB$12)/$BB$13)} -> 0.55538462 | BB74: {=IF($BC$13=0,0,MMULT($AC74:$AL74, BC$3:BC$12)/$BC$13)} -> 0 | BC74: {=IF($BD$13=0,0,MMULT($AC74:$AL74, BD$3:BD$12)/$BD$13)} -> 0 | BD74: {=IF($BE$13=0,0,MMULT($AC74:$AL74, BE$3:BE$12)/$BE$13)} -> 0 | BE74: {=IF($BF$13=0,0,MMULT($AC74:$AL74, BF$3:BF$12)/$BF$13)} -> 0 | BF74: {=IF($BG$13=0,0,MMULT($AC74:$AL74, BG$3:BG$12)/$BG$13)} -> 0 | BG74: {=IF($BH$13=0,0,MMULT($AC74:$AL74, BH$3:BH$12)/$BH$13)} -> 0.3468 | BH74: {=IF($BI$13=0,0,MMULT($AC74:$AL74, BI$3:BI$12)/$BI$13)} -> 0 | BI74: {=IF($BJ$13=0,0,MMULT($AC74:$AL74, BJ$3:BJ$12)/$BJ$13)} -> 0 | BJ74: =IF(OR(CSE4098C_Summer2026_Grade!$J75="W (Withdrawn)", CSE4098C_Summer2026_Grade!$J75="I (Incomplete)"), 0, IF(AX74>=55%, 1, 0)) -> 0 | BK74: =IF(OR(CSE4098C_Summer2026_Grade!$J75="W (Withdrawn)", CSE4098C_Summer2026_Grade!$J75="I (Incomplete)"), 0, IF(AY74>=55%, 1, 0)) -> 0 | BL74: =IF(OR(CSE4098C_Summer2026_Grade!$J75="W (Withdrawn)", CSE4098C_Summer2026_Grade!$J75="I (Incomplete)"), 0, IF(AZ74>=55%, 1, 0)) -> 0 | BM74: =IF(OR(CSE4098C_Summer2026_Grade!$J75="W (Withdrawn)", CSE4098C_Summer2026_Grade!$J75="I (Incomplete)"), 0, IF(BA74>=55%, 1, 0)) -> 1 | BN74: =IF(OR(CSE4098C_Summer2026_Grade!$J75="W (Withdrawn)", CSE4098C_Summer2026_Grade!$J75="I (Incomplete)"), 0, IF(BB74>=55%, 1, 0)) -> 0 | BO74: =IF(OR(CSE4098C_Summer2026_Grade!$J75="W (Withdrawn)", CSE4098C_Summer2026_Grade!$J75="I (Incomplete)"), 0, IF(BC74>=55%, 1, 0)) -> 0 | BP74: =IF(OR(CSE4098C_Summer2026_Grade!$J75="W (Withdrawn)", CSE4098C_Summer2026_Grade!$J75="I (Incomplete)"), 0, IF(BD74>=55%, 1, 0)) -> 0 | BQ74: =IF(OR(CSE4098C_Summer2026_Grade!$J75="W (Withdrawn)", CSE4098C_Summer2026_Grade!$J75="I (Incomplete)"), 0, IF(BE74>=55%, 1, 0)) -> 0 | ... BU74: =IF(OR(CSE4098C_Summer2026_Grade!$J75="W (Withdrawn)", CSE4098C_Summer2026_Grade!$J75="I (Incomplete)"), 0, IF(BI74>=55%, 1, 0)) -> 0
