Workbook

Sheet GradeSheet
G2: Course Code | H2: CSE | K2: Section | L2: 1 | W2: W (Withdrawn)
G3: Course Title | H3: Operating Systems | K3: Semester | L3: Spring 2025
G4: Credit | H4: 3
G5: Instructor | H5: Rubaiya Hafiz
A7: =CONCATENATE("Grade Sheet of ",GradeSheet!$H$2, " [",GradeSheet!$H$3, "] ", "(Section ",GradeSheet!$L$2, ") ", "[Semester - ",GradeSheet!$L$3,"]" ) -> Grade Sheet of CSE [Operating Systems] (Section 1) [Semester - Spring 2025]
P8: Attendance | Q8: Performance | R8: Quiz | S8: Assignment | T8: Mid | U8: Project | V8: Final
A9: No. | B9: Student ID | C9: Name | D9: =CONCATENATE("Attendance (",GradeSheet!$C$64, ")") -> Attendance (0) | E9: =CONCATENATE("Performance (",GradeSheet!$C$65, ")") -> Performance (0) | F9: =CONCATENATE("Quiz (",GradeSheet!$C$66, ")") -> Quiz (0) | G9: =CONCATENATE("Assignment (",GradeSheet!$C$67, ")") -> Assignment (0) | H9: =CONCATENATE("Midterm (",GradeSheet!$C$68, ")") -> Midterm (0) | I9: =CONCATENATE("Project (",GradeSheet!$C$69, ")") -> Project (0) | J9: =CONCATENATE("Final (",GradeSheet!$C$70, ")") -> Final (0) | K9: Exam Total (100) | L9: Percent Total (100%) | M9: Grade | P9: =C64 -> 0 | Q9: =C65 -> 0 | R9: =C66 -> 0 | S9: =C67 -> 0 | T9: =C68 -> 0 | U9: =C69 -> 0 | V9: 40 | W9: Name | X9: Student ID
A10: 1 | B10: =X10 -> 0 | C10: =W10 -> 0 | D10: =P10 -> 0 | E10: =Q10 -> 0 | F10: =R10 -> 0 | G10: =S10 -> 0 | H10: =T10 -> 0 | I10: =U10 -> 0 | J10: =V10 -> 0 | K10: =ROUND(SUM(D10:J10),0) -> 0 | L10: =K10/100 -> 0 | M10: =VLOOKUP(K10,GradingPolicy!$B$2:$C$11,2) -> F (Fail)
A11: 2 | B11: =X11 -> 0 | C11: =W11 -> 0 | D11: =P11 -> 0 | E11: =Q11 -> 0 | F11: =R11 -> 0 | G11: =S11 -> 0 | H11: =T11 -> 0 | I11: =U11 -> 0 | J11: =V11 -> 0 | K11: =ROUND(SUM(D11:J11),0) -> 0 | L11: =K11/100 -> 0 | M11: =VLOOKUP(K11,GradingPolicy!$B$2:$C$11,2) -> F (Fail)
A12: 3 | B12: =X12 -> 0 | C12: =W12 -> 0 | D12: =P12 -> 0 | E12: =Q12 -> 0 | F12: =R12 -> 0 | G12: =S12 -> 0 | H12: =T12 -> 0 | I12: =U12 -> 0 | J12: =V12 -> 0 | K12: =ROUND(SUM(D12:J12),0) -> 0 | L12: =K12/100 -> 0 | M12: =VLOOKUP(K12,GradingPolicy!$B$2:$C$11,2) -> F (Fail)
A13: 4 | B13: =X13 -> 0 | C13: =W13 -> 0 | D13: =P13 -> 0 | E13: =Q13 -> 0 | F13: =R13 -> 0 | G13: =S13 -> 0 | H13: =T13 -> 0 | I13: =U13 -> 0 | J13: =V13 -> 0 | K13: =ROUND(SUM(D13:J13),0) -> 0 | L13: =K13/100 -> 0 | M13: =VLOOKUP(K13,GradingPolicy!$B$2:$C$11,2) -> F (Fail)
A14: 5 | B14: =X14 -> 0 | C14: =W14 -> 0 | D14: =P14 -> 0 | E14: =Q14 -> 0 | F14: =R14 -> 0 | G14: =S14 -> 0 | H14: =T14 -> 0 | I14: =U14 -> 0 | J14: =V14 -> 0 | K14: =ROUND(SUM(D14:J14),0) -> 0 | L14: =K14/100 -> 0 | M14: =VLOOKUP(K14,GradingPolicy!$B$2:$C$11,2) -> F (Fail)
A15: 6 | B15: =X15 -> 0 | C15: =W15 -> 0 | D15: =P15 -> 0 | E15: =Q15 -> 0 | F15: =R15 -> 0 | G15: =S15 -> 0 | H15: =T15 -> 0 | I15: =U15 -> 0 | J15: =V15 -> 0 | K15: =ROUND(SUM(D15:J15),0) -> 0 | L15: =K15/100 -> 0 | M15: =VLOOKUP(K15,GradingPolicy!$B$2:$C$11,2) -> F (Fail)
A16: 7 | B16: =X16 -> 0 | C16: =W16 -> 0 | D16: =P16 -> 0 | E16: =Q16 -> 0 | F16: =R16 -> 0 | G16: =S16 -> 0 | H16: =T16 -> 0 | I16: =U16 -> 0 | J16: =V16 -> 0 | K16: =ROUND(SUM(D16:J16),0) -> 0 | L16: =K16/100 -> 0 | M16: =VLOOKUP(K16,GradingPolicy!$B$2:$C$11,2) -> F (Fail)
A17: 8 | B17: =X17 -> 0 | C17: =W17 -> 0 | D17: =P17 -> 0 | E17: =Q17 -> 0 | F17: =R17 -> 0 | G17: =S17 -> 0 | H17: =T17 -> 0 | I17: =U17 -> 0 | J17: =V17 -> 0 | K17: =ROUND(SUM(D17:J17),0) -> 0 | L17: =K17/100 -> 0 | M17: =VLOOKUP(K17,GradingPolicy!$B$2:$C$11,2) -> F (Fail)
A18: 9 | B18: =X18 -> 0 | C18: =W18 -> 0 | D18: =P18 -> 0 | E18: =Q18 -> 0 | F18: =R18 -> 0 | G18: =S18 -> 0 | H18: =T18 -> 0 | I18: =U18 -> 0 | J18: =V18 -> 0 | K18: =ROUND(SUM(D18:J18),0) -> 0 | L18: =K18/100 -> 0 | M18: =VLOOKUP(K18,GradingPolicy!$B$2:$C$11,2) -> F (Fail)
A19: 10 | B19: =X19 -> 0 | C19: =W19 -> 0 | D19: =P19 -> 0 | E19: =Q19 -> 0 | F19: =R19 -> 0 | G19: =S19 -> 0 | H19: =T19 -> 0 | I19: =U19 -> 0 | J19: =V19 -> 0 | K19: =ROUND(SUM(D19:J19),0) -> 0 | L19: =K19/100 -> 0 | M19: =VLOOKUP(K19,GradingPolicy!$B$2:$C$11,2) -> F (Fail)
A20: 11 | B20: =X20 -> 0 | C20: =W20 -> 0 | D20: =P20 -> 0 | E20: =Q20 -> 0 | F20: =R20 -> 0 | G20: =S20 -> 0 | H20: =T20 -> 0 | I20: =U20 -> 0 | J20: =V20 -> 0 | K20: =ROUND(SUM(D20:J20),0) -> 0 | L20: =K20/100 -> 0 | M20: =VLOOKUP(K20,GradingPolicy!$B$2:$C$11,2) -> F (Fail)
A21: 12 | B21: =X21 -> 0 | C21: =W21 -> 0 | D21: =P21 -> 0 | E21: =Q21 -> 0 | F21: =R21 -> 0 | G21: =S21 -> 0 | H21: =T21 -> 0 | I21: =U21 -> 0 | J21: =V21 -> 0 | K21: =ROUND(SUM(D21:J21),0) -> 0 | L21: =K21/100 -> 0 | M21: =VLOOKUP(K21,GradingPolicy!$B$2:$C$11,2) -> F (Fail)
... A59: 50 | B59: =X59 -> 0 | C59: =W59 -> 0 | D59: =P59 -> 0 | E59: =Q59 -> 0 | F59: =R59 -> 0 | G59: =S59 -> 0 | H59: =T59 -> 0 | I59: =U59 -> 0 | J59: =V59 -> 0 | K59: =ROUND(SUM(D59:J59),0) -> 0 | L59: =K59/100 -> 0 | M59: =VLOOKUP(K59,GradingPolicy!$B$2:$C$11,2) -> F (Fail)
B63: Assessment | C63: Marks Distribution | F63: Numerical Grade | G63: Letter Grade | H63: Freq
B64: Attendance | C64: 0 | F64: 95% and above | G64: A+ | H64: =COUNTIFS(M10:M59,"A+ (Plus)",B10:B59,"<>0") -> 0 | O64: MAX | P64: =MAX(P10:P49) -> 0 | Q64: =MAX(Q10:Q49) -> 0 | R64: =MAX(R10:R49) -> 0 | S64: =MAX(S10:S49) -> 0 | T64: =MAX(T10:T49) -> 0 | U64: =MAX(U10:U49) -> 0 | V64: =MAX(V10:V49) -> 0
B65: Performance | C65: 0 | F65: 90% to 94% | G65: A | H65: =COUNTIFS(M10:M59,"A (Plain)",B10:B59,"<>0") -> 0 | O65: AVG | P65: =AVERAGE(P10:P49) -> #DIV/0! | Q65: =AVERAGE(Q10:Q49) -> #DIV/0! | R65: =AVERAGE(R10:R49) -> #DIV/0! | S65: =AVERAGE(S10:S49) -> #DIV/0! | T65: =AVERAGE(T10:T49) -> #DIV/0! | U65: =AVERAGE(U10:U49) -> #DIV/0! | V65: =AVERAGE(V10:V49) -> #DIV/0!
B66: Quiz | C66: 0 | F66: 85% to 89% | G66: A- | H66: =COUNTIFS(M10:M59,"A- (Minus)",B10:B59,"<>0") -> 0 | O66: MIN | P66: =MIN(P10:P49) -> 0 | Q66: =MIN(Q10:Q49) -> 0 | R66: =MIN(R10:R49) -> 0 | S66: =MIN(S10:S49) -> 0 | T66: =MIN(T10:T49) -> 0 | U66: =MIN(U10:U49) -> 0 | V66: =MIN(V10:V49) -> 0
B67: Assignment | C67: 0 | F67: 80% to 84% | G67: B+ | H67: =COUNTIFS(M10:M59,"B+ (Plus)",B10:B59,"<>0") -> 0
B68: Midterm Exam | C68: 0 | F68: 75% to 79% | G68: B | H68: =COUNTIFS(M10:M59,"B (Plain)",B10:B59,"<>0") -> 0
B69: Project | C69: 0 | F69: 70% to 74% | G69: B- | H69: =COUNTIFS(M10:M59,"B- (Minus)",B10:B59,"<>0") -> 0
B70: Final Exam | C70: 0 | F70: 65% to 69% | G70: C+ | H70: =COUNTIFS(M10:M59,"C+ (Plus)",B10:B59,"<>0") -> 0
B71: Total | C71: =SUM(C64:C70) -> 0 | F71: 60% to 64% | G71: C | H71: =COUNTIFS(M10:M59,"C (Plain)",B10:B59,"<>0") -> 0
F72: 50% to 59% | G72: D | H72: =COUNTIFS(M10:M59,"D (Plain)",B10:B59,"<>0") -> 0
F73: Below 50% | G73: F | H73: =COUNTIFS(M10:M59,"F (Fail)",B10:B59,"<>0") -> 0
F74: No exam | G74: I | H74: =COUNTIFS(M10:M59,"I (Incomplete)",B10:B59,"<>0") -> 0
B75: =GradeSheet!$H$5 -> Rubaiya Hafiz | F75: Withdrawn | G75: W | H75: =COUNTIFS(M10:M59,"W (Withdrawn)",B10:B59,"<>0") -> 0
B76: Senior Lecturer | F76: No of students | H76: =SUM(H64:H75) -> 0
B77: Department of CSE, ULAB

Sheet GradingPolicy
A1: Numerical Grade | B1: Minimum Number | C1: Letter Grade
A2: Below 50% | B2: 0 | C2: F (Fail)
A3: 50% to 59% | B3: 50 | C3: D (Plain)
A4: 60% to 64% | B4: 60 | C4: C (Plain)
A5: 65% to 69% | B5: 65 | C5: C+ (Plus)
A6: 70% to 74% | B6: 70 | C6: B- (Minus)
A7: 75% to 79% | B7: 75 | C7: B (Plain)
A8: 80% to 84% | B8: 80 | C8: B+ (Plus)
A9: 85% to 89% | B9: 85 | C9: A- (Minus)
A10: 90% to 94% | B10: 90 | C10: A (Plain)
A11: 95% and above | B11: 95 | C11: A+ (Plus)

Sheet CourseSummary
B2: Course Code | E2: =GradeSheet!$H$2 -> CSE | O2: =CONCATENATE("Section ", GradeSheet!$L$2,) -> Section 1 | T2: Course Topic/Content Covered
B3: Course Title | E3: =GradeSheet!$H$3 -> Operating Systems | O3: =CONCATENATE(GradeSheet!$H$76," students") -> 0 students | T3: Topics Taught (based on course outline) | AG3: Number of Sessions
B4: Credit | E4: =GradeSheet!$H$4 -> 3 | O4: =GradeSheet!$L$3 -> Spring 2025 | T4: 1 | AG4: 4
T5: 2 | AG5: 4
T6: 3 | AG6: 5
T7: 4 | AG7: 5
T8: 5 | AG8: 6
T14: What percentage of topics/content planned were actually taught?
U15: a. | V15: >90% | Y15: √ | AB15: b. | AC15: 70%-90% | AJ15: c. | AK15: <70%
T16: If <70%, please write the reason for not teaching all topics/content planned
T21: Teaching and Learning Methods
B22: Grade Distribution | T22: Teaching Methods | AG22: Number of Sessions | AL22: Percentage
B23: A+ | C23: A | D23: A- | E23: B+ | F23: B | G23: B- | H23: C+ | I23: C | J23: D | K23: F | L23: I | M23: W | N23: Total | T23: Lectures | AG23: 20 | AL23: =AG23/P33 -> 1.0526316
B24: =GradeSheet!$H$64 -> 0 | C24: =GradeSheet!$H$65 -> 0 | D24: =GradeSheet!$H$66 -> 0 | E24: =GradeSheet!$H$67 -> 0 | F24: =GradeSheet!$H$68 -> 0 | G24: =GradeSheet!$H$69 -> 0 | H24: =GradeSheet!$H$70 -> 0 | I24: =GradeSheet!$H$71 -> 0 | J24: =GradeSheet!$H$72 -> 0 | K24: =GradeSheet!$H$73 -> 0 | L24: =GradeSheet!$H$74 -> 0 | M24: =GradeSheet!$H$75 -> 0 | N24: =SUM(B24:M24) -> 0 | T24: Group Discussion | AG24: 10 | AL24: =AG24/P33 -> 0.52631579
B25: =B24/GradeSheet!$H$76 -> #DIV/0! | C25: =C24/GradeSheet!$H$76 -> #DIV/0! | D25: =D24/GradeSheet!$H$76 -> #DIV/0! | E25: =E24/GradeSheet!$H$76 -> #DIV/0! | F25: =F24/GradeSheet!$H$76 -> #DIV/0! | G25: =G24/GradeSheet!$H$76 -> #DIV/0! | H25: =H24/GradeSheet!$H$76 -> #DIV/0! | I25: =I24/GradeSheet!$H$76 -> #DIV/0! | ... M25: =M24/GradeSheet!$H$76 -> #DIV/0! | N25: =SUM(B25:M25) -> #DIV/0! | T25: Presentation | AG25: 0 | AL25: =AG25/P33 -> 0
T26: Classwork | AG26: 8 | AL26: =AG26/P33 -> 0.42105263
B27: Statistical Information
G29: No. | H29: % | P29: No | Q29: %
B30: Students enrolled | G30: =GradeSheet!$H$76 -> 0 | H30: =G30/G30 -> #DIV/0! | J30: Session Planned | P30: 20 | Q30: =P30/P30 -> 1 | T30: Active Learning | AG30: Number of Sessions | AL30: Percentage
B31: Students who withdrew | G31: =GradeSheet!$H$75 -> 0 | H31: =G31/G30 -> #DIV/0! | J31: Sessions Missed | P31: 0 | Q31: =P31/P30 -> 0 | T31: Classwork | AG31: 8 | AL31: =AG31/P33 -> 0.42105263
B32: Students who took final exam | G32: 41 | H32: =G32/G30 -> #DIV/0! | J32: Sessions Made Up | P32: 0 | Q32: =P32/P30 -> 0 | T32: Group Discussion | AG32: 10 | AL32: =AG32/P33 -> 0.52631579
B33: Students passed | G33: =GradeSheet!$H$76-(GradeSheet!$H$73+GradeSheet!$H$74+GradeSheet!$H$75) -> 0 | H33: =G33/G30 -> #DIV/0! | J33: Total Sessions Conducted (excluding midterm and final exams) | P33: 19 | Q33: =P33/P30 -> 0.95
B37: Average Number Per Session | P37: No | T37: Teaching Aids | AG37: Number of Sessions | AL37: Percentage
B38: Tardy Students | G38: 2 | J38: Guest Lectures Invited | P38: N/A | T38: Whiteboard | AG38: 0 | AL38: =AG38/P33 -> 0
B39: Absent Students | G39: 3 | J39: Field Trips Taken | P39: N/A | T39: Computer | AG39: 20 | AL39: =AG39/P33 -> 1.0526316
T40: Handout | AG40: 12 | AL40: =AG40/P33 -> 0.63157895
T41: Video and Audio | AG41: 0 | AL41: =AG41/P33 -> 0
X46: =GradeSheet!$H$5 -> Rubaiya Hafiz
U47: Signature of the Course Instructor
B51: Course Code | E51: =GradeSheet!$H$2 -> CSE | O51: =CONCATENATE("Section ", GradeSheet!$L$2,) -> Section 1
B52: Course Title | E52: =GradeSheet!$H$3 -> Operating Systems | O52: =CONCATENATE(GradeSheet!$H$76," students") -> 0 students
B53: Credit | E53: =GradeSheet!$H$4 -> 3 | O53: =GradeSheet!$L$3 -> Spring 2025
E57: Summary of Cos
H58: CO1 | I58: CO2 | J58: CO3 | K58: CO4 | L58: CO5 | M58: CO6
E59: Number of Studens | H59: =CO_PO_AttainmentAnalysis!AN67 -> 0 | I59: =CO_PO_AttainmentAnalysis!AO67 -> 0 | J59: =CO_PO_AttainmentAnalysis!AP67 -> 0 | K59: =CO_PO_AttainmentAnalysis!AQ67 -> 0 | L59: =CO_PO_AttainmentAnalysis!AR67 -> 0 | M59: =CO_PO_AttainmentAnalysis!AS67 -> 0
E60: Average Score | H60: =CO_PO_AttainmentAnalysis!AH67 -> 0.5 | I60: =CO_PO_AttainmentAnalysis!AI67 -> 0.5 | J60: =CO_PO_AttainmentAnalysis!AJ67 -> 0.5 | K60: =CO_PO_AttainmentAnalysis!AK67 -> 0.5 | L60: =CO_PO_AttainmentAnalysis!AL67 -> 0.5 | M60: =CO_PO_AttainmentAnalysis!AM67 -> 0.5

Sheet CO_PO_AttainmentAnalysis
AU1: Mapping of COs to POs
C2: Assessment Items | D2: CO1 | E2: CO2 | F2: CO3 | G2: CO4 | H2: CO5 | I2: CO6 | AT2: PO1 | AU2: PO2 | AV2: PO3 | AW2: PO4 | AX2: PO5 | AY2: PO6 | AZ2: PO7 | BA2: PO8 | BB2: PO9 | BC2: PO10 | BD2: PO11 | BE2: PO12
C3: Midterm Exam | D3: 0 | E3: 0 | F3: 0 | G3: 0 | H3: 0 | I3: 0 | AS3: CO1 | AT3: 0 | AU3: 0 | AV3: 0 | AW3: 0 | AX3: 0 | AY3: 0 | AZ3: 0 | BA3: 0 | BB3: 0 | BC3: 0 | BD3: 0 | BE3: 0
C4: Final Exam | D4: 0 | E4: 0 | F4: 0 | G4: 0 | H4: 0 | I4: 0 | AS4: CO2 | AT4: 0 | AU4: 0 | AV4: 0 | AW4: 0 | AX4: 0 | AY4: 0 | AZ4: 0 | BA4: 0 | BB4: 0 | BC4: 0 | BD4: 0 | BE4: 0
C5: Project | D5: 0 | E5: 0 | F5: 0 | G5: 0 | H5: 0 | I5: 0 | AS5: CO3 | AT5: 0 | AU5: 0 | AV5: 0 | AW5: 0 | AX5: 0 | AY5: 0 | AZ5: 0 | BA5: 0 | BB5: 0 | BC5: 0 | BD5: 0 | BE5: 0
C6: Presentation | D6: 0 | E6: 0 | F6: 0 | G6: 0 | H6: 0 | I6: 0 | AS6: CO4 | AT6: 0 | AU6: 0 | AV6: 0 | AW6: 0 | AX6: 0 | AY6: 0 | AZ6: 0 | BA6: 0 | BB6: 0 | BC6: 0 | BD6: 0 | BE6: 0
C7: Total | D7: =SUM(D3:D6) -> 0 | E7: =SUM(E3:E6) -> 0 | F7: =SUM(F3:F6) -> 0 | G7: =SUM(G3:G6) -> 0 | H7: =SUM(H3:H6) -> 0 | I7: =SUM(I3:I6) -> 0 | AS7: CO5 | AT7: 0 | AU7: 0 | AV7: 0 | AW7: 0 | AX7: 0 | AY7: 0 | AZ7: 0 | BA7: 0 | BB7: 0 | BC7: 0 | BD7: 0 | BE7: 0
AS8: CO6 | AT8: 0 | AU8: 0 | AV8: 0 | AW8: 0 | AX8: 0 | AY8: 0 | AZ8: 0 | BA8: 0 | BB8: 0 | BC8: 0 | BD8: 0 | BE8: 0
AS9: Total | AT9: =SUM(AT3:AT8) -> 0 | AU9: =SUM(AU3:AU8) -> 0 | AV9: =SUM(AV3:AV8) -> 0 | AW9: =SUM(AW3:AW8) -> 0 | AX9: =SUM(AX3:AX8) -> 0 | AY9: =SUM(AY3:AY8) -> 0 | AZ9: =SUM(AZ3:AZ8) -> 0 | BA9: =SUM(BA3:BA8) -> 0 | ... BE9: =SUM(BE3:BE8) -> 0
A11: =CONCATENATE("Course Outcome (CO) Attainment Analysis of ",GradeSheet!$H$2, " [",GradeSheet!$H$3, "] ", "(Section ",GradeSheet!$L$2, ") ", "[Semester - ",GradeSheet!$L$3,"]" ) -> Course Outcome (CO) Attainment Analysis of CSE [Operating Systems] (Section 1) [Semester - Spring 2025] | AB11: CO Attainment Analysis | AU11: PO Attainment Analysis
D12: =C3 -> Midterm Exam | J12: =C4 -> Final Exam | P12: Project | V12: =C6 -> Presentation | AB12: Total Marks | AH12: Percentage | AN12: CO Attainment | AU12: Percentage | BG12: PO Attainment
D13: CO1 | E13: CO2 | F13: CO3 | G13: CO4 | H13: CO5 | I13: CO6 | J13: CO1 | K13: CO2 | L13: CO3 | M13: CO4 | N13: CO5 | O13: CO6 | P13: CO1 | Q13: CO2 | R13: CO3 | S13: CO4 | T13: CO5 | U13: CO6 | V13: CO1 | W13: CO2 | X13: CO3 | Y13: CO4 | Z13: CO5 | AA13: CO6 | AB13: CO1 | AC13: CO2 | AD13: CO3 | AE13: CO4 | AF13: CO5 | AG13: CO6 | AH13: CO1 | AI13: CO2 | AJ13: CO3 | AK13: CO4 | AL13: CO5 | AM13: CO6 | AN13: CO1 | AO13: CO2 | AP13: CO3 | AQ13: CO4 | AR13: CO5 | AS13: CO6 | AU13: PO1 | AV13: PO2 | AW13: PO3 | AX13: PO4 | AY13: PO5 | AZ13: PO6 | BA13: PO7 | BB13: PO8 | BC13: PO9 | BD13: PO10 | BE13: PO11 | BF13: PO12 | BG13: PO1 | BH13: PO2 | BI13: PO3 | BJ13: PO4 | BK13: PO5 | BL13: PO6 | BM13: PO7 | BN13: PO8 | BO13: PO9 | BP13: PO10 | BQ13: PO11 | BR13: PO12
A14: S/N | B14: Student ID | C14: Name | D14: =D3 -> 0 | E14: =E3 -> 0 | F14: =F3 -> 0 | G14: =G3 -> 0 | H14: =H3 -> 0 | I14: =I3 -> 0 | J14: =D4 -> 0 | K14: =E4 -> 0 | L14: =F4 -> 0 | M14: =G4 -> 0 | N14: =H4 -> 0 | O14: =I4 -> 0 | P14: =D5 -> 0 | Q14: =E5 -> 0 | R14: =F5 -> 0 | S14: =G5 -> 0 | T14: =H5 -> 0 | U14: =I5 -> 0 | V14: =D6 -> 0 | W14: =E6 -> 0 | X14: =F6 -> 0 | Y14: =G6 -> 0 | Z14: =H6 -> 0 | AA14: =I6 -> 0 | AB14: =SUM(P14,D14,J14) -> 0 | AC14: =SUM(K14,E14,Q14) -> 0 | AD14: =SUM(L14,F14,R14) -> 0 | AE14: =SUM(M14,G14,S14) -> 0 | AF14: =SUM(N14,H14,T14) -> 0 | AG14: =SUM(O14,I14,U14) -> 0 | AH14: 1 | AI14: 1 | AJ14: 1 | AK14: 1 | AL14: 1 | AM14: 1 | AN14: If CO achieved (≥55%) then 1, else 0 | AU14: 1 | AV14: 1 | AW14: 1 | AX14: 1 | AY14: 1 | AZ14: 1 | BA14: 1 | BB14: 1 | BC14: 1 | BD14: 1 | BE14: 1 | BF14: 1 | BG14: If PO achieved (≥55%) then 1, else 0
A15: 1 | B15: =GradeSheet!X10 -> 0 | C15: =GradeSheet!W10 -> 0 | D15: 0 | E15: 0 | F15: 0 | G15: 0 | H15: 0 | I15: 0 | J15: 0 | K15: 0 | L15: 0 | M15: 0 | N15: 0 | O15: 0 | P15: 0 | Q15: 0 | R15: 0 | S15: 0 | T15: 0 | U15: 0 | V15: 0 | W15: 0 | X15: 0 | Y15: 0 | Z15: 0 | AA15: 0 | AB15: =SUM(V15,D15,J15, P15) -> 0 | AC15: =SUM(W15,E15,K15, Q15) -> 0 | AD15: =SUM(X15,F15,L15, R15) -> 0 | AE15: =SUM(Y15,G15,M15, S15) -> 0 | AF15: =SUM(T15,H15,N15, Z15) -> 0 | AG15: =SUM(AA15,I15,O15, U15) -> 0 | AH15: =IF(AB15 = 0, 0, AB15/AB$14) -> 0 | AI15: =IF(AC15 = 0, 0, AC15/AC$14) -> 0 | AJ15: =IF(AD15 = 0, 0, AD15/AD$14) -> 0 | AK15: =IF(AE15 = 0, 0, AE15/AE$14) -> 0 | AL15: =IF(AF15 = 0, 0, AF15/AF$14) -> 0 | AM15: =IF(AG15 = 0, 0, AG15/AG$14) -> 0 | AN15: =IF(OR(GradeSheet!$M10="W (Withdrawn)", GradeSheet!$M10="I (Incomplete)"), 0, IF(AH15>=55%, 1, 0)) -> 0 | AO15: =IF(OR(GradeSheet!$M10="W (Withdrawn)", GradeSheet!$M10="I (Incomplete)"), 0, IF(AI15>=55%, 1, 0)) -> 0 | AP15: =IF(OR(GradeSheet!$M10="W (Withdrawn)", GradeSheet!$M10="I (Incomplete)"), 0, IF(AJ15>=55%, 1, 0)) -> 0 | AQ15: =IF(OR(GradeSheet!$M10="W (Withdrawn)", GradeSheet!$M10="I (Incomplete)"), 0, IF(AK15>=55%, 1, 0)) -> 0 | AR15: =IF(OR(GradeSheet!$M10="W (Withdrawn)", GradeSheet!$M10="I (Incomplete)"), 0, IF(AL15>=55%, 1, 0)) -> 0 | AS15: =IF(OR(GradeSheet!$M10="W (Withdrawn)", GradeSheet!$M10="I (Incomplete)"), 0, IF(AM15>=55%, 1, 0)) -> 0 | AU15: =IF($AT$9=0,0,MMULT($AH15:$AM15, AT$3:AT$8)/$AT$9) -> 0 | AV15: =IF($AU$9=0,0,MMULT($AH15:$AM15, AU$3:AU$8)/$AU$9) -> 0 | AW15: {=IF($AV$9=0,0,MMULT($AH15:$AM15, AV$3:AV$8)/$AV$9)} -> 0 | AX15: {=IF($AW$9=0,0,MMULT($AH15:$AM15, AW$3:AW$8)/$AW$9)} -> 0 | AY15: =IF($AX$9=0,0,MMULT($AH15:$AM15, AX$3:AX$8)/$AX$9) -> 0 | AZ15: {=IF($AY$9=0,0,MMULT($AH15:$AM15, AY$3:AY$8)/$AY$9)} -> 0 | BA15: {=IF($AZ$9=0,0,MMULT($AH15:$AM15, AZ$3:AZ$8)/$AZ$9)} -> 0 | BB15: {=IF($BA$9=0,0,MMULT($AH15:$AM15, BA$3:BA$8)/$BA$9)} -> 0 | BC15: {=IF($BB$9=0,0,MMULT($AH15:$AM15, BB$3:BB$8)/$BB$9)} -> 0 | BD15: {=IF($BC$9=0,0,MMULT($AH15:$AM15, BC$3:BC$8)/$BC$9)} -> 0 | BE15: =IF($BD$9=0,0,MMULT($AH15:$AM15, BD$3:BD$8)/$BD$9) -> 0 | BF15: =IF($BE$9=0,0,MMULT($AH15:$AM15, BE$3:BE$8)/$BE$9) -> 0 | BG15: =IF(OR(GradeSheet!$M10="W (Withdrawn)", GradeSheet!$M10="I (Incomplete)"), 0, IF(AU15>=65%, 1, 0)) -> 0 | BH15: =IF(OR(GradeSheet!$M10="W (Withdrawn)", GradeSheet!$M10="I (Incomplete)"), 0, IF(AV15>=65%, 1, 0)) -> 0 | BI15: =IF(OR(GradeSheet!$M10="W (Withdrawn)", GradeSheet!$M10="I (Incomplete)"), 0, IF(AW15>=65%, 1, 0)) -> 0 | BJ15: =IF(OR(GradeSheet!$M10="W (Withdrawn)", GradeSheet!$M10="I (Incomplete)"), 0, IF(AX15>=65%, 1, 0)) -> 0 | BK15: =IF(OR(GradeSheet!$M10="W (Withdrawn)", GradeSheet!$M10="I (Incomplete)"), 0, IF(AY15>=65%, 1, 0)) -> 0 | BL15: =IF(OR(GradeSheet!$M10="W (Withdrawn)", GradeSheet!$M10="I (Incomplete)"), 0, IF(AZ15>=65%, 1, 0)) -> 0 | BM15: =IF(OR(GradeSheet!$M10="W (Withdrawn)", GradeSheet!$M10="I (Incomplete)"), 0, IF(BA15>=65%, 1, 0)) -> 0 | BN15: =IF(OR(GradeSheet!$M10="W (Withdrawn)", GradeSheet!$M10="I (Incomplete)"), 0, IF(BB15>=65%, 1, 0)) -> 0 | ... BR15: =IF(OR(GradeSheet!$M10="W (Withdrawn)", GradeSheet!$M10="I (Incomplete)"), 0, IF(BF15>=65%, 1, 0)) -> 0
A16: 2 | B16: =GradeSheet!X11 -> 0 | C16: =GradeSheet!W11 -> 0 | D16: 0 | E16: 0 | F16: 0 | G16: 0 | H16: 0 | I16: 0 | J16: 0 | K16: 0 | L16: 0 | M16: 0 | N16: 0 | O16: 0 | P16: 0 | Q16: 0 | R16: 0 | S16: 0 | T16: 0 | U16: 0 | V16: 0 | W16: 0 | X16: 0 | Y16: 0 | Z16: 0 | AA16: 0 | AB16: =SUM(V16,D16,J16, P16) -> 0 | AC16: =SUM(W16,E16,K16, Q16) -> 0 | AD16: =SUM(X16,F16,L16, R16) -> 0 | AE16: =SUM(Y16,G16,M16, S16) -> 0 | AF16: =SUM(T16,H16,N16) -> 0 | AG16: =SUM(AA16,I16,O16) -> 0 | AH16: =IF(AB16 = 0, 0, AB16/AB$14) -> 0 | AI16: =IF(AC16 = 0, 0, AC16/AC$14) -> 0 | AJ16: =IF(AD16 = 0, 0, AD16/AD$14) -> 0 | AK16: =IF(AE16 = 0, 0, AE16/AE$14) -> 0 | AL16: =IF(AF16 = 0, 0, AF16/AF$14) -> 0 | AM16: =IF(AG16 = 0, 0, AG16/AG$14) -> 0 | AN16: =IF(OR(GradeSheet!$M11="W (Withdrawn)", GradeSheet!$M11="I (Incomplete)"), 0, IF(AH16>=55%, 1, 0)) -> 0 | AO16: =IF(OR(GradeSheet!$M11="W (Withdrawn)", GradeSheet!$M11="I (Incomplete)"), 0, IF(AI16>=55%, 1, 0)) -> 0 | AP16: =IF(OR(GradeSheet!$M11="W (Withdrawn)", GradeSheet!$M11="I (Incomplete)"), 0, IF(AJ16>=55%, 1, 0)) -> 0 | AQ16: =IF(OR(GradeSheet!$M11="W (Withdrawn)", GradeSheet!$M11="I (Incomplete)"), 0, IF(AK16>=55%, 1, 0)) -> 0 | AR16: =IF(OR(GradeSheet!$M11="W (Withdrawn)", GradeSheet!$M11="I (Incomplete)"), 0, IF(AL16>=55%, 1, 0)) -> 0 | AS16: =IF(OR(GradeSheet!$M11="W (Withdrawn)", GradeSheet!$M11="I (Incomplete)"), 0, IF(AM16>=55%, 1, 0)) -> 0 | AU16: =IF($AT$9=0,0,MMULT($AH16:$AM16, AT$3:AT$8)/$AT$9) -> 0 | AV16: =IF($AU$9=0,0,MMULT($AH16:$AM16, AU$3:AU$8)/$AU$9) -> 0 | AW16: {=IF($AV$9=0,0,MMULT($AH16:$AM16, AV$3:AV$8)/$AV$9)} -> 0 | AX16: {=IF($AW$9=0,0,MMULT($AH16:$AM16, AW$3:AW$8)/$AW$9)} -> 0 | AY16: =IF($AX$9=0,0,MMULT($AH16:$AM16, AX$3:AX$8)/$AX$9) -> 0 | AZ16: {=IF($AY$9=0,0,MMULT($AH16:$AM16, AY$3:AY$8)/$AY$9)} -> 0 | BA16: {=IF($AZ$9=0,0,MMULT($AH16:$AM16, AZ$3:AZ$8)/$AZ$9)} -> 0 | BB16: {=IF($BA$9=0,0,MMULT($AH16:$AM16, BA$3:BA$8)/$BA$9)} -> 0 | BC16: {=IF($BB$9=0,0,MMULT($AH16:$AM16, BB$3:BB$8)/$BB$9)} -> 0 | BD16: {=IF($BC$9=0,0,MMULT($AH16:$AM16, BC$3:BC$8)/$BC$9)} -> 0 | BE16: =IF($BD$9=0,0,MMULT($AH16:$AM16, BD$3:BD$8)/$BD$9) -> 0 | BF16: =IF($BE$9=0,0,MMULT($AH16:$AM16, BE$3:BE$8)/$BE$9) -> 0 | BG16: =IF(OR(GradeSheet!$M11="W (Withdrawn)", GradeSheet!$M11="I (Incomplete)"), 0, IF(AU16>=65%, 1, 0)) -> 0 | BH16: =IF(OR(GradeSheet!$M11="W (Withdrawn)", GradeSheet!$M11="I (Incomplete)"), 0, IF(AV16>=65%, 1, 0)) -> 0 | BI16: =IF(OR(GradeSheet!$M11="W (Withdrawn)", GradeSheet!$M11="I (Incomplete)"), 0, IF(AW16>=65%, 1, 0)) -> 0 | BJ16: =IF(OR(GradeSheet!$M11="W (Withdrawn)", GradeSheet!$M11="I (Incomplete)"), 0, IF(AX16>=65%, 1, 0)) -> 0 | BK16: =IF(OR(GradeSheet!$M11="W (Withdrawn)", GradeSheet!$M11="I (Incomplete)"), 0, IF(AY16>=65%, 1, 0)) -> 0 | BL16: =IF(OR(GradeSheet!$M11="W (Withdrawn)", GradeSheet!$M11="I (Incomplete)"), 0, IF(AZ16>=65%, 1, 0)) -> 0 | BM16: =IF(OR(GradeSheet!$M11="W (Withdrawn)", GradeSheet!$M11="I (Incomplete)"), 0, IF(BA16>=65%, 1, 0)) -> 0 | BN16: =IF(OR(GradeSheet!$M11="W (Withdrawn)", GradeSheet!$M11="I (Incomplete)"), 0, IF(BB16>=65%, 1, 0)) -> 0 | ... BR16: =IF(OR(GradeSheet!$M11="W (Withdrawn)", GradeSheet!$M11="I (Incomplete)"), 0, IF(BF16>=65%, 1, 0)) -> 0
A17: 3 | B17: =GradeSheet!X12 -> 0 | C17: =GradeSheet!W12 -> 0 | D17: 0 | E17: 0 | F17: 0 | G17: 0 | H17: 0 | I17: 0 | J17: 0 | K17: 0 | L17: 0 | M17: 0 | N17: 0 | O17: 0 | P17: 0 | Q17: 0 | R17: 0 | S17: 0 | T17: 0 | U17: 0 | V17: 0 | W17: 0 | X17: 0 | Y17: 0 | Z17: 0 | AA17: 0 | AB17: =SUM(V17,D17,J17, P17) -> 0 | AC17: =SUM(W17,E17,K17, Q17) -> 0 | AD17: =SUM(X17,F17,L17, R17) -> 0 | AE17: =SUM(Y17,G17,M17, S17) -> 0 | AF17: =SUM(T17,H17,N17) -> 0 | AG17: =SUM(AA17,I17,O17) -> 0 | AH17: =IF(AB17 = 0, 0, AB17/AB$14) -> 0 | AI17: =IF(AC17 = 0, 0, AC17/AC$14) -> 0 | AJ17: =IF(AD17 = 0, 0, AD17/AD$14) -> 0 | AK17: =IF(AE17 = 0, 0, AE17/AE$14) -> 0 | AL17: =IF(AF17 = 0, 0, AF17/AF$14) -> 0 | AM17: =IF(AG17 = 0, 0, AG17/AG$14) -> 0 | AN17: =IF(OR(GradeSheet!$M12="W (Withdrawn)", GradeSheet!$M12="I (Incomplete)"), 0, IF(AH17>=55%, 1, 0)) -> 0 | AO17: =IF(OR(GradeSheet!$M12="W (Withdrawn)", GradeSheet!$M12="I (Incomplete)"), 0, IF(AI17>=55%, 1, 0)) -> 0 | AP17: =IF(OR(GradeSheet!$M12="W (Withdrawn)", GradeSheet!$M12="I (Incomplete)"), 0, IF(AJ17>=55%, 1, 0)) -> 0 | AQ17: =IF(OR(GradeSheet!$M12="W (Withdrawn)", GradeSheet!$M12="I (Incomplete)"), 0, IF(AK17>=55%, 1, 0)) -> 0 | AR17: =IF(OR(GradeSheet!$M12="W (Withdrawn)", GradeSheet!$M12="I (Incomplete)"), 0, IF(AL17>=55%, 1, 0)) -> 0 | AS17: =IF(OR(GradeSheet!$M12="W (Withdrawn)", GradeSheet!$M12="I (Incomplete)"), 0, IF(AM17>=55%, 1, 0)) -> 0 | AU17: =IF($AT$9=0,0,MMULT($AH17:$AM17, AT$3:AT$8)/$AT$9) -> 0 | AV17: =IF($AU$9=0,0,MMULT($AH17:$AM17, AU$3:AU$8)/$AU$9) -> 0 | AW17: {=IF($AV$9=0,0,MMULT($AH17:$AM17, AV$3:AV$8)/$AV$9)} -> 0 | AX17: {=IF($AW$9=0,0,MMULT($AH17:$AM17, AW$3:AW$8)/$AW$9)} -> 0 | AY17: =IF($AX$9=0,0,MMULT($AH17:$AM17, AX$3:AX$8)/$AX$9) -> 0 | AZ17: {=IF($AY$9=0,0,MMULT($AH17:$AM17, AY$3:AY$8)/$AY$9)} -> 0 | BA17: {=IF($AZ$9=0,0,MMULT($AH17:$AM17, AZ$3:AZ$8)/$AZ$9)} -> 0 | BB17: {=IF($BA$9=0,0,MMULT($AH17:$AM17, BA$3:BA$8)/$BA$9)} -> 0 | BC17: {=IF($BB$9=0,0,MMULT($AH17:$AM17, BB$3:BB$8)/$BB$9)} -> 0 | BD17: {=IF($BC$9=0,0,MMULT($AH17:$AM17, BC$3:BC$8)/$BC$9)} -> 0 | BE17: =IF($BD$9=0,0,MMULT($AH17:$AM17, BD$3:BD$8)/$BD$9) -> 0 | BF17: =IF($BE$9=0,0,MMULT($AH17:$AM17, BE$3:BE$8)/$BE$9) -> 0 | BG17: =IF(OR(GradeSheet!$M12="W (Withdrawn)", GradeSheet!$M12="I (Incomplete)"), 0, IF(AU17>=65%, 1, 0)) -> 0 | BH17: =IF(OR(GradeSheet!$M12="W (Withdrawn)", GradeSheet!$M12="I (Incomplete)"), 0, IF(AV17>=65%, 1, 0)) -> 0 | BI17: =IF(OR(GradeSheet!$M12="W (Withdrawn)", GradeSheet!$M12="I (Incomplete)"), 0, IF(AW17>=65%, 1, 0)) -> 0 | BJ17: =IF(OR(GradeSheet!$M12="W (Withdrawn)", GradeSheet!$M12="I (Incomplete)"), 0, IF(AX17>=65%, 1, 0)) -> 0 | BK17: =IF(OR(GradeSheet!$M12="W (Withdrawn)", GradeSheet!$M12="I (Incomplete)"), 0, IF(AY17>=65%, 1, 0)) -> 0 | BL17: =IF(OR(GradeSheet!$M12="W (Withdrawn)", GradeSheet!$M12="I (Incomplete)"), 0, IF(AZ17>=65%, 1, 0)) -> 0 | BM17: =IF(OR(GradeSheet!$M12="W (Withdrawn)", GradeSheet!$M12="I (Incomplete)"), 0, IF(BA17>=65%, 1, 0)) -> 0 | BN17: =IF(OR(GradeSheet!$M12="W (Withdrawn)", GradeSheet!$M12="I (Incomplete)"), 0, IF(BB17>=65%, 1, 0)) -> 0 | ... BR17: =IF(OR(GradeSheet!$M12="W (Withdrawn)", GradeSheet!$M12="I (Incomplete)"), 0, IF(BF17>=65%, 1, 0)) -> 0
A18: 4 | B18: =GradeSheet!X13 -> 0 | C18: =GradeSheet!W13 -> 0 | D18: 0 | E18: 0 | F18: 0 | G18: 0 | H18: 0 | I18: 0 | J18: 0 | K18: 0 | L18: 0 | M18: 0 | N18: 0 | O18: 0 | P18: 0 | Q18: 0 | R18: 0 | S18: 0 | T18: 0 | U18: 0 | V18: 0 | W18: 0 | X18: 0 | Y18: 0 | Z18: 0 | AA18: 0 | AB18: =SUM(V18,D18,J18, P18) -> 0 | AC18: =SUM(W18,E18,K18, Q18) -> 0 | AD18: =SUM(X18,F18,L18, R18) -> 0 | AE18: =SUM(Y18,G18,M18, S18) -> 0 | AF18: =SUM(T18,H18,N18) -> 0 | AG18: =SUM(AA18,I18,O18) -> 0 | AH18: =IF(AB18 = 0, 0, AB18/AB$14) -> 0 | AI18: =IF(AC18 = 0, 0, AC18/AC$14) -> 0 | AJ18: =IF(AD18 = 0, 0, AD18/AD$14) -> 0 | AK18: =IF(AE18 = 0, 0, AE18/AE$14) -> 0 | AL18: =IF(AF18 = 0, 0, AF18/AF$14) -> 0 | AM18: =IF(AG18 = 0, 0, AG18/AG$14) -> 0 | AN18: =IF(OR(GradeSheet!$M13="W (Withdrawn)", GradeSheet!$M13="I (Incomplete)"), 0, IF(AH18>=55%, 1, 0)) -> 0 | AO18: =IF(OR(GradeSheet!$M13="W (Withdrawn)", GradeSheet!$M13="I (Incomplete)"), 0, IF(AI18>=55%, 1, 0)) -> 0 | AP18: =IF(OR(GradeSheet!$M13="W (Withdrawn)", GradeSheet!$M13="I (Incomplete)"), 0, IF(AJ18>=55%, 1, 0)) -> 0 | AQ18: =IF(OR(GradeSheet!$M13="W (Withdrawn)", GradeSheet!$M13="I (Incomplete)"), 0, IF(AK18>=55%, 1, 0)) -> 0 | AR18: =IF(OR(GradeSheet!$M13="W (Withdrawn)", GradeSheet!$M13="I (Incomplete)"), 0, IF(AL18>=55%, 1, 0)) -> 0 | AS18: =IF(OR(GradeSheet!$M13="W (Withdrawn)", GradeSheet!$M13="I (Incomplete)"), 0, IF(AM18>=55%, 1, 0)) -> 0 | AU18: =IF($AT$9=0,0,MMULT($AH18:$AM18, AT$3:AT$8)/$AT$9) -> 0 | AV18: =IF($AU$9=0,0,MMULT($AH18:$AM18, AU$3:AU$8)/$AU$9) -> 0 | AW18: {=IF($AV$9=0,0,MMULT($AH18:$AM18, AV$3:AV$8)/$AV$9)} -> 0 | AX18: {=IF($AW$9=0,0,MMULT($AH18:$AM18, AW$3:AW$8)/$AW$9)} -> 0 | AY18: =IF($AX$9=0,0,MMULT($AH18:$AM18, AX$3:AX$8)/$AX$9) -> 0 | AZ18: {=IF($AY$9=0,0,MMULT($AH18:$AM18, AY$3:AY$8)/$AY$9)} -> 0 | BA18: {=IF($AZ$9=0,0,MMULT($AH18:$AM18, AZ$3:AZ$8)/$AZ$9)} -> 0 | BB18: {=IF($BA$9=0,0,MMULT($AH18:$AM18, BA$3:BA$8)/$BA$9)} -> 0 | BC18: {=IF($BB$9=0,0,MMULT($AH18:$AM18, BB$3:BB$8)/$BB$9)} -> 0 | BD18: {=IF($BC$9=0,0,MMULT($AH18:$AM18, BC$3:BC$8)/$BC$9)} -> 0 | BE18: =IF($BD$9=0,0,MMULT($AH18:$AM18, BD$3:BD$8)/$BD$9) -> 0 | BF18: =IF($BE$9=0,0,MMULT($AH18:$AM18, BE$3:BE$8)/$BE$9) -> 0 | BG18: =IF(OR(GradeSheet!$M13="W (Withdrawn)", GradeSheet!$M13="I (Incomplete)"), 0, IF(AU18>=65%, 1, 0)) -> 0 | BH18: =IF(OR(GradeSheet!$M13="W (Withdrawn)", GradeSheet!$M13="I (Incomplete)"), 0, IF(AV18>=65%, 1, 0)) -> 0 | BI18: =IF(OR(GradeSheet!$M13="W (Withdrawn)", GradeSheet!$M13="I (Incomplete)"), 0, IF(AW18>=65%, 1, 0)) -> 0 | BJ18: =IF(OR(GradeSheet!$M13="W (Withdrawn)", GradeSheet!$M13="I (Incomplete)"), 0, IF(AX18>=65%, 1, 0)) -> 0 | BK18: =IF(OR(GradeSheet!$M13="W (Withdrawn)", GradeSheet!$M13="I (Incomplete)"), 0, IF(AY18>=65%, 1, 0)) -> 0 | BL18: =IF(OR(GradeSheet!$M13="W (Withdrawn)", GradeSheet!$M13="I (Incomplete)"), 0, IF(AZ18>=65%, 1, 0)) -> 0 | BM18: =IF(OR(GradeSheet!$M13="W (Withdrawn)", GradeSheet!$M13="I (Incomplete)"), 0, IF(BA18>=65%, 1, 0)) -> 0 | BN18: =IF(OR(GradeSheet!$M13="W (Withdrawn)", GradeSheet!$M13="I (Incomplete)"), 0, IF(BB18>=65%, 1, 0)) -> 0 | ... BR18: =IF(OR(GradeSheet!$M13="W (Withdrawn)", GradeSheet!$M13="I (Incomplete)"), 0, IF(BF18>=65%, 1, 0)) -> 0
A19: 5 | B19: =GradeSheet!X14 -> 0 | C19: =GradeSheet!W14 -> 0 | D19: 0 | E19: 0 | F19: 0 | G19: 0 | H19: 0 | I19: 0 | J19: 0 | K19: 0 | L19: 0 | M19: 0 | N19: 0 | O19: 0 | P19: 0 | Q19: 0 | R19: 0 | S19: 0 | T19: 0 | U19: 0 | V19: 0 | W19: 0 | X19: 0 | Y19: 0 | Z19: 0 | AA19: 0 | AB19: =SUM(V19,D19,J19, P19) -> 0 | AC19: =SUM(W19,E19,K19, Q19) -> 0 | AD19: =SUM(X19,F19,L19, R19) -> 0 | AE19: =SUM(Y19,G19,M19, S19) -> 0 | AF19: =SUM(T19,H19,N19) -> 0 | AG19: =SUM(AA19,I19,O19) -> 0 | AH19: =IF(AB19 = 0, 0, AB19/AB$14) -> 0 | AI19: =IF(AC19 = 0, 0, AC19/AC$14) -> 0 | AJ19: =IF(AD19 = 0, 0, AD19/AD$14) -> 0 | AK19: =IF(AE19 = 0, 0, AE19/AE$14) -> 0 | AL19: =IF(AF19 = 0, 0, AF19/AF$14) -> 0 | AM19: =IF(AG19 = 0, 0, AG19/AG$14) -> 0 | AN19: =IF(OR(GradeSheet!$M14="W (Withdrawn)", GradeSheet!$M14="I (Incomplete)"), 0, IF(AH19>=55%, 1, 0)) -> 0 | AO19: =IF(OR(GradeSheet!$M14="W (Withdrawn)", GradeSheet!$M14="I (Incomplete)"), 0, IF(AI19>=55%, 1, 0)) -> 0 | AP19: =IF(OR(GradeSheet!$M14="W (Withdrawn)", GradeSheet!$M14="I (Incomplete)"), 0, IF(AJ19>=55%, 1, 0)) -> 0 | AQ19: =IF(OR(GradeSheet!$M14="W (Withdrawn)", GradeSheet!$M14="I (Incomplete)"), 0, IF(AK19>=55%, 1, 0)) -> 0 | AR19: =IF(OR(GradeSheet!$M14="W (Withdrawn)", GradeSheet!$M14="I (Incomplete)"), 0, IF(AL19>=55%, 1, 0)) -> 0 | AS19: =IF(OR(GradeSheet!$M14="W (Withdrawn)", GradeSheet!$M14="I (Incomplete)"), 0, IF(AM19>=55%, 1, 0)) -> 0 | AU19: =IF($AT$9=0,0,MMULT($AH19:$AM19, AT$3:AT$8)/$AT$9) -> 0 | AV19: =IF($AU$9=0,0,MMULT($AH19:$AM19, AU$3:AU$8)/$AU$9) -> 0 | AW19: {=IF($AV$9=0,0,MMULT($AH19:$AM19, AV$3:AV$8)/$AV$9)} -> 0 | AX19: {=IF($AW$9=0,0,MMULT($AH19:$AM19, AW$3:AW$8)/$AW$9)} -> 0 | AY19: =IF($AX$9=0,0,MMULT($AH19:$AM19, AX$3:AX$8)/$AX$9) -> 0 | AZ19: {=IF($AY$9=0,0,MMULT($AH19:$AM19, AY$3:AY$8)/$AY$9)} -> 0 | BA19: {=IF($AZ$9=0,0,MMULT($AH19:$AM19, AZ$3:AZ$8)/$AZ$9)} -> 0 | BB19: {=IF($BA$9=0,0,MMULT($AH19:$AM19, BA$3:BA$8)/$BA$9)} -> 0 | BC19: {=IF($BB$9=0,0,MMULT($AH19:$AM19, BB$3:BB$8)/$BB$9)} -> 0 | BD19: {=IF($BC$9=0,0,MMULT($AH19:$AM19, BC$3:BC$8)/$BC$9)} -> 0 | BE19: =IF($BD$9=0,0,MMULT($AH19:$AM19, BD$3:BD$8)/$BD$9) -> 0 | BF19: =IF($BE$9=0,0,MMULT($AH19:$AM19, BE$3:BE$8)/$BE$9) -> 0 | BG19: =IF(OR(GradeSheet!$M14="W (Withdrawn)", GradeSheet!$M14="I (Incomplete)"), 0, IF(AU19>=65%, 1, 0)) -> 0 | BH19: =IF(OR(GradeSheet!$M14="W (Withdrawn)", GradeSheet!$M14="I (Incomplete)"), 0, IF(AV19>=65%, 1, 0)) -> 0 | BI19: =IF(OR(GradeSheet!$M14="W (Withdrawn)", GradeSheet!$M14="I (Incomplete)"), 0, IF(AW19>=65%, 1, 0)) -> 0 | BJ19: =IF(OR(GradeSheet!$M14="W (Withdrawn)", GradeSheet!$M14="I (Incomplete)"), 0, IF(AX19>=65%, 1, 0)) -> 0 | BK19: =IF(OR(GradeSheet!$M14="W (Withdrawn)", GradeSheet!$M14="I (Incomplete)"), 0, IF(AY19>=65%, 1, 0)) -> 0 | BL19: =IF(OR(GradeSheet!$M14="W (Withdrawn)", GradeSheet!$M14="I (Incomplete)"), 0, IF(AZ19>=65%, 1, 0)) -> 0 | BM19: =IF(OR(GradeSheet!$M14="W (Withdrawn)", GradeSheet!$M14="I (Incomplete)"), 0, IF(BA19>=65%, 1, 0)) -> 0 | BN19: =IF(OR(GradeSheet!$M14="W (Withdrawn)", GradeSheet!$M14="I (Incomplete)"), 0, IF(BB19>=65%, 1, 0)) -> 0 | ... BR19: =IF(OR(GradeSheet!$M14="W (Withdrawn)", GradeSheet!$M14="I (Incomplete)"), 0, IF(BF19>=65%, 1, 0)) -> 0
A20: 6 | B20: =GradeSheet!X15 -> 0 | C20: =GradeSheet!W15 -> 0 | D20: 0 | E20: 0 | F20: 0 | G20: 0 | H20: 0 | I20: 0 | J20: 0 | K20: 0 | L20: 0 | M20: 0 | N20: 0 | O20: 0 | P20: 0 | Q20: 0 | R20: 0 | S20: 0 | T20: 0 | U20: 0 | V20: 0 | W20: 0 | X20: 0 | Y20: 0 | Z20: 0 | AA20: 0 | AB20: =SUM(V20,D20,J20, P20) -> 0 | AC20: =SUM(W20,E20,K20, Q20) -> 0 | AD20: =SUM(X20,F20,L20, R20) -> 0 | AE20: =SUM(Y20,G20,M20, S20) -> 0 | AF20: =SUM(T20,H20,N20) -> 0 | AG20: =SUM(AA20,I20,O20) -> 0 | AH20: =IF(AB20 = 0, 0, AB20/AB$14) -> 0 | AI20: =IF(AC20 = 0, 0, AC20/AC$14) -> 0 | AJ20: =IF(AD20 = 0, 0, AD20/AD$14) -> 0 | AK20: =IF(AE20 = 0, 0, AE20/AE$14) -> 0 | AL20: =IF(AF20 = 0, 0, AF20/AF$14) -> 0 | AM20: =IF(AG20 = 0, 0, AG20/AG$14) -> 0 | AN20: =IF(OR(GradeSheet!$M15="W (Withdrawn)", GradeSheet!$M15="I (Incomplete)"), 0, IF(AH20>=55%, 1, 0)) -> 0 | AO20: =IF(OR(GradeSheet!$M15="W (Withdrawn)", GradeSheet!$M15="I (Incomplete)"), 0, IF(AI20>=55%, 1, 0)) -> 0 | AP20: =IF(OR(GradeSheet!$M15="W (Withdrawn)", GradeSheet!$M15="I (Incomplete)"), 0, IF(AJ20>=55%, 1, 0)) -> 0 | AQ20: =IF(OR(GradeSheet!$M15="W (Withdrawn)", GradeSheet!$M15="I (Incomplete)"), 0, IF(AK20>=55%, 1, 0)) -> 0 | AR20: =IF(OR(GradeSheet!$M15="W (Withdrawn)", GradeSheet!$M15="I (Incomplete)"), 0, IF(AL20>=55%, 1, 0)) -> 0 | AS20: =IF(OR(GradeSheet!$M15="W (Withdrawn)", GradeSheet!$M15="I (Incomplete)"), 0, IF(AM20>=55%, 1, 0)) -> 0 | AU20: =IF($AT$9=0,0,MMULT($AH20:$AM20, AT$3:AT$8)/$AT$9) -> 0 | AV20: =IF($AU$9=0,0,MMULT($AH20:$AM20, AU$3:AU$8)/$AU$9) -> 0 | AW20: {=IF($AV$9=0,0,MMULT($AH20:$AM20, AV$3:AV$8)/$AV$9)} -> 0 | AX20: {=IF($AW$9=0,0,MMULT($AH20:$AM20, AW$3:AW$8)/$AW$9)} -> 0 | AY20: =IF($AX$9=0,0,MMULT($AH20:$AM20, AX$3:AX$8)/$AX$9) -> 0 | AZ20: {=IF($AY$9=0,0,MMULT($AH20:$AM20, AY$3:AY$8)/$AY$9)} -> 0 | BA20: {=IF($AZ$9=0,0,MMULT($AH20:$AM20, AZ$3:AZ$8)/$AZ$9)} -> 0 | BB20: {=IF($BA$9=0,0,MMULT($AH20:$AM20, BA$3:BA$8)/$BA$9)} -> 0 | BC20: {=IF($BB$9=0,0,MMULT($AH20:$AM20, BB$3:BB$8)/$BB$9)} -> 0 | BD20: {=IF($BC$9=0,0,MMULT($AH20:$AM20, BC$3:BC$8)/$BC$9)} -> 0 | BE20: =IF($BD$9=0,0,MMULT($AH20:$AM20, BD$3:BD$8)/$BD$9) -> 0 | BF20: =IF($BE$9=0,0,MMULT($AH20:$AM20, BE$3:BE$8)/$BE$9) -> 0 | BG20: =IF(OR(GradeSheet!$M15="W (Withdrawn)", GradeSheet!$M15="I (Incomplete)"), 0, IF(AU20>=65%, 1, 0)) -> 0 | BH20: =IF(OR(GradeSheet!$M15="W (Withdrawn)", GradeSheet!$M15="I (Incomplete)"), 0, IF(AV20>=65%, 1, 0)) -> 0 | BI20: =IF(OR(GradeSheet!$M15="W (Withdrawn)", GradeSheet!$M15="I (Incomplete)"), 0, IF(AW20>=65%, 1, 0)) -> 0 | BJ20: =IF(OR(GradeSheet!$M15="W (Withdrawn)", GradeSheet!$M15="I (Incomplete)"), 0, IF(AX20>=65%, 1, 0)) -> 0 | BK20: =IF(OR(GradeSheet!$M15="W (Withdrawn)", GradeSheet!$M15="I (Incomplete)"), 0, IF(AY20>=65%, 1, 0)) -> 0 | BL20: =IF(OR(GradeSheet!$M15="W (Withdrawn)", GradeSheet!$M15="I (Incomplete)"), 0, IF(AZ20>=65%, 1, 0)) -> 0 | BM20: =IF(OR(GradeSheet!$M15="W (Withdrawn)", GradeSheet!$M15="I (Incomplete)"), 0, IF(BA20>=65%, 1, 0)) -> 0 | BN20: =IF(OR(GradeSheet!$M15="W (Withdrawn)", GradeSheet!$M15="I (Incomplete)"), 0, IF(BB20>=65%, 1, 0)) -> 0 | ... BR20: =IF(OR(GradeSheet!$M15="W (Withdrawn)", GradeSheet!$M15="I (Incomplete)"), 0, IF(BF20>=65%, 1, 0)) -> 0
A21: 7 | B21: =GradeSheet!X16 -> 0 | C21: =GradeSheet!W16 -> 0 | D21: 0 | E21: 0 | F21: 0 | G21: 0 | H21: 0 | I21: 0 | J21: 0 | K21: 0 | L21: 0 | M21: 0 | N21: 0 | O21: 0 | P21: 0 | Q21: 0 | R21: 0 | S21: 0 | T21: 0 | U21: 0 | V21: 0 | W21: 0 | X21: 0 | Y21: 0 | Z21: 0 | AA21: 0 | AB21: =SUM(V21,D21,J21, P21) -> 0 | AC21: =SUM(W21,E21,K21, Q21) -> 0 | AD21: =SUM(X21,F21,L21, R21) -> 0 | AE21: =SUM(Y21,G21,M21, S21) -> 0 | AF21: =SUM(T21,H21,N21) -> 0 | AG21: =SUM(AA21,I21,O21) -> 0 | AH21: =IF(AB21 = 0, 0, AB21/AB$14) -> 0 | AI21: =IF(AC21 = 0, 0, AC21/AC$14) -> 0 | AJ21: =IF(AD21 = 0, 0, AD21/AD$14) -> 0 | AK21: =IF(AE21 = 0, 0, AE21/AE$14) -> 0 | AL21: =IF(AF21 = 0, 0, AF21/AF$14) -> 0 | AM21: =IF(AG21 = 0, 0, AG21/AG$14) -> 0 | AN21: =IF(OR(GradeSheet!$M16="W (Withdrawn)", GradeSheet!$M16="I (Incomplete)"), 0, IF(AH21>=55%, 1, 0)) -> 0 | AO21: =IF(OR(GradeSheet!$M16="W (Withdrawn)", GradeSheet!$M16="I (Incomplete)"), 0, IF(AI21>=55%, 1, 0)) -> 0 | AP21: =IF(OR(GradeSheet!$M16="W (Withdrawn)", GradeSheet!$M16="I (Incomplete)"), 0, IF(AJ21>=55%, 1, 0)) -> 0 | AQ21: =IF(OR(GradeSheet!$M16="W (Withdrawn)", GradeSheet!$M16="I (Incomplete)"), 0, IF(AK21>=55%, 1, 0)) -> 0 | AR21: =IF(OR(GradeSheet!$M16="W (Withdrawn)", GradeSheet!$M16="I (Incomplete)"), 0, IF(AL21>=55%, 1, 0)) -> 0 | AS21: =IF(OR(GradeSheet!$M16="W (Withdrawn)", GradeSheet!$M16="I (Incomplete)"), 0, IF(AM21>=55%, 1, 0)) -> 0 | AU21: =IF($AT$9=0,0,MMULT($AH21:$AM21, AT$3:AT$8)/$AT$9) -> 0 | AV21: =IF($AU$9=0,0,MMULT($AH21:$AM21, AU$3:AU$8)/$AU$9) -> 0 | AW21: {=IF($AV$9=0,0,MMULT($AH21:$AM21, AV$3:AV$8)/$AV$9)} -> 0 | AX21: {=IF($AW$9=0,0,MMULT($AH21:$AM21, AW$3:AW$8)/$AW$9)} -> 0 | AY21: =IF($AX$9=0,0,MMULT($AH21:$AM21, AX$3:AX$8)/$AX$9) -> 0 | AZ21: {=IF($AY$9=0,0,MMULT($AH21:$AM21, AY$3:AY$8)/$AY$9)} -> 0 | BA21: {=IF($AZ$9=0,0,MMULT($AH21:$AM21, AZ$3:AZ$8)/$AZ$9)} -> 0 | BB21: {=IF($BA$9=0,0,MMULT($AH21:$AM21, BA$3:BA$8)/$BA$9)} -> 0 | BC21: {=IF($BB$9=0,0,MMULT($AH21:$AM21, BB$3:BB$8)/$BB$9)} -> 0 | BD21: {=IF($BC$9=0,0,MMULT($AH21:$AM21, BC$3:BC$8)/$BC$9)} -> 0 | BE21: =IF($BD$9=0,0,MMULT($AH21:$AM21, BD$3:BD$8)/$BD$9) -> 0 | BF21: =IF($BE$9=0,0,MMULT($AH21:$AM21, BE$3:BE$8)/$BE$9) -> 0 | BG21: =IF(OR(GradeSheet!$M16="W (Withdrawn)", GradeSheet!$M16="I (Incomplete)"), 0, IF(AU21>=65%, 1, 0)) -> 0 | BH21: =IF(OR(GradeSheet!$M16="W (Withdrawn)", GradeSheet!$M16="I (Incomplete)"), 0, IF(AV21>=65%, 1, 0)) -> 0 | BI21: =IF(OR(GradeSheet!$M16="W (Withdrawn)", GradeSheet!$M16="I (Incomplete)"), 0, IF(AW21>=65%, 1, 0)) -> 0 | BJ21: =IF(OR(GradeSheet!$M16="W (Withdrawn)", GradeSheet!$M16="I (Incomplete)"), 0, IF(AX21>=65%, 1, 0)) -> 0 | BK21: =IF(OR(GradeSheet!$M16="W (Withdrawn)", GradeSheet!$M16="I (Incomplete)"), 0, IF(AY21>=65%, 1, 0)) -> 0 | BL21: =IF(OR(GradeSheet!$M16="W (Withdrawn)", GradeSheet!$M16="I (Incomplete)"), 0, IF(AZ21>=65%, 1, 0)) -> 0 | BM21: =IF(OR(GradeSheet!$M16="W (Withdrawn)", GradeSheet!$M16="I (Incomplete)"), 0, IF(BA21>=65%, 1, 0)) -> 0 | BN21: =IF(OR(GradeSheet!$M16="W (Withdrawn)", GradeSheet!$M16="I (Incomplete)"), 0, IF(BB21>=65%, 1, 0)) -> 0 | ... BR21: =IF(OR(GradeSheet!$M16="W (Withdrawn)", GradeSheet!$M16="I (Incomplete)"), 0, IF(BF21>=65%, 1, 0)) -> 0
A22: 8 | B22: =GradeSheet!X17 -> 0 | C22: =GradeSheet!W17 -> 0 | D22: 0 | E22: 0 | F22: 0 | G22: 0 | H22: 0 | I22: 0 | J22: 0 | K22: 0 | L22: 0 | M22: 0 | N22: 0 | O22: 0 | P22: 0 | Q22: 0 | R22: 0 | S22: 0 | T22: 0 | U22: 0 | V22: 0 | W22: 0 | X22: 0 | Y22: 0 | Z22: 0 | AA22: 0 | AB22: =SUM(V22,D22,J22, P22) -> 0 | AC22: =SUM(W22,E22,K22, Q22) -> 0 | AD22: =SUM(X22,F22,L22, R22) -> 0 | AE22: =SUM(Y22,G22,M22, S22) -> 0 | AF22: =SUM(T22,H22,N22) -> 0 | AG22: =SUM(AA22,I22,O22) -> 0 | AH22: =IF(AB22 = 0, 0, AB22/AB$14) -> 0 | AI22: =IF(AC22 = 0, 0, AC22/AC$14) -> 0 | AJ22: =IF(AD22 = 0, 0, AD22/AD$14) -> 0 | AK22: =IF(AE22 = 0, 0, AE22/AE$14) -> 0 | AL22: =IF(AF22 = 0, 0, AF22/AF$14) -> 0 | AM22: =IF(AG22 = 0, 0, AG22/AG$14) -> 0 | AN22: =IF(OR(GradeSheet!$M17="W (Withdrawn)", GradeSheet!$M17="I (Incomplete)"), 0, IF(AH22>=55%, 1, 0)) -> 0 | AO22: =IF(OR(GradeSheet!$M17="W (Withdrawn)", GradeSheet!$M17="I (Incomplete)"), 0, IF(AI22>=55%, 1, 0)) -> 0 | AP22: =IF(OR(GradeSheet!$M17="W (Withdrawn)", GradeSheet!$M17="I (Incomplete)"), 0, IF(AJ22>=55%, 1, 0)) -> 0 | AQ22: =IF(OR(GradeSheet!$M17="W (Withdrawn)", GradeSheet!$M17="I (Incomplete)"), 0, IF(AK22>=55%, 1, 0)) -> 0 | AR22: =IF(OR(GradeSheet!$M17="W (Withdrawn)", GradeSheet!$M17="I (Incomplete)"), 0, IF(AL22>=55%, 1, 0)) -> 0 | AS22: =IF(OR(GradeSheet!$M17="W (Withdrawn)", GradeSheet!$M17="I (Incomplete)"), 0, IF(AM22>=55%, 1, 0)) -> 0 | AU22: =IF($AT$9=0,0,MMULT($AH22:$AM22, AT$3:AT$8)/$AT$9) -> 0 | AV22: =IF($AU$9=0,0,MMULT($AH22:$AM22, AU$3:AU$8)/$AU$9) -> 0 | AW22: {=IF($AV$9=0,0,MMULT($AH22:$AM22, AV$3:AV$8)/$AV$9)} -> 0 | AX22: {=IF($AW$9=0,0,MMULT($AH22:$AM22, AW$3:AW$8)/$AW$9)} -> 0 | AY22: =IF($AX$9=0,0,MMULT($AH22:$AM22, AX$3:AX$8)/$AX$9) -> 0 | AZ22: {=IF($AY$9=0,0,MMULT($AH22:$AM22, AY$3:AY$8)/$AY$9)} -> 0 | BA22: {=IF($AZ$9=0,0,MMULT($AH22:$AM22, AZ$3:AZ$8)/$AZ$9)} -> 0 | BB22: {=IF($BA$9=0,0,MMULT($AH22:$AM22, BA$3:BA$8)/$BA$9)} -> 0 | BC22: {=IF($BB$9=0,0,MMULT($AH22:$AM22, BB$3:BB$8)/$BB$9)} -> 0 | BD22: {=IF($BC$9=0,0,MMULT($AH22:$AM22, BC$3:BC$8)/$BC$9)} -> 0 | BE22: =IF($BD$9=0,0,MMULT($AH22:$AM22, BD$3:BD$8)/$BD$9) -> 0 | BF22: =IF($BE$9=0,0,MMULT($AH22:$AM22, BE$3:BE$8)/$BE$9) -> 0 | BG22: =IF(OR(GradeSheet!$M17="W (Withdrawn)", GradeSheet!$M17="I (Incomplete)"), 0, IF(AU22>=65%, 1, 0)) -> 0 | BH22: =IF(OR(GradeSheet!$M17="W (Withdrawn)", GradeSheet!$M17="I (Incomplete)"), 0, IF(AV22>=65%, 1, 0)) -> 0 | BI22: =IF(OR(GradeSheet!$M17="W (Withdrawn)", GradeSheet!$M17="I (Incomplete)"), 0, IF(AW22>=65%, 1, 0)) -> 0 | BJ22: =IF(OR(GradeSheet!$M17="W (Withdrawn)", GradeSheet!$M17="I (Incomplete)"), 0, IF(AX22>=65%, 1, 0)) -> 0 | BK22: =IF(OR(GradeSheet!$M17="W (Withdrawn)", GradeSheet!$M17="I (Incomplete)"), 0, IF(AY22>=65%, 1, 0)) -> 0 | BL22: =IF(OR(GradeSheet!$M17="W (Withdrawn)", GradeSheet!$M17="I (Incomplete)"), 0, IF(AZ22>=65%, 1, 0)) -> 0 | BM22: =IF(OR(GradeSheet!$M17="W (Withdrawn)", GradeSheet!$M17="I (Incomplete)"), 0, IF(BA22>=65%, 1, 0)) -> 0 | BN22: =IF(OR(GradeSheet!$M17="W (Withdrawn)", GradeSheet!$M17="I (Incomplete)"), 0, IF(BB22>=65%, 1, 0)) -> 0 | ... BR22: =IF(OR(GradeSheet!$M17="W (Withdrawn)", GradeSheet!$M17="I (Incomplete)"), 0, IF(BF22>=65%, 1, 0)) -> 0
A23: 9 | B23: =GradeSheet!X18 -> 0 | C23: =GradeSheet!W18 -> 0 | D23: 0 | E23: 0 | F23: 0 | G23: 0 | H23: 0 | I23: 0 | J23: 0 | K23: 0 | L23: 0 | M23: 0 | N23: 0 | O23: 0 | P23: 0 | Q23: 0 | R23: 0 | S23: 0 | T23: 0 | U23: 0 | V23: 0 | W23: 0 | X23: 0 | Y23: 0 | Z23: 0 | AA23: 0 | AB23: =SUM(V23,D23,J23, P23) -> 0 | AC23: =SUM(W23,E23,K23, Q23) -> 0 | AD23: =SUM(X23,F23,L23, R23) -> 0 | AE23: =SUM(Y23,G23,M23, S23) -> 0 | AF23: =SUM(T23,H23,N23) -> 0 | AG23: =SUM(AA23,I23,O23) -> 0 | AH23: =IF(AB23 = 0, 0, AB23/AB$14) -> 0 | AI23: =IF(AC23 = 0, 0, AC23/AC$14) -> 0 | AJ23: =IF(AD23 = 0, 0, AD23/AD$14) -> 0 | AK23: =IF(AE23 = 0, 0, AE23/AE$14) -> 0 | AL23: =IF(AF23 = 0, 0, AF23/AF$14) -> 0 | AM23: =IF(AG23 = 0, 0, AG23/AG$14) -> 0 | AN23: =IF(OR(GradeSheet!$M18="W (Withdrawn)", GradeSheet!$M18="I (Incomplete)"), 0, IF(AH23>=55%, 1, 0)) -> 0 | AO23: =IF(OR(GradeSheet!$M18="W (Withdrawn)", GradeSheet!$M18="I (Incomplete)"), 0, IF(AI23>=55%, 1, 0)) -> 0 | AP23: =IF(OR(GradeSheet!$M18="W (Withdrawn)", GradeSheet!$M18="I (Incomplete)"), 0, IF(AJ23>=55%, 1, 0)) -> 0 | AQ23: =IF(OR(GradeSheet!$M18="W (Withdrawn)", GradeSheet!$M18="I (Incomplete)"), 0, IF(AK23>=55%, 1, 0)) -> 0 | AR23: =IF(OR(GradeSheet!$M18="W (Withdrawn)", GradeSheet!$M18="I (Incomplete)"), 0, IF(AL23>=55%, 1, 0)) -> 0 | AS23: =IF(OR(GradeSheet!$M18="W (Withdrawn)", GradeSheet!$M18="I (Incomplete)"), 0, IF(AM23>=55%, 1, 0)) -> 0 | AU23: =IF($AT$9=0,0,MMULT($AH23:$AM23, AT$3:AT$8)/$AT$9) -> 0 | AV23: =IF($AU$9=0,0,MMULT($AH23:$AM23, AU$3:AU$8)/$AU$9) -> 0 | AW23: {=IF($AV$9=0,0,MMULT($AH23:$AM23, AV$3:AV$8)/$AV$9)} -> 0 | AX23: {=IF($AW$9=0,0,MMULT($AH23:$AM23, AW$3:AW$8)/$AW$9)} -> 0 | AY23: =IF($AX$9=0,0,MMULT($AH23:$AM23, AX$3:AX$8)/$AX$9) -> 0 | AZ23: {=IF($AY$9=0,0,MMULT($AH23:$AM23, AY$3:AY$8)/$AY$9)} -> 0 | BA23: {=IF($AZ$9=0,0,MMULT($AH23:$AM23, AZ$3:AZ$8)/$AZ$9)} -> 0 | BB23: {=IF($BA$9=0,0,MMULT($AH23:$AM23, BA$3:BA$8)/$BA$9)} -> 0 | BC23: {=IF($BB$9=0,0,MMULT($AH23:$AM23, BB$3:BB$8)/$BB$9)} -> 0 | BD23: {=IF($BC$9=0,0,MMULT($AH23:$AM23, BC$3:BC$8)/$BC$9)} -> 0 | BE23: =IF($BD$9=0,0,MMULT($AH23:$AM23, BD$3:BD$8)/$BD$9) -> 0 | BF23: =IF($BE$9=0,0,MMULT($AH23:$AM23, BE$3:BE$8)/$BE$9) -> 0 | BG23: =IF(OR(GradeSheet!$M18="W (Withdrawn)", GradeSheet!$M18="I (Incomplete)"), 0, IF(AU23>=65%, 1, 0)) -> 0 | BH23: =IF(OR(GradeSheet!$M18="W (Withdrawn)", GradeSheet!$M18="I (Incomplete)"), 0, IF(AV23>=65%, 1, 0)) -> 0 | BI23: =IF(OR(GradeSheet!$M18="W (Withdrawn)", GradeSheet!$M18="I (Incomplete)"), 0, IF(AW23>=65%, 1, 0)) -> 0 | BJ23: =IF(OR(GradeSheet!$M18="W (Withdrawn)", GradeSheet!$M18="I (Incomplete)"), 0, IF(AX23>=65%, 1, 0)) -> 0 | BK23: =IF(OR(GradeSheet!$M18="W (Withdrawn)", GradeSheet!$M18="I (Incomplete)"), 0, IF(AY23>=65%, 1, 0)) -> 0 | BL23: =IF(OR(GradeSheet!$M18="W (Withdrawn)", GradeSheet!$M18="I (Incomplete)"), 0, IF(AZ23>=65%, 1, 0)) -> 0 | BM23: =IF(OR(GradeSheet!$M18="W (Withdrawn)", GradeSheet!$M18="I (Incomplete)"), 0, IF(BA23>=65%, 1, 0)) -> 0 | BN23: =IF(OR(GradeSheet!$M18="W (Withdrawn)", GradeSheet!$M18="I (Incomplete)"), 0, IF(BB23>=65%, 1, 0)) -> 0 | ... BR23: =IF(OR(GradeSheet!$M18="W (Withdrawn)", GradeSheet!$M18="I (Incomplete)"), 0, IF(BF23>=65%, 1, 0)) -> 0
A24: 10 | B24: =GradeSheet!X19 -> 0 | C24: =GradeSheet!W19 -> 0 | D24: 0 | E24: 0 | F24: 0 | G24: 0 | H24: 0 | I24: 0 | J24: 0 | K24: 0 | L24: 0 | M24: 0 | N24: 0 | O24: 0 | P24: 0 | Q24: 0 | R24: 0 | S24: 0 | T24: 0 | U24: 0 | V24: 0 | W24: 0 | X24: 0 | Y24: 0 | Z24: 0 | AA24: 0 | AB24: =SUM(V24,D24,J24, P24) -> 0 | AC24: =SUM(W24,E24,K24, Q24) -> 0 | AD24: =SUM(X24,F24,L24, R24) -> 0 | AE24: =SUM(Y24,G24,M24, S24) -> 0 | AF24: =SUM(T24,H24,N24) -> 0 | AG24: =SUM(AA24,I24,O24) -> 0 | AH24: =IF(AB24 = 0, 0, AB24/AB$14) -> 0 | AI24: =IF(AC24 = 0, 0, AC24/AC$14) -> 0 | AJ24: =IF(AD24 = 0, 0, AD24/AD$14) -> 0 | AK24: =IF(AE24 = 0, 0, AE24/AE$14) -> 0 | AL24: =IF(AF24 = 0, 0, AF24/AF$14) -> 0 | AM24: =IF(AG24 = 0, 0, AG24/AG$14) -> 0 | AN24: =IF(OR(GradeSheet!$M19="W (Withdrawn)", GradeSheet!$M19="I (Incomplete)"), 0, IF(AH24>=55%, 1, 0)) -> 0 | AO24: =IF(OR(GradeSheet!$M19="W (Withdrawn)", GradeSheet!$M19="I (Incomplete)"), 0, IF(AI24>=55%, 1, 0)) -> 0 | AP24: =IF(OR(GradeSheet!$M19="W (Withdrawn)", GradeSheet!$M19="I (Incomplete)"), 0, IF(AJ24>=55%, 1, 0)) -> 0 | AQ24: =IF(OR(GradeSheet!$M19="W (Withdrawn)", GradeSheet!$M19="I (Incomplete)"), 0, IF(AK24>=55%, 1, 0)) -> 0 | AR24: =IF(OR(GradeSheet!$M19="W (Withdrawn)", GradeSheet!$M19="I (Incomplete)"), 0, IF(AL24>=55%, 1, 0)) -> 0 | AS24: =IF(OR(GradeSheet!$M19="W (Withdrawn)", GradeSheet!$M19="I (Incomplete)"), 0, IF(AM24>=55%, 1, 0)) -> 0 | AU24: =IF($AT$9=0,0,MMULT($AH24:$AM24, AT$3:AT$8)/$AT$9) -> 0 | AV24: =IF($AU$9=0,0,MMULT($AH24:$AM24, AU$3:AU$8)/$AU$9) -> 0 | AW24: {=IF($AV$9=0,0,MMULT($AH24:$AM24, AV$3:AV$8)/$AV$9)} -> 0 | AX24: {=IF($AW$9=0,0,MMULT($AH24:$AM24, AW$3:AW$8)/$AW$9)} -> 0 | AY24: =IF($AX$9=0,0,MMULT($AH24:$AM24, AX$3:AX$8)/$AX$9) -> 0 | AZ24: {=IF($AY$9=0,0,MMULT($AH24:$AM24, AY$3:AY$8)/$AY$9)} -> 0 | BA24: {=IF($AZ$9=0,0,MMULT($AH24:$AM24, AZ$3:AZ$8)/$AZ$9)} -> 0 | BB24: {=IF($BA$9=0,0,MMULT($AH24:$AM24, BA$3:BA$8)/$BA$9)} -> 0 | BC24: {=IF($BB$9=0,0,MMULT($AH24:$AM24, BB$3:BB$8)/$BB$9)} -> 0 | BD24: {=IF($BC$9=0,0,MMULT($AH24:$AM24, BC$3:BC$8)/$BC$9)} -> 0 | BE24: =IF($BD$9=0,0,MMULT($AH24:$AM24, BD$3:BD$8)/$BD$9) -> 0 | BF24: =IF($BE$9=0,0,MMULT($AH24:$AM24, BE$3:BE$8)/$BE$9) -> 0 | BG24: =IF(OR(GradeSheet!$M19="W (Withdrawn)", GradeSheet!$M19="I (Incomplete)"), 0, IF(AU24>=65%, 1, 0)) -> 0 | BH24: =IF(OR(GradeSheet!$M19="W (Withdrawn)", GradeSheet!$M19="I (Incomplete)"), 0, IF(AV24>=65%, 1, 0)) -> 0 | BI24: =IF(OR(GradeSheet!$M19="W (Withdrawn)", GradeSheet!$M19="I (Incomplete)"), 0, IF(AW24>=65%, 1, 0)) -> 0 | BJ24: =IF(OR(GradeSheet!$M19="W (Withdrawn)", GradeSheet!$M19="I (Incomplete)"), 0, IF(AX24>=65%, 1, 0)) -> 0 | BK24: =IF(OR(GradeSheet!$M19="W (Withdrawn)", GradeSheet!$M19="I (Incomplete)"), 0, IF(AY24>=65%, 1, 0)) -> 0 | BL24: =IF(OR(GradeSheet!$M19="W (Withdrawn)", GradeSheet!$M19="I (Incomplete)"), 0, IF(AZ24>=65%, 1, 0)) -> 0 | BM24: =IF(OR(GradeSheet!$M19="W (Withdrawn)", GradeSheet!$M19="I (Incomplete)"), 0, IF(BA24>=65%, 1, 0)) -> 0 | BN24: =IF(OR(GradeSheet!$M19="W (Withdrawn)", GradeSheet!$M19="I (Incomplete)"), 0, IF(BB24>=65%, 1, 0)) -> 0 | ... BR24: =IF(OR(GradeSheet!$M19="W (Withdrawn)", GradeSheet!$M19="I (Incomplete)"), 0, IF(BF24>=65%, 1, 0)) -> 0
A25: 11 | B25: =GradeSheet!X20 -> 0 | C25: =GradeSheet!W20 -> 0 | D25: 0 | E25: 0 | F25: 0 | G25: 0 | H25: 0 | I25: 0 | J25: 0 | K25: 0 | L25: 0 | M25: 0 | N25: 0 | O25: 0 | P25: 0 | Q25: 0 | R25: 0 | S25: 0 | T25: 0 | U25: 0 | V25: 0 | W25: 0 | X25: 0 | Y25: 0 | Z25: 0 | AA25: 0 | AB25: =SUM(V25,D25,J25, P25) -> 0 | AC25: =SUM(W25,E25,K25, Q25) -> 0 | AD25: =SUM(X25,F25,L25, R25) -> 0 | AE25: =SUM(Y25,G25,M25, S25) -> 0 | AF25: =SUM(T25,H25,N25) -> 0 | AG25: =SUM(AA25,I25,O25) -> 0 | AH25: =IF(AB25 = 0, 0, AB25/AB$14) -> 0 | AI25: =IF(AC25 = 0, 0, AC25/AC$14) -> 0 | AJ25: =IF(AD25 = 0, 0, AD25/AD$14) -> 0 | AK25: =IF(AE25 = 0, 0, AE25/AE$14) -> 0 | AL25: =IF(AF25 = 0, 0, AF25/AF$14) -> 0 | AM25: =IF(AG25 = 0, 0, AG25/AG$14) -> 0 | AN25: 1 | AO25: =IF(OR(GradeSheet!$M20="W (Withdrawn)", GradeSheet!$M20="I (Incomplete)"), 0, IF(AI25>=55%, 1, 0)) -> 0 | AP25: =IF(OR(GradeSheet!$M20="W (Withdrawn)", GradeSheet!$M20="I (Incomplete)"), 0, IF(AJ25>=55%, 1, 0)) -> 0 | AQ25: =IF(OR(GradeSheet!$M20="W (Withdrawn)", GradeSheet!$M20="I (Incomplete)"), 0, IF(AK25>=55%, 1, 0)) -> 0 | AR25: =IF(OR(GradeSheet!$M20="W (Withdrawn)", GradeSheet!$M20="I (Incomplete)"), 0, IF(AL25>=55%, 1, 0)) -> 0 | AS25: =IF(OR(GradeSheet!$M20="W (Withdrawn)", GradeSheet!$M20="I (Incomplete)"), 0, IF(AM25>=55%, 1, 0)) -> 0 | AU25: =IF($AT$9=0,0,MMULT($AH25:$AM25, AT$3:AT$8)/$AT$9) -> 0 | AV25: =IF($AU$9=0,0,MMULT($AH25:$AM25, AU$3:AU$8)/$AU$9) -> 0 | AW25: {=IF($AV$9=0,0,MMULT($AH25:$AM25, AV$3:AV$8)/$AV$9)} -> 0 | AX25: {=IF($AW$9=0,0,MMULT($AH25:$AM25, AW$3:AW$8)/$AW$9)} -> 0 | AY25: =IF($AX$9=0,0,MMULT($AH25:$AM25, AX$3:AX$8)/$AX$9) -> 0 | AZ25: {=IF($AY$9=0,0,MMULT($AH25:$AM25, AY$3:AY$8)/$AY$9)} -> 0 | BA25: {=IF($AZ$9=0,0,MMULT($AH25:$AM25, AZ$3:AZ$8)/$AZ$9)} -> 0 | BB25: {=IF($BA$9=0,0,MMULT($AH25:$AM25, BA$3:BA$8)/$BA$9)} -> 0 | BC25: {=IF($BB$9=0,0,MMULT($AH25:$AM25, BB$3:BB$8)/$BB$9)} -> 0 | BD25: {=IF($BC$9=0,0,MMULT($AH25:$AM25, BC$3:BC$8)/$BC$9)} -> 0 | BE25: =IF($BD$9=0,0,MMULT($AH25:$AM25, BD$3:BD$8)/$BD$9) -> 0 | BF25: =IF($BE$9=0,0,MMULT($AH25:$AM25, BE$3:BE$8)/$BE$9) -> 0 | BG25: =IF(OR(GradeSheet!$M20="W (Withdrawn)", GradeSheet!$M20="I (Incomplete)"), 0, IF(AU25>=65%, 1, 0)) -> 0 | BH25: =IF(OR(GradeSheet!$M20="W (Withdrawn)", GradeSheet!$M20="I (Incomplete)"), 0, IF(AV25>=65%, 1, 0)) -> 0 | BI25: =IF(OR(GradeSheet!$M20="W (Withdrawn)", GradeSheet!$M20="I (Incomplete)"), 0, IF(AW25>=65%, 1, 0)) -> 0 | BJ25: =IF(OR(GradeSheet!$M20="W (Withdrawn)", GradeSheet!$M20="I (Incomplete)"), 0, IF(AX25>=65%, 1, 0)) -> 0 | BK25: =IF(OR(GradeSheet!$M20="W (Withdrawn)", GradeSheet!$M20="I (Incomplete)"), 0, IF(AY25>=65%, 1, 0)) -> 0 | BL25: =IF(OR(GradeSheet!$M20="W (Withdrawn)", GradeSheet!$M20="I (Incomplete)"), 0, IF(AZ25>=65%, 1, 0)) -> 0 | BM25: =IF(OR(GradeSheet!$M20="W (Withdrawn)", GradeSheet!$M20="I (Incomplete)"), 0, IF(BA25>=65%, 1, 0)) -> 0 | BN25: =IF(OR(GradeSheet!$M20="W (Withdrawn)", GradeSheet!$M20="I (Incomplete)"), 0, IF(BB25>=65%, 1, 0)) -> 0 | ... BR25: =IF(OR(GradeSheet!$M20="W (Withdrawn)", GradeSheet!$M20="I (Incomplete)"), 0, IF(BF25>=65%, 1, 0)) -> 0
A26: 12 | B26: =GradeSheet!X21 -> 0 | C26: =GradeSheet!W21 -> 0 | D26: 0 | E26: 0 | F26: 0 | G26: 0 | H26: 0 | I26: 0 | J26: 0 | K26: 0 | L26: 0 | M26: 0 | N26: 0 | O26: 0 | P26: 0 | Q26: 0 | R26: 0 | S26: 0 | T26: 0 | U26: 0 | V26: 0 | W26: 0 | X26: 0 | Y26: 0 | Z26: 0 | AA26: 0 | AB26: =SUM(V26,D26,J26, P26) -> 0 | AC26: =SUM(W26,E26,K26, Q26) -> 0 | AD26: =SUM(X26,F26,L26, R26) -> 0 | AE26: =SUM(Y26,G26,M26, S26) -> 0 | AF26: =SUM(T26,H26,N26) -> 0 | AG26: =SUM(AA26,I26,O26) -> 0 | AH26: =IF(AB26 = 0, 0, AB26/AB$14) -> 0 | AI26: =IF(AC26 = 0, 0, AC26/AC$14) -> 0 | AJ26: =IF(AD26 = 0, 0, AD26/AD$14) -> 0 | AK26: =IF(AE26 = 0, 0, AE26/AE$14) -> 0 | AL26: =IF(AF26 = 0, 0, AF26/AF$14) -> 0 | AM26: =IF(AG26 = 0, 0, AG26/AG$14) -> 0 | AN26: 1 | AO26: =IF(OR(GradeSheet!$M21="W (Withdrawn)", GradeSheet!$M21="I (Incomplete)"), 0, IF(AI26>=55%, 1, 0)) -> 0 | AP26: =IF(OR(GradeSheet!$M21="W (Withdrawn)", GradeSheet!$M21="I (Incomplete)"), 0, IF(AJ26>=55%, 1, 0)) -> 0 | AQ26: =IF(OR(GradeSheet!$M21="W (Withdrawn)", GradeSheet!$M21="I (Incomplete)"), 0, IF(AK26>=55%, 1, 0)) -> 0 | AR26: =IF(OR(GradeSheet!$M21="W (Withdrawn)", GradeSheet!$M21="I (Incomplete)"), 0, IF(AL26>=55%, 1, 0)) -> 0 | AS26: =IF(OR(GradeSheet!$M21="W (Withdrawn)", GradeSheet!$M21="I (Incomplete)"), 0, IF(AM26>=55%, 1, 0)) -> 0 | AU26: =IF($AT$9=0,0,MMULT($AH26:$AM26, AT$3:AT$8)/$AT$9) -> 0 | AV26: =IF($AU$9=0,0,MMULT($AH26:$AM26, AU$3:AU$8)/$AU$9) -> 0 | AW26: {=IF($AV$9=0,0,MMULT($AH26:$AM26, AV$3:AV$8)/$AV$9)} -> 0 | AX26: {=IF($AW$9=0,0,MMULT($AH26:$AM26, AW$3:AW$8)/$AW$9)} -> 0 | AY26: =IF($AX$9=0,0,MMULT($AH26:$AM26, AX$3:AX$8)/$AX$9) -> 0 | AZ26: {=IF($AY$9=0,0,MMULT($AH26:$AM26, AY$3:AY$8)/$AY$9)} -> 0 | BA26: {=IF($AZ$9=0,0,MMULT($AH26:$AM26, AZ$3:AZ$8)/$AZ$9)} -> 0 | BB26: {=IF($BA$9=0,0,MMULT($AH26:$AM26, BA$3:BA$8)/$BA$9)} -> 0 | BC26: {=IF($BB$9=0,0,MMULT($AH26:$AM26, BB$3:BB$8)/$BB$9)} -> 0 | BD26: {=IF($BC$9=0,0,MMULT($AH26:$AM26, BC$3:BC$8)/$BC$9)} -> 0 | BE26: =IF($BD$9=0,0,MMULT($AH26:$AM26, BD$3:BD$8)/$BD$9) -> 0 | BF26: =IF($BE$9=0,0,MMULT($AH26:$AM26, BE$3:BE$8)/$BE$9) -> 0 | BG26: =IF(OR(GradeSheet!$M21="W (Withdrawn)", GradeSheet!$M21="I (Incomplete)"), 0, IF(AU26>=65%, 1, 0)) -> 0 | BH26: =IF(OR(GradeSheet!$M21="W (Withdrawn)", GradeSheet!$M21="I (Incomplete)"), 0, IF(AV26>=65%, 1, 0)) -> 0 | BI26: =IF(OR(GradeSheet!$M21="W (Withdrawn)", GradeSheet!$M21="I (Incomplete)"), 0, IF(AW26>=65%, 1, 0)) -> 0 | BJ26: =IF(OR(GradeSheet!$M21="W (Withdrawn)", GradeSheet!$M21="I (Incomplete)"), 0, IF(AX26>=65%, 1, 0)) -> 0 | BK26: =IF(OR(GradeSheet!$M21="W (Withdrawn)", GradeSheet!$M21="I (Incomplete)"), 0, IF(AY26>=65%, 1, 0)) -> 0 | BL26: =IF(OR(GradeSheet!$M21="W (Withdrawn)", GradeSheet!$M21="I (Incomplete)"), 0, IF(AZ26>=65%, 1, 0)) -> 0 | BM26: =IF(OR(GradeSheet!$M21="W (Withdrawn)", GradeSheet!$M21="I (Incomplete)"), 0, IF(BA26>=65%, 1, 0)) -> 0 | BN26: =IF(OR(GradeSheet!$M21="W (Withdrawn)", GradeSheet!$M21="I (Incomplete)"), 0, IF(BB26>=65%, 1, 0)) -> 0 | ... BR26: =IF(OR(GradeSheet!$M21="W (Withdrawn)", GradeSheet!$M21="I (Incomplete)"), 0, IF(BF26>=65%, 1, 0)) -> 0
A27: 13 | B27: =GradeSheet!X22 -> 0 | C27: =GradeSheet!W22 -> 0 | D27: 0 | E27: 0 | F27: 0 | G27: 0 | H27: 0 | I27: 0 | J27: 0 | K27: 0 | L27: 0 | M27: 0 | N27: 0 | O27: 0 | P27: 0 | Q27: 0 | R27: 0 | S27: 0 | T27: 0 | U27: 0 | V27: 0 | W27: 0 | X27: 0 | Y27: 0 | Z27: 0 | AA27: 0 | AB27: =SUM(V27,D27,J27, P27) -> 0 | AC27: =SUM(W27,E27,K27, Q27) -> 0 | AD27: =SUM(X27,F27,L27, R27) -> 0 | AE27: =SUM(Y27,G27,M27, S27) -> 0 | AF27: =SUM(T27,H27,N27) -> 0 | AG27: =SUM(AA27,I27,O27) -> 0 | AH27: =IF(AB27 = 0, 0, AB27/AB$14) -> 0 | AI27: =IF(AC27 = 0, 0, AC27/AC$14) -> 0 | AJ27: =IF(AD27 = 0, 0, AD27/AD$14) -> 0 | AK27: =IF(AE27 = 0, 0, AE27/AE$14) -> 0 | AL27: =IF(AF27 = 0, 0, AF27/AF$14) -> 0 | AM27: =IF(AG27 = 0, 0, AG27/AG$14) -> 0 | AN27: =IF(OR(GradeSheet!$M22="W (Withdrawn)", GradeSheet!$M22="I (Incomplete)"), 0, IF(AH27>=55%, 1, 0)) -> 0 | AO27: =IF(OR(GradeSheet!$M22="W (Withdrawn)", GradeSheet!$M22="I (Incomplete)"), 0, IF(AI27>=55%, 1, 0)) -> 0 | AP27: =IF(OR(GradeSheet!$M22="W (Withdrawn)", GradeSheet!$M22="I (Incomplete)"), 0, IF(AJ27>=55%, 1, 0)) -> 0 | AQ27: =IF(OR(GradeSheet!$M22="W (Withdrawn)", GradeSheet!$M22="I (Incomplete)"), 0, IF(AK27>=55%, 1, 0)) -> 0 | AR27: =IF(OR(GradeSheet!$M22="W (Withdrawn)", GradeSheet!$M22="I (Incomplete)"), 0, IF(AL27>=55%, 1, 0)) -> 0 | AS27: =IF(OR(GradeSheet!$M22="W (Withdrawn)", GradeSheet!$M22="I (Incomplete)"), 0, IF(AM27>=55%, 1, 0)) -> 0 | AU27: =IF($AT$9=0,0,MMULT($AH27:$AM27, AT$3:AT$8)/$AT$9) -> 0 | AV27: =IF($AU$9=0,0,MMULT($AH27:$AM27, AU$3:AU$8)/$AU$9) -> 0 | AW27: {=IF($AV$9=0,0,MMULT($AH27:$AM27, AV$3:AV$8)/$AV$9)} -> 0 | AX27: {=IF($AW$9=0,0,MMULT($AH27:$AM27, AW$3:AW$8)/$AW$9)} -> 0 | AY27: =IF($AX$9=0,0,MMULT($AH27:$AM27, AX$3:AX$8)/$AX$9) -> 0 | AZ27: {=IF($AY$9=0,0,MMULT($AH27:$AM27, AY$3:AY$8)/$AY$9)} -> 0 | BA27: {=IF($AZ$9=0,0,MMULT($AH27:$AM27, AZ$3:AZ$8)/$AZ$9)} -> 0 | BB27: {=IF($BA$9=0,0,MMULT($AH27:$AM27, BA$3:BA$8)/$BA$9)} -> 0 | BC27: {=IF($BB$9=0,0,MMULT($AH27:$AM27, BB$3:BB$8)/$BB$9)} -> 0 | BD27: {=IF($BC$9=0,0,MMULT($AH27:$AM27, BC$3:BC$8)/$BC$9)} -> 0 | BE27: =IF($BD$9=0,0,MMULT($AH27:$AM27, BD$3:BD$8)/$BD$9) -> 0 | BF27: =IF($BE$9=0,0,MMULT($AH27:$AM27, BE$3:BE$8)/$BE$9) -> 0 | BG27: =IF(OR(GradeSheet!$M22="W (Withdrawn)", GradeSheet!$M22="I (Incomplete)"), 0, IF(AU27>=65%, 1, 0)) -> 0 | BH27: =IF(OR(GradeSheet!$M22="W (Withdrawn)", GradeSheet!$M22="I (Incomplete)"), 0, IF(AV27>=65%, 1, 0)) -> 0 | BI27: =IF(OR(GradeSheet!$M22="W (Withdrawn)", GradeSheet!$M22="I (Incomplete)"), 0, IF(AW27>=65%, 1, 0)) -> 0 | BJ27: =IF(OR(GradeSheet!$M22="W (Withdrawn)", GradeSheet!$M22="I (Incomplete)"), 0, IF(AX27>=65%, 1, 0)) -> 0 | BK27: =IF(OR(GradeSheet!$M22="W (Withdrawn)", GradeSheet!$M22="I (Incomplete)"), 0, IF(AY27>=65%, 1, 0)) -> 0 | BL27: =IF(OR(GradeSheet!$M22="W (Withdrawn)", GradeSheet!$M22="I (Incomplete)"), 0, IF(AZ27>=65%, 1, 0)) -> 0 | BM27: =IF(OR(GradeSheet!$M22="W (Withdrawn)", GradeSheet!$M22="I (Incomplete)"), 0, IF(BA27>=65%, 1, 0)) -> 0 | BN27: =IF(OR(GradeSheet!$M22="W (Withdrawn)", GradeSheet!$M22="I (Incomplete)"), 0, IF(BB27>=65%, 1, 0)) -> 0 | ... BR27: =IF(OR(GradeSheet!$M22="W (Withdrawn)", GradeSheet!$M22="I (Incomplete)"), 0, IF(BF27>=65%, 1, 0)) -> 0
A28: 14 | B28: =GradeSheet!X23 -> 0 | C28: =GradeSheet!W23 -> 0 | D28: 0 | E28: 0 | F28: 0 | G28: 0 | H28: 0 | I28: 0 | J28: 0 | K28: 0 | L28: 0 | M28: 0 | N28: 0 | O28: 0 | P28: 0 | Q28: 0 | R28: 0 | S28: 0 | T28: 0 | U28: 0 | V28: 0 | W28: 0 | X28: 0 | Y28: 0 | Z28: 0 | AA28: 0 | AB28: =SUM(V28,D28,J28, P28) -> 0 | AC28: =SUM(W28,E28,K28, Q28) -> 0 | AD28: =SUM(X28,F28,L28, R28) -> 0 | AE28: =SUM(Y28,G28,M28, S28) -> 0 | AF28: =SUM(T28,H28,N28) -> 0 | AG28: =SUM(AA28,I28,O28) -> 0 | AH28: =IF(AB28 = 0, 0, AB28/AB$14) -> 0 | AI28: =IF(AC28 = 0, 0, AC28/AC$14) -> 0 | AJ28: =IF(AD28 = 0, 0, AD28/AD$14) -> 0 | AK28: =IF(AE28 = 0, 0, AE28/AE$14) -> 0 | AL28: =IF(AF28 = 0, 0, AF28/AF$14) -> 0 | AM28: =IF(AG28 = 0, 0, AG28/AG$14) -> 0 | AN28: =IF(OR(GradeSheet!$M23="W (Withdrawn)", GradeSheet!$M23="I (Incomplete)"), 0, IF(AH28>=55%, 1, 0)) -> 0 | AO28: =IF(OR(GradeSheet!$M23="W (Withdrawn)", GradeSheet!$M23="I (Incomplete)"), 0, IF(AI28>=55%, 1, 0)) -> 0 | AP28: =IF(OR(GradeSheet!$M23="W (Withdrawn)", GradeSheet!$M23="I (Incomplete)"), 0, IF(AJ28>=55%, 1, 0)) -> 0 | AQ28: =IF(OR(GradeSheet!$M23="W (Withdrawn)", GradeSheet!$M23="I (Incomplete)"), 0, IF(AK28>=55%, 1, 0)) -> 0 | AR28: =IF(OR(GradeSheet!$M23="W (Withdrawn)", GradeSheet!$M23="I (Incomplete)"), 0, IF(AL28>=55%, 1, 0)) -> 0 | AS28: =IF(OR(GradeSheet!$M23="W (Withdrawn)", GradeSheet!$M23="I (Incomplete)"), 0, IF(AM28>=55%, 1, 0)) -> 0 | AU28: =IF($AT$9=0,0,MMULT($AH28:$AM28, AT$3:AT$8)/$AT$9) -> 0 | AV28: =IF($AU$9=0,0,MMULT($AH28:$AM28, AU$3:AU$8)/$AU$9) -> 0 | AW28: {=IF($AV$9=0,0,MMULT($AH28:$AM28, AV$3:AV$8)/$AV$9)} -> 0 | AX28: {=IF($AW$9=0,0,MMULT($AH28:$AM28, AW$3:AW$8)/$AW$9)} -> 0 | AY28: =IF($AX$9=0,0,MMULT($AH28:$AM28, AX$3:AX$8)/$AX$9) -> 0 | AZ28: {=IF($AY$9=0,0,MMULT($AH28:$AM28, AY$3:AY$8)/$AY$9)} -> 0 | BA28: {=IF($AZ$9=0,0,MMULT($AH28:$AM28, AZ$3:AZ$8)/$AZ$9)} -> 0 | BB28: {=IF($BA$9=0,0,MMULT($AH28:$AM28, BA$3:BA$8)/$BA$9)} -> 0 | BC28: {=IF($BB$9=0,0,MMULT($AH28:$AM28, BB$3:BB$8)/$BB$9)} -> 0 | BD28: {=IF($BC$9=0,0,MMULT($AH28:$AM28, BC$3:BC$8)/$BC$9)} -> 0 | BE28: =IF($BD$9=0,0,MMULT($AH28:$AM28, BD$3:BD$8)/$BD$9) -> 0 | BF28: =IF($BE$9=0,0,MMULT($AH28:$AM28, BE$3:BE$8)/$BE$9) -> 0 | BG28: =IF(OR(GradeSheet!$M23="W (Withdrawn)", GradeSheet!$M23="I (Incomplete)"), 0, IF(AU28>=65%, 1, 0)) -> 0 | BH28: =IF(OR(GradeSheet!$M23="W (Withdrawn)", GradeSheet!$M23="I (Incomplete)"), 0, IF(AV28>=65%, 1, 0)) -> 0 | BI28: =IF(OR(GradeSheet!$M23="W (Withdrawn)", GradeSheet!$M23="I (Incomplete)"), 0, IF(AW28>=65%, 1, 0)) -> 0 | BJ28: =IF(OR(GradeSheet!$M23="W (Withdrawn)", GradeSheet!$M23="I (Incomplete)"), 0, IF(AX28>=65%, 1, 0)) -> 0 | BK28: =IF(OR(GradeSheet!$M23="W (Withdrawn)", GradeSheet!$M23="I (Incomplete)"), 0, IF(AY28>=65%, 1, 0)) -> 0 | BL28: =IF(OR(GradeSheet!$M23="W (Withdrawn)", GradeSheet!$M23="I (Incomplete)"), 0, IF(AZ28>=65%, 1, 0)) -> 0 | BM28: =IF(OR(GradeSheet!$M23="W (Withdrawn)", GradeSheet!$M23="I (Incomplete)"), 0, IF(BA28>=65%, 1, 0)) -> 0 | BN28: =IF(OR(GradeSheet!$M23="W (Withdrawn)", GradeSheet!$M23="I (Incomplete)"), 0, IF(BB28>=65%, 1, 0)) -> 0 | ... BR28: =IF(OR(GradeSheet!$M23="W (Withdrawn)", GradeSheet!$M23="I (Incomplete)"), 0, IF(BF28>=65%, 1, 0)) -> 0
A29: 15 | B29: =GradeSheet!X24 -> 0 | C29: =GradeSheet!W24 -> 0 | D29: 0 | E29: 0 | F29: 0 | G29: 0 | H29: 0 | I29: 0 | J29: 0 | K29: 0 | L29: 0 | M29: 0 | N29: 0 | O29: 0 | P29: 0 | Q29: 0 | R29: 0 | S29: 0 | T29: 0 | U29: 0 | V29: 0 | W29: 0 | X29: 0 | Y29: 0 | Z29: 0 | AA29: 0 | AB29: =SUM(V29,D29,J29, P29) -> 0 | AC29: =SUM(W29,E29,K29, Q29) -> 0 | AD29: =SUM(X29,F29,L29, R29) -> 0 | AE29: =SUM(Y29,G29,M29, S29) -> 0 | AF29: =SUM(T29,H29,N29) -> 0 | AG29: =SUM(AA29,I29,O29) -> 0 | AH29: =IF(AB29 = 0, 0, AB29/AB$14) -> 0 | AI29: =IF(AC29 = 0, 0, AC29/AC$14) -> 0 | AJ29: =IF(AD29 = 0, 0, AD29/AD$14) -> 0 | AK29: =IF(AE29 = 0, 0, AE29/AE$14) -> 0 | AL29: =IF(AF29 = 0, 0, AF29/AF$14) -> 0 | AM29: =IF(AG29 = 0, 0, AG29/AG$14) -> 0 | AN29: =IF(OR(GradeSheet!$M24="W (Withdrawn)", GradeSheet!$M24="I (Incomplete)"), 0, IF(AH29>=55%, 1, 0)) -> 0 | AO29: =IF(OR(GradeSheet!$M24="W (Withdrawn)", GradeSheet!$M24="I (Incomplete)"), 0, IF(AI29>=55%, 1, 0)) -> 0 | AP29: =IF(OR(GradeSheet!$M24="W (Withdrawn)", GradeSheet!$M24="I (Incomplete)"), 0, IF(AJ29>=55%, 1, 0)) -> 0 | AQ29: =IF(OR(GradeSheet!$M24="W (Withdrawn)", GradeSheet!$M24="I (Incomplete)"), 0, IF(AK29>=55%, 1, 0)) -> 0 | AR29: =IF(OR(GradeSheet!$M24="W (Withdrawn)", GradeSheet!$M24="I (Incomplete)"), 0, IF(AL29>=55%, 1, 0)) -> 0 | AS29: =IF(OR(GradeSheet!$M24="W (Withdrawn)", GradeSheet!$M24="I (Incomplete)"), 0, IF(AM29>=55%, 1, 0)) -> 0 | AU29: =IF($AT$9=0,0,MMULT($AH29:$AM29, AT$3:AT$8)/$AT$9) -> 0 | AV29: =IF($AU$9=0,0,MMULT($AH29:$AM29, AU$3:AU$8)/$AU$9) -> 0 | AW29: {=IF($AV$9=0,0,MMULT($AH29:$AM29, AV$3:AV$8)/$AV$9)} -> 0 | AX29: {=IF($AW$9=0,0,MMULT($AH29:$AM29, AW$3:AW$8)/$AW$9)} -> 0 | AY29: =IF($AX$9=0,0,MMULT($AH29:$AM29, AX$3:AX$8)/$AX$9) -> 0 | AZ29: {=IF($AY$9=0,0,MMULT($AH29:$AM29, AY$3:AY$8)/$AY$9)} -> 0 | BA29: {=IF($AZ$9=0,0,MMULT($AH29:$AM29, AZ$3:AZ$8)/$AZ$9)} -> 0 | BB29: {=IF($BA$9=0,0,MMULT($AH29:$AM29, BA$3:BA$8)/$BA$9)} -> 0 | BC29: {=IF($BB$9=0,0,MMULT($AH29:$AM29, BB$3:BB$8)/$BB$9)} -> 0 | BD29: {=IF($BC$9=0,0,MMULT($AH29:$AM29, BC$3:BC$8)/$BC$9)} -> 0 | BE29: =IF($BD$9=0,0,MMULT($AH29:$AM29, BD$3:BD$8)/$BD$9) -> 0 | BF29: =IF($BE$9=0,0,MMULT($AH29:$AM29, BE$3:BE$8)/$BE$9) -> 0 | BG29: =IF(OR(GradeSheet!$M24="W (Withdrawn)", GradeSheet!$M24="I (Incomplete)"), 0, IF(AU29>=65%, 1, 0)) -> 0 | BH29: =IF(OR(GradeSheet!$M24="W (Withdrawn)", GradeSheet!$M24="I (Incomplete)"), 0, IF(AV29>=65%, 1, 0)) -> 0 | BI29: =IF(OR(GradeSheet!$M24="W (Withdrawn)", GradeSheet!$M24="I (Incomplete)"), 0, IF(AW29>=65%, 1, 0)) -> 0 | BJ29: =IF(OR(GradeSheet!$M24="W (Withdrawn)", GradeSheet!$M24="I (Incomplete)"), 0, IF(AX29>=65%, 1, 0)) -> 0 | BK29: =IF(OR(GradeSheet!$M24="W (Withdrawn)", GradeSheet!$M24="I (Incomplete)"), 0, IF(AY29>=65%, 1, 0)) -> 0 | BL29: =IF(OR(GradeSheet!$M24="W (Withdrawn)", GradeSheet!$M24="I (Incomplete)"), 0, IF(AZ29>=65%, 1, 0)) -> 0 | BM29: =IF(OR(GradeSheet!$M24="W (Withdrawn)", GradeSheet!$M24="I (Incomplete)"), 0, IF(BA29>=65%, 1, 0)) -> 0 | BN29: =IF(OR(GradeSheet!$M24="W (Withdrawn)", GradeSheet!$M24="I (Incomplete)"), 0, IF(BB29>=65%, 1, 0)) -> 0 | ... BR29: =IF(OR(GradeSheet!$M24="W (Withdrawn)", GradeSheet!$M24="I (Incomplete)"), 0, IF(BF29>=65%, 1, 0)) -> 0
A30: 16 | B30: =GradeSheet!X25 -> 0 | C30: =GradeSheet!W25 -> 0 | D30: 0 | E30: 0 | F30: 0 | G30: 0 | H30: 0 | I30: 0 | J30: 0 | K30: 0 | L30: 0 | M30: 0 | N30: 0 | O30: 0 | P30: 0 | Q30: 0 | R30: 0 | S30: 0 | T30: 0 | U30: 0 | V30: 0 | W30: 0 | X30: 0 | Y30: 0 | Z30: 0 | AA30: 0 | AB30: =SUM(V30,D30,J30, P30) -> 0 | AC30: =SUM(W30,E30,K30, Q30) -> 0 | AD30: =SUM(X30,F30,L30, R30) -> 0 | AE30: =SUM(Y30,G30,M30, S30) -> 0 | AF30: =SUM(T30,H30,N30) -> 0 | AG30: =SUM(AA30,I30,O30) -> 0 | AH30: =IF(AB30 = 0, 0, AB30/AB$14) -> 0 | AI30: =IF(AC30 = 0, 0, AC30/AC$14) -> 0 | AJ30: =IF(AD30 = 0, 0, AD30/AD$14) -> 0 | AK30: =IF(AE30 = 0, 0, AE30/AE$14) -> 0 | AL30: =IF(AF30 = 0, 0, AF30/AF$14) -> 0 | AM30: =IF(AG30 = 0, 0, AG30/AG$14) -> 0 | AN30: =IF(OR(GradeSheet!$M25="W (Withdrawn)", GradeSheet!$M25="I (Incomplete)"), 0, IF(AH30>=55%, 1, 0)) -> 0 | AO30: =IF(OR(GradeSheet!$M25="W (Withdrawn)", GradeSheet!$M25="I (Incomplete)"), 0, IF(AI30>=55%, 1, 0)) -> 0 | AP30: =IF(OR(GradeSheet!$M25="W (Withdrawn)", GradeSheet!$M25="I (Incomplete)"), 0, IF(AJ30>=55%, 1, 0)) -> 0 | AQ30: =IF(OR(GradeSheet!$M25="W (Withdrawn)", GradeSheet!$M25="I (Incomplete)"), 0, IF(AK30>=55%, 1, 0)) -> 0 | AR30: =IF(OR(GradeSheet!$M25="W (Withdrawn)", GradeSheet!$M25="I (Incomplete)"), 0, IF(AL30>=55%, 1, 0)) -> 0 | AS30: =IF(OR(GradeSheet!$M25="W (Withdrawn)", GradeSheet!$M25="I (Incomplete)"), 0, IF(AM30>=55%, 1, 0)) -> 0 | AU30: =IF($AT$9=0,0,MMULT($AH30:$AM30, AT$3:AT$8)/$AT$9) -> 0 | AV30: =IF($AU$9=0,0,MMULT($AH30:$AM30, AU$3:AU$8)/$AU$9) -> 0 | AW30: {=IF($AV$9=0,0,MMULT($AH30:$AM30, AV$3:AV$8)/$AV$9)} -> 0 | AX30: {=IF($AW$9=0,0,MMULT($AH30:$AM30, AW$3:AW$8)/$AW$9)} -> 0 | AY30: =IF($AX$9=0,0,MMULT($AH30:$AM30, AX$3:AX$8)/$AX$9) -> 0 | AZ30: {=IF($AY$9=0,0,MMULT($AH30:$AM30, AY$3:AY$8)/$AY$9)} -> 0 | BA30: {=IF($AZ$9=0,0,MMULT($AH30:$AM30, AZ$3:AZ$8)/$AZ$9)} -> 0 | BB30: {=IF($BA$9=0,0,MMULT($AH30:$AM30, BA$3:BA$8)/$BA$9)} -> 0 | BC30: {=IF($BB$9=0,0,MMULT($AH30:$AM30, BB$3:BB$8)/$BB$9)} -> 0 | BD30: {=IF($BC$9=0,0,MMULT($AH30:$AM30, BC$3:BC$8)/$BC$9)} -> 0 | BE30: =IF($BD$9=0,0,MMULT($AH30:$AM30, BD$3:BD$8)/$BD$9) -> 0 | BF30: =IF($BE$9=0,0,MMULT($AH30:$AM30, BE$3:BE$8)/$BE$9) -> 0 | BG30: =IF(OR(GradeSheet!$M25="W (Withdrawn)", GradeSheet!$M25="I (Incomplete)"), 0, IF(AU30>=65%, 1, 0)) -> 0 | BH30: =IF(OR(GradeSheet!$M25="W (Withdrawn)", GradeSheet!$M25="I (Incomplete)"), 0, IF(AV30>=65%, 1, 0)) -> 0 | BI30: =IF(OR(GradeSheet!$M25="W (Withdrawn)", GradeSheet!$M25="I (Incomplete)"), 0, IF(AW30>=65%, 1, 0)) -> 0 | BJ30: =IF(OR(GradeSheet!$M25="W (Withdrawn)", GradeSheet!$M25="I (Incomplete)"), 0, IF(AX30>=65%, 1, 0)) -> 0 | BK30: =IF(OR(GradeSheet!$M25="W (Withdrawn)", GradeSheet!$M25="I (Incomplete)"), 0, IF(AY30>=65%, 1, 0)) -> 0 | BL30: =IF(OR(GradeSheet!$M25="W (Withdrawn)", GradeSheet!$M25="I (Incomplete)"), 0, IF(AZ30>=65%, 1, 0)) -> 0 | BM30: =IF(OR(GradeSheet!$M25="W (Withdrawn)", GradeSheet!$M25="I (Incomplete)"), 0, IF(BA30>=65%, 1, 0)) -> 0 | BN30: =IF(OR(GradeSheet!$M25="W (Withdrawn)", GradeSheet!$M25="I (Incomplete)"), 0, IF(BB30>=65%, 1, 0)) -> 0 | ... BR30: =IF(OR(GradeSheet!$M25="W (Withdrawn)", GradeSheet!$M25="I (Incomplete)"), 0, IF(BF30>=65%, 1, 0)) -> 0
A31: 17 | B31: =GradeSheet!X26 -> 0 | C31: =GradeSheet!W26 -> 0 | D31: 0 | E31: 0 | F31: 0 | G31: 0 | H31: 0 | I31: 0 | J31: 0 | K31: 0 | L31: 0 | M31: 0 | N31: 0 | O31: 0 | P31: 0 | Q31: 0 | R31: 0 | S31: 0 | T31: 0 | U31: 0 | V31: 0 | W31: 0 | X31: 0 | Y31: 0 | Z31: 0 | AA31: 0 | AB31: =SUM(V31,D31,J31, P31) -> 0 | AC31: =SUM(W31,E31,K31, Q31) -> 0 | AD31: =SUM(X31,F31,L31, R31) -> 0 | AE31: =SUM(Y31,G31,M31, S31) -> 0 | AF31: =SUM(T31,H31,N31) -> 0 | AG31: =SUM(AA31,I31,O31) -> 0 | AH31: =IF(AB31 = 0, 0, AB31/AB$14) -> 0 | AI31: =IF(AC31 = 0, 0, AC31/AC$14) -> 0 | AJ31: =IF(AD31 = 0, 0, AD31/AD$14) -> 0 | AK31: =IF(AE31 = 0, 0, AE31/AE$14) -> 0 | AL31: =IF(AF31 = 0, 0, AF31/AF$14) -> 0 | AM31: =IF(AG31 = 0, 0, AG31/AG$14) -> 0 | AN31: 1 | AO31: =IF(OR(GradeSheet!$M26="W (Withdrawn)", GradeSheet!$M26="I (Incomplete)"), 0, IF(AI31>=55%, 1, 0)) -> 0 | AP31: =IF(OR(GradeSheet!$M26="W (Withdrawn)", GradeSheet!$M26="I (Incomplete)"), 0, IF(AJ31>=55%, 1, 0)) -> 0 | AQ31: =IF(OR(GradeSheet!$M26="W (Withdrawn)", GradeSheet!$M26="I (Incomplete)"), 0, IF(AK31>=55%, 1, 0)) -> 0 | AR31: =IF(OR(GradeSheet!$M26="W (Withdrawn)", GradeSheet!$M26="I (Incomplete)"), 0, IF(AL31>=55%, 1, 0)) -> 0 | AS31: =IF(OR(GradeSheet!$M26="W (Withdrawn)", GradeSheet!$M26="I (Incomplete)"), 0, IF(AM31>=55%, 1, 0)) -> 0 | AU31: =IF($AT$9=0,0,MMULT($AH31:$AM31, AT$3:AT$8)/$AT$9) -> 0 | AV31: =IF($AU$9=0,0,MMULT($AH31:$AM31, AU$3:AU$8)/$AU$9) -> 0 | AW31: {=IF($AV$9=0,0,MMULT($AH31:$AM31, AV$3:AV$8)/$AV$9)} -> 0 | AX31: {=IF($AW$9=0,0,MMULT($AH31:$AM31, AW$3:AW$8)/$AW$9)} -> 0 | AY31: =IF($AX$9=0,0,MMULT($AH31:$AM31, AX$3:AX$8)/$AX$9) -> 0 | AZ31: {=IF($AY$9=0,0,MMULT($AH31:$AM31, AY$3:AY$8)/$AY$9)} -> 0 | BA31: {=IF($AZ$9=0,0,MMULT($AH31:$AM31, AZ$3:AZ$8)/$AZ$9)} -> 0 | BB31: {=IF($BA$9=0,0,MMULT($AH31:$AM31, BA$3:BA$8)/$BA$9)} -> 0 | BC31: {=IF($BB$9=0,0,MMULT($AH31:$AM31, BB$3:BB$8)/$BB$9)} -> 0 | BD31: {=IF($BC$9=0,0,MMULT($AH31:$AM31, BC$3:BC$8)/$BC$9)} -> 0 | BE31: =IF($BD$9=0,0,MMULT($AH31:$AM31, BD$3:BD$8)/$BD$9) -> 0 | BF31: =IF($BE$9=0,0,MMULT($AH31:$AM31, BE$3:BE$8)/$BE$9) -> 0 | BG31: =IF(OR(GradeSheet!$M26="W (Withdrawn)", GradeSheet!$M26="I (Incomplete)"), 0, IF(AU31>=65%, 1, 0)) -> 0 | BH31: =IF(OR(GradeSheet!$M26="W (Withdrawn)", GradeSheet!$M26="I (Incomplete)"), 0, IF(AV31>=65%, 1, 0)) -> 0 | BI31: =IF(OR(GradeSheet!$M26="W (Withdrawn)", GradeSheet!$M26="I (Incomplete)"), 0, IF(AW31>=65%, 1, 0)) -> 0 | BJ31: =IF(OR(GradeSheet!$M26="W (Withdrawn)", GradeSheet!$M26="I (Incomplete)"), 0, IF(AX31>=65%, 1, 0)) -> 0 | BK31: =IF(OR(GradeSheet!$M26="W (Withdrawn)", GradeSheet!$M26="I (Incomplete)"), 0, IF(AY31>=65%, 1, 0)) -> 0 | BL31: =IF(OR(GradeSheet!$M26="W (Withdrawn)", GradeSheet!$M26="I (Incomplete)"), 0, IF(AZ31>=65%, 1, 0)) -> 0 | BM31: =IF(OR(GradeSheet!$M26="W (Withdrawn)", GradeSheet!$M26="I (Incomplete)"), 0, IF(BA31>=65%, 1, 0)) -> 0 | BN31: =IF(OR(GradeSheet!$M26="W (Withdrawn)", GradeSheet!$M26="I (Incomplete)"), 0, IF(BB31>=65%, 1, 0)) -> 0 | ... BR31: =IF(OR(GradeSheet!$M26="W (Withdrawn)", GradeSheet!$M26="I (Incomplete)"), 0, IF(BF31>=65%, 1, 0)) -> 0
A32: 18 | B32: =GradeSheet!X27 -> 0 | C32: =GradeSheet!W27 -> 0 | D32: 0 | E32: 0 | F32: 0 | G32: 0 | H32: 0 | I32: 0 | J32: 0 | K32: 0 | L32: 0 | M32: 0 | N32: 0 | O32: 0 | P32: 0 | Q32: 0 | R32: 0 | S32: 0 | T32: 0 | U32: 0 | V32: 0 | W32: 0 | X32: 0 | Y32: 0 | Z32: 0 | AA32: 0 | AB32: =SUM(V32,D32,J32, P32) -> 0 | AC32: =SUM(W32,E32,K32, Q32) -> 0 | AD32: =SUM(X32,F32,L32, R32) -> 0 | AE32: =SUM(Y32,G32,M32, S32) -> 0 | AF32: =SUM(T32,H32,N32) -> 0 | AG32: =SUM(AA32,I32,O32) -> 0 | AH32: =IF(AB32 = 0, 0, AB32/AB$14) -> 0 | AI32: =IF(AC32 = 0, 0, AC32/AC$14) -> 0 | AJ32: =IF(AD32 = 0, 0, AD32/AD$14) -> 0 | AK32: =IF(AE32 = 0, 0, AE32/AE$14) -> 0 | AL32: =IF(AF32 = 0, 0, AF32/AF$14) -> 0 | AM32: =IF(AG32 = 0, 0, AG32/AG$14) -> 0 | AN32: =IF(OR(GradeSheet!$M27="W (Withdrawn)", GradeSheet!$M27="I (Incomplete)"), 0, IF(AH32>=55%, 1, 0)) -> 0 | AO32: =IF(OR(GradeSheet!$M27="W (Withdrawn)", GradeSheet!$M27="I (Incomplete)"), 0, IF(AI32>=55%, 1, 0)) -> 0 | AP32: =IF(OR(GradeSheet!$M27="W (Withdrawn)", GradeSheet!$M27="I (Incomplete)"), 0, IF(AJ32>=55%, 1, 0)) -> 0 | AQ32: =IF(OR(GradeSheet!$M27="W (Withdrawn)", GradeSheet!$M27="I (Incomplete)"), 0, IF(AK32>=55%, 1, 0)) -> 0 | AR32: =IF(OR(GradeSheet!$M27="W (Withdrawn)", GradeSheet!$M27="I (Incomplete)"), 0, IF(AL32>=55%, 1, 0)) -> 0 | AS32: =IF(OR(GradeSheet!$M27="W (Withdrawn)", GradeSheet!$M27="I (Incomplete)"), 0, IF(AM32>=55%, 1, 0)) -> 0 | AU32: =IF($AT$9=0,0,MMULT($AH32:$AM32, AT$3:AT$8)/$AT$9) -> 0 | AV32: =IF($AU$9=0,0,MMULT($AH32:$AM32, AU$3:AU$8)/$AU$9) -> 0 | AW32: {=IF($AV$9=0,0,MMULT($AH32:$AM32, AV$3:AV$8)/$AV$9)} -> 0 | AX32: {=IF($AW$9=0,0,MMULT($AH32:$AM32, AW$3:AW$8)/$AW$9)} -> 0 | AY32: =IF($AX$9=0,0,MMULT($AH32:$AM32, AX$3:AX$8)/$AX$9) -> 0 | AZ32: {=IF($AY$9=0,0,MMULT($AH32:$AM32, AY$3:AY$8)/$AY$9)} -> 0 | BA32: {=IF($AZ$9=0,0,MMULT($AH32:$AM32, AZ$3:AZ$8)/$AZ$9)} -> 0 | BB32: {=IF($BA$9=0,0,MMULT($AH32:$AM32, BA$3:BA$8)/$BA$9)} -> 0 | BC32: {=IF($BB$9=0,0,MMULT($AH32:$AM32, BB$3:BB$8)/$BB$9)} -> 0 | BD32: {=IF($BC$9=0,0,MMULT($AH32:$AM32, BC$3:BC$8)/$BC$9)} -> 0 | BE32: =IF($BD$9=0,0,MMULT($AH32:$AM32, BD$3:BD$8)/$BD$9) -> 0 | BF32: =IF($BE$9=0,0,MMULT($AH32:$AM32, BE$3:BE$8)/$BE$9) -> 0 | BG32: =IF(OR(GradeSheet!$M27="W (Withdrawn)", GradeSheet!$M27="I (Incomplete)"), 0, IF(AU32>=65%, 1, 0)) -> 0 | BH32: =IF(OR(GradeSheet!$M27="W (Withdrawn)", GradeSheet!$M27="I (Incomplete)"), 0, IF(AV32>=65%, 1, 0)) -> 0 | BI32: =IF(OR(GradeSheet!$M27="W (Withdrawn)", GradeSheet!$M27="I (Incomplete)"), 0, IF(AW32>=65%, 1, 0)) -> 0 | BJ32: =IF(OR(GradeSheet!$M27="W (Withdrawn)", GradeSheet!$M27="I (Incomplete)"), 0, IF(AX32>=65%, 1, 0)) -> 0 | BK32: =IF(OR(GradeSheet!$M27="W (Withdrawn)", GradeSheet!$M27="I (Incomplete)"), 0, IF(AY32>=65%, 1, 0)) -> 0 | BL32: =IF(OR(GradeSheet!$M27="W (Withdrawn)", GradeSheet!$M27="I (Incomplete)"), 0, IF(AZ32>=65%, 1, 0)) -> 0 | BM32: =IF(OR(GradeSheet!$M27="W (Withdrawn)", GradeSheet!$M27="I (Incomplete)"), 0, IF(BA32>=65%, 1, 0)) -> 0 | BN32: =IF(OR(GradeSheet!$M27="W (Withdrawn)", GradeSheet!$M27="I (Incomplete)"), 0, IF(BB32>=65%, 1, 0)) -> 0 | ... BR32: =IF(OR(GradeSheet!$M27="W (Withdrawn)", GradeSheet!$M27="I (Incomplete)"), 0, IF(BF32>=65%, 1, 0)) -> 0
A33: 19 | B33: =GradeSheet!X28 -> 0 | C33: =GradeSheet!W28 -> 0 | D33: 0 | E33: 0 | F33: 0 | G33: 0 | H33: 0 | I33: 0 | J33: 0 | K33: 0 | L33: 0 | M33: 0 | N33: 0 | O33: 0 | P33: 0 | Q33: 0 | R33: 0 | S33: 0 | T33: 0 | U33: 0 | V33: 0 | W33: 0 | X33: 0 | Y33: 0 | Z33: 0 | AA33: 0 | AB33: =SUM(V33,D33,J33, P33) -> 0 | AC33: =SUM(W33,E33,K33, Q33) -> 0 | AD33: =SUM(X33,F33,L33, R33) -> 0 | AE33: =SUM(Y33,G33,M33, S33) -> 0 | AF33: =SUM(T33,H33,N33) -> 0 | AG33: =SUM(AA33,I33,O33) -> 0 | AH33: =IF(AB33 = 0, 0, AB33/AB$14) -> 0 | AI33: =IF(AC33 = 0, 0, AC33/AC$14) -> 0 | AJ33: =IF(AD33 = 0, 0, AD33/AD$14) -> 0 | AK33: =IF(AE33 = 0, 0, AE33/AE$14) -> 0 | AL33: =IF(AF33 = 0, 0, AF33/AF$14) -> 0 | AM33: =IF(AG33 = 0, 0, AG33/AG$14) -> 0 | AN33: =IF(OR(GradeSheet!$M28="W (Withdrawn)", GradeSheet!$M28="I (Incomplete)"), 0, IF(AH33>=55%, 1, 0)) -> 0 | AO33: =IF(OR(GradeSheet!$M28="W (Withdrawn)", GradeSheet!$M28="I (Incomplete)"), 0, IF(AI33>=55%, 1, 0)) -> 0 | AP33: =IF(OR(GradeSheet!$M28="W (Withdrawn)", GradeSheet!$M28="I (Incomplete)"), 0, IF(AJ33>=55%, 1, 0)) -> 0 | AQ33: =IF(OR(GradeSheet!$M28="W (Withdrawn)", GradeSheet!$M28="I (Incomplete)"), 0, IF(AK33>=55%, 1, 0)) -> 0 | AR33: =IF(OR(GradeSheet!$M28="W (Withdrawn)", GradeSheet!$M28="I (Incomplete)"), 0, IF(AL33>=55%, 1, 0)) -> 0 | AS33: =IF(OR(GradeSheet!$M28="W (Withdrawn)", GradeSheet!$M28="I (Incomplete)"), 0, IF(AM33>=55%, 1, 0)) -> 0 | AU33: =IF($AT$9=0,0,MMULT($AH33:$AM33, AT$3:AT$8)/$AT$9) -> 0 | AV33: =IF($AU$9=0,0,MMULT($AH33:$AM33, AU$3:AU$8)/$AU$9) -> 0 | AW33: {=IF($AV$9=0,0,MMULT($AH33:$AM33, AV$3:AV$8)/$AV$9)} -> 0 | AX33: {=IF($AW$9=0,0,MMULT($AH33:$AM33, AW$3:AW$8)/$AW$9)} -> 0 | AY33: =IF($AX$9=0,0,MMULT($AH33:$AM33, AX$3:AX$8)/$AX$9) -> 0 | AZ33: {=IF($AY$9=0,0,MMULT($AH33:$AM33, AY$3:AY$8)/$AY$9)} -> 0 | BA33: {=IF($AZ$9=0,0,MMULT($AH33:$AM33, AZ$3:AZ$8)/$AZ$9)} -> 0 | BB33: {=IF($BA$9=0,0,MMULT($AH33:$AM33, BA$3:BA$8)/$BA$9)} -> 0 | BC33: {=IF($BB$9=0,0,MMULT($AH33:$AM33, BB$3:BB$8)/$BB$9)} -> 0 | BD33: {=IF($BC$9=0,0,MMULT($AH33:$AM33, BC$3:BC$8)/$BC$9)} -> 0 | BE33: =IF($BD$9=0,0,MMULT($AH33:$AM33, BD$3:BD$8)/$BD$9) -> 0 | BF33: =IF($BE$9=0,0,MMULT($AH33:$AM33, BE$3:BE$8)/$BE$9) -> 0 | BG33: =IF(OR(GradeSheet!$M28="W (Withdrawn)", GradeSheet!$M28="I (Incomplete)"), 0, IF(AU33>=65%, 1, 0)) -> 0 | BH33: =IF(OR(GradeSheet!$M28="W (Withdrawn)", GradeSheet!$M28="I (Incomplete)"), 0, IF(AV33>=65%, 1, 0)) -> 0 | BI33: =IF(OR(GradeSheet!$M28="W (Withdrawn)", GradeSheet!$M28="I (Incomplete)"), 0, IF(AW33>=65%, 1, 0)) -> 0 | BJ33: =IF(OR(GradeSheet!$M28="W (Withdrawn)", GradeSheet!$M28="I (Incomplete)"), 0, IF(AX33>=65%, 1, 0)) -> 0 | BK33: =IF(OR(GradeSheet!$M28="W (Withdrawn)", GradeSheet!$M28="I (Incomplete)"), 0, IF(AY33>=65%, 1, 0)) -> 0 | BL33: =IF(OR(GradeSheet!$M28="W (Withdrawn)", GradeSheet!$M28="I (Incomplete)"), 0, IF(AZ33>=65%, 1, 0)) -> 0 | BM33: =IF(OR(GradeSheet!$M28="W (Withdrawn)", GradeSheet!$M28="I (Incomplete)"), 0, IF(BA33>=65%, 1, 0)) -> 0 | BN33: =IF(OR(GradeSheet!$M28="W (Withdrawn)", GradeSheet!$M28="I (Incomplete)"), 0, IF(BB33>=65%, 1, 0)) -> 0 | ... BR33: =IF(OR(GradeSheet!$M28="W (Withdrawn)", GradeSheet!$M28="I (Incomplete)"), 0, IF(BF33>=65%, 1, 0)) -> 0
A34: 20 | B34: =GradeSheet!X29 -> 0 | C34: =GradeSheet!W29 -> 0 | D34: 0 | E34: 0 | F34: 0 | G34: 0 | H34: 0 | I34: 0 | J34: 0 | K34: 0 | L34: 0 | M34: 0 | N34: 0 | O34: 0 | P34: 0 | Q34: 0 | R34: 0 | S34: 0 | T34: 0 | U34: 0 | V34: 0 | W34: 0 | X34: 0 | Y34: 0 | Z34: 0 | AA34: 0 | AB34: =SUM(V34,D34,J34, P34) -> 0 | AC34: =SUM(W34,E34,K34, Q34) -> 0 | AD34: =SUM(X34,F34,L34, R34) -> 0 | AE34: =SUM(Y34,G34,M34, S34) -> 0 | AF34: =SUM(T34,H34,N34) -> 0 | AG34: =SUM(AA34,I34,O34) -> 0 | AH34: =IF(AB34 = 0, 0, AB34/AB$14) -> 0 | AI34: =IF(AC34 = 0, 0, AC34/AC$14) -> 0 | AJ34: =IF(AD34 = 0, 0, AD34/AD$14) -> 0 | AK34: =IF(AE34 = 0, 0, AE34/AE$14) -> 0 | AL34: =IF(AF34 = 0, 0, AF34/AF$14) -> 0 | AM34: =IF(AG34 = 0, 0, AG34/AG$14) -> 0 | AN34: =IF(OR(GradeSheet!$M29="W (Withdrawn)", GradeSheet!$M29="I (Incomplete)"), 0, IF(AH34>=55%, 1, 0)) -> 0 | AO34: =IF(OR(GradeSheet!$M29="W (Withdrawn)", GradeSheet!$M29="I (Incomplete)"), 0, IF(AI34>=55%, 1, 0)) -> 0 | AP34: =IF(OR(GradeSheet!$M29="W (Withdrawn)", GradeSheet!$M29="I (Incomplete)"), 0, IF(AJ34>=55%, 1, 0)) -> 0 | AQ34: =IF(OR(GradeSheet!$M29="W (Withdrawn)", GradeSheet!$M29="I (Incomplete)"), 0, IF(AK34>=55%, 1, 0)) -> 0 | AR34: =IF(OR(GradeSheet!$M29="W (Withdrawn)", GradeSheet!$M29="I (Incomplete)"), 0, IF(AL34>=55%, 1, 0)) -> 0 | AS34: =IF(OR(GradeSheet!$M29="W (Withdrawn)", GradeSheet!$M29="I (Incomplete)"), 0, IF(AM34>=55%, 1, 0)) -> 0 | AU34: =IF($AT$9=0,0,MMULT($AH34:$AM34, AT$3:AT$8)/$AT$9) -> 0 | AV34: =IF($AU$9=0,0,MMULT($AH34:$AM34, AU$3:AU$8)/$AU$9) -> 0 | AW34: {=IF($AV$9=0,0,MMULT($AH34:$AM34, AV$3:AV$8)/$AV$9)} -> 0 | AX34: {=IF($AW$9=0,0,MMULT($AH34:$AM34, AW$3:AW$8)/$AW$9)} -> 0 | AY34: =IF($AX$9=0,0,MMULT($AH34:$AM34, AX$3:AX$8)/$AX$9) -> 0 | AZ34: {=IF($AY$9=0,0,MMULT($AH34:$AM34, AY$3:AY$8)/$AY$9)} -> 0 | BA34: {=IF($AZ$9=0,0,MMULT($AH34:$AM34, AZ$3:AZ$8)/$AZ$9)} -> 0 | BB34: {=IF($BA$9=0,0,MMULT($AH34:$AM34, BA$3:BA$8)/$BA$9)} -> 0 | BC34: {=IF($BB$9=0,0,MMULT($AH34:$AM34, BB$3:BB$8)/$BB$9)} -> 0 | BD34: {=IF($BC$9=0,0,MMULT($AH34:$AM34, BC$3:BC$8)/$BC$9)} -> 0 | BE34: =IF($BD$9=0,0,MMULT($AH34:$AM34, BD$3:BD$8)/$BD$9) -> 0 | BF34: =IF($BE$9=0,0,MMULT($AH34:$AM34, BE$3:BE$8)/$BE$9) -> 0 | BG34: =IF(OR(GradeSheet!$M29="W (Withdrawn)", GradeSheet!$M29="I (Incomplete)"), 0, IF(AU34>=65%, 1, 0)) -> 0 | BH34: =IF(OR(GradeSheet!$M29="W (Withdrawn)", GradeSheet!$M29="I (Incomplete)"), 0, IF(AV34>=65%, 1, 0)) -> 0 | BI34: =IF(OR(GradeSheet!$M29="W (Withdrawn)", GradeSheet!$M29="I (Incomplete)"), 0, IF(AW34>=65%, 1, 0)) -> 0 | BJ34: =IF(OR(GradeSheet!$M29="W (Withdrawn)", GradeSheet!$M29="I (Incomplete)"), 0, IF(AX34>=65%, 1, 0)) -> 0 | BK34: =IF(OR(GradeSheet!$M29="W (Withdrawn)", GradeSheet!$M29="I (Incomplete)"), 0, IF(AY34>=65%, 1, 0)) -> 0 | BL34: =IF(OR(GradeSheet!$M29="W (Withdrawn)", GradeSheet!$M29="I (Incomplete)"), 0, IF(AZ34>=65%, 1, 0)) -> 0 | BM34: =IF(OR(GradeSheet!$M29="W (Withdrawn)", GradeSheet!$M29="I (Incomplete)"), 0, IF(BA34>=65%, 1, 0)) -> 0 | BN34: =IF(OR(GradeSheet!$M29="W (Withdrawn)", GradeSheet!$M29="I (Incomplete)"), 0, IF(BB34>=65%, 1, 0)) -> 0 | ... BR34: =IF(OR(GradeSheet!$M29="W (Withdrawn)", GradeSheet!$M29="I (Incomplete)"), 0, IF(BF34>=65%, 1, 0)) -> 0
A35: 21 | B35: =GradeSheet!X30 -> 0 | C35: =GradeSheet!W30 -> 0 | D35: 0 | E35: 0 | F35: 0 | G35: 0 | H35: 0 | I35: 0 | J35: 0 | K35: 0 | L35: 0 | M35: 0 | N35: 0 | O35: 0 | P35: 0 | Q35: 0 | R35: 0 | S35: 0 | T35: 0 | U35: 0 | V35: 0 | W35: 0 | X35: 0 | Y35: 0 | Z35: 0 | AA35: 0 | AB35: =SUM(V35,D35,J35, P35) -> 0 | AC35: =SUM(W35,E35,K35, Q35) -> 0 | AD35: =SUM(X35,F35,L35, R35) -> 0 | AE35: =SUM(Y35,G35,M35, S35) -> 0 | AF35: =SUM(T35,H35,N35) -> 0 | AG35: =SUM(AA35,I35,O35) -> 0 | AH35: =IF(AB35 = 0, 0, AB35/AB$14) -> 0 | AI35: =IF(AC35 = 0, 0, AC35/AC$14) -> 0 | AJ35: =IF(AD35 = 0, 0, AD35/AD$14) -> 0 | AK35: =IF(AE35 = 0, 0, AE35/AE$14) -> 0 | AL35: =IF(AF35 = 0, 0, AF35/AF$14) -> 0 | AM35: =IF(AG35 = 0, 0, AG35/AG$14) -> 0 | AN35: =IF(OR(GradeSheet!$M30="W (Withdrawn)", GradeSheet!$M30="I (Incomplete)"), 0, IF(AH35>=55%, 1, 0)) -> 0 | AO35: =IF(OR(GradeSheet!$M30="W (Withdrawn)", GradeSheet!$M30="I (Incomplete)"), 0, IF(AI35>=55%, 1, 0)) -> 0 | AP35: =IF(OR(GradeSheet!$M30="W (Withdrawn)", GradeSheet!$M30="I (Incomplete)"), 0, IF(AJ35>=55%, 1, 0)) -> 0 | AQ35: =IF(OR(GradeSheet!$M30="W (Withdrawn)", GradeSheet!$M30="I (Incomplete)"), 0, IF(AK35>=55%, 1, 0)) -> 0 | AR35: =IF(OR(GradeSheet!$M30="W (Withdrawn)", GradeSheet!$M30="I (Incomplete)"), 0, IF(AL35>=55%, 1, 0)) -> 0 | AS35: =IF(OR(GradeSheet!$M30="W (Withdrawn)", GradeSheet!$M30="I (Incomplete)"), 0, IF(AM35>=55%, 1, 0)) -> 0 | AU35: =IF($AT$9=0,0,MMULT($AH35:$AM35, AT$3:AT$8)/$AT$9) -> 0 | AV35: =IF($AU$9=0,0,MMULT($AH35:$AM35, AU$3:AU$8)/$AU$9) -> 0 | AW35: {=IF($AV$9=0,0,MMULT($AH35:$AM35, AV$3:AV$8)/$AV$9)} -> 0 | AX35: {=IF($AW$9=0,0,MMULT($AH35:$AM35, AW$3:AW$8)/$AW$9)} -> 0 | AY35: =IF($AX$9=0,0,MMULT($AH35:$AM35, AX$3:AX$8)/$AX$9) -> 0 | AZ35: {=IF($AY$9=0,0,MMULT($AH35:$AM35, AY$3:AY$8)/$AY$9)} -> 0 | BA35: {=IF($AZ$9=0,0,MMULT($AH35:$AM35, AZ$3:AZ$8)/$AZ$9)} -> 0 | BB35: {=IF($BA$9=0,0,MMULT($AH35:$AM35, BA$3:BA$8)/$BA$9)} -> 0 | BC35: {=IF($BB$9=0,0,MMULT($AH35:$AM35, BB$3:BB$8)/$BB$9)} -> 0 | BD35: {=IF($BC$9=0,0,MMULT($AH35:$AM35, BC$3:BC$8)/$BC$9)} -> 0 | BE35: =IF($BD$9=0,0,MMULT($AH35:$AM35, BD$3:BD$8)/$BD$9) -> 0 | BF35: =IF($BE$9=0,0,MMULT($AH35:$AM35, BE$3:BE$8)/$BE$9) -> 0 | BG35: =IF(OR(GradeSheet!$M30="W (Withdrawn)", GradeSheet!$M30="I (Incomplete)"), 0, IF(AU35>=65%, 1, 0)) -> 0 | BH35: =IF(OR(GradeSheet!$M30="W (Withdrawn)", GradeSheet!$M30="I (Incomplete)"), 0, IF(AV35>=65%, 1, 0)) -> 0 | BI35: =IF(OR(GradeSheet!$M30="W (Withdrawn)", GradeSheet!$M30="I (Incomplete)"), 0, IF(AW35>=65%, 1, 0)) -> 0 | BJ35: =IF(OR(GradeSheet!$M30="W (Withdrawn)", GradeSheet!$M30="I (Incomplete)"), 0, IF(AX35>=65%, 1, 0)) -> 0 | BK35: =IF(OR(GradeSheet!$M30="W (Withdrawn)", GradeSheet!$M30="I (Incomplete)"), 0, IF(AY35>=65%, 1, 0)) -> 0 | BL35: =IF(OR(GradeSheet!$M30="W (Withdrawn)", GradeSheet!$M30="I (Incomplete)"), 0, IF(AZ35>=65%, 1, 0)) -> 0 | BM35: =IF(OR(GradeSheet!$M30="W (Withdrawn)", GradeSheet!$M30="I (Incomplete)"), 0, IF(BA35>=65%, 1, 0)) -> 0 | BN35: =IF(OR(GradeSheet!$M30="W (Withdrawn)", GradeSheet!$M30="I (Incomplete)"), 0, IF(BB35>=65%, 1, 0)) -> 0 | ... BR35: =IF(OR(GradeSheet!$M30="W (Withdrawn)", GradeSheet!$M30="I (Incomplete)"), 0, IF(BF35>=65%, 1, 0)) -> 0
A36: 22 | B36: =GradeSheet!X31 -> 0 | C36: =GradeSheet!W31 -> 0 | D36: 0 | E36: 0 | F36: 0 | G36: 0 | H36: 0 | I36: 0 | J36: 0 | K36: 0 | L36: 0 | M36: 0 | N36: 0 | O36: 0 | P36: 0 | Q36: 0 | R36: 0 | S36: 0 | T36: 0 | U36: 0 | V36: 0 | W36: 0 | X36: 0 | Y36: 0 | Z36: 0 | AA36: 0 | AB36: =SUM(V36,D36,J36, P36) -> 0 | AC36: =SUM(W36,E36,K36, Q36) -> 0 | AD36: =SUM(X36,F36,L36, R36) -> 0 | AE36: =SUM(Y36,G36,M36, S36) -> 0 | AF36: =SUM(T36,H36,N36) -> 0 | AG36: =SUM(AA36,I36,O36) -> 0 | AH36: =IF(AB36 = 0, 0, AB36/AB$14) -> 0 | AI36: =IF(AC36 = 0, 0, AC36/AC$14) -> 0 | AJ36: =IF(AD36 = 0, 0, AD36/AD$14) -> 0 | AK36: =IF(AE36 = 0, 0, AE36/AE$14) -> 0 | AL36: =IF(AF36 = 0, 0, AF36/AF$14) -> 0 | AM36: =IF(AG36 = 0, 0, AG36/AG$14) -> 0 | AN36: =IF(OR(GradeSheet!$M31="W (Withdrawn)", GradeSheet!$M31="I (Incomplete)"), 0, IF(AH36>=55%, 1, 0)) -> 0 | AO36: =IF(OR(GradeSheet!$M31="W (Withdrawn)", GradeSheet!$M31="I (Incomplete)"), 0, IF(AI36>=55%, 1, 0)) -> 0 | AP36: =IF(OR(GradeSheet!$M31="W (Withdrawn)", GradeSheet!$M31="I (Incomplete)"), 0, IF(AJ36>=55%, 1, 0)) -> 0 | AQ36: =IF(OR(GradeSheet!$M31="W (Withdrawn)", GradeSheet!$M31="I (Incomplete)"), 0, IF(AK36>=55%, 1, 0)) -> 0 | AR36: =IF(OR(GradeSheet!$M31="W (Withdrawn)", GradeSheet!$M31="I (Incomplete)"), 0, IF(AL36>=55%, 1, 0)) -> 0 | AS36: =IF(OR(GradeSheet!$M31="W (Withdrawn)", GradeSheet!$M31="I (Incomplete)"), 0, IF(AM36>=55%, 1, 0)) -> 0 | AU36: =IF($AT$9=0,0,MMULT($AH36:$AM36, AT$3:AT$8)/$AT$9) -> 0 | AV36: =IF($AU$9=0,0,MMULT($AH36:$AM36, AU$3:AU$8)/$AU$9) -> 0 | AW36: {=IF($AV$9=0,0,MMULT($AH36:$AM36, AV$3:AV$8)/$AV$9)} -> 0 | AX36: {=IF($AW$9=0,0,MMULT($AH36:$AM36, AW$3:AW$8)/$AW$9)} -> 0 | AY36: =IF($AX$9=0,0,MMULT($AH36:$AM36, AX$3:AX$8)/$AX$9) -> 0 | AZ36: {=IF($AY$9=0,0,MMULT($AH36:$AM36, AY$3:AY$8)/$AY$9)} -> 0 | BA36: {=IF($AZ$9=0,0,MMULT($AH36:$AM36, AZ$3:AZ$8)/$AZ$9)} -> 0 | BB36: {=IF($BA$9=0,0,MMULT($AH36:$AM36, BA$3:BA$8)/$BA$9)} -> 0 | BC36: {=IF($BB$9=0,0,MMULT($AH36:$AM36, BB$3:BB$8)/$BB$9)} -> 0 | BD36: {=IF($BC$9=0,0,MMULT($AH36:$AM36, BC$3:BC$8)/$BC$9)} -> 0 | BE36: =IF($BD$9=0,0,MMULT($AH36:$AM36, BD$3:BD$8)/$BD$9) -> 0 | BF36: =IF($BE$9=0,0,MMULT($AH36:$AM36, BE$3:BE$8)/$BE$9) -> 0 | BG36: =IF(OR(GradeSheet!$M31="W (Withdrawn)", GradeSheet!$M31="I (Incomplete)"), 0, IF(AU36>=65%, 1, 0)) -> 0 | BH36: =IF(OR(GradeSheet!$M31="W (Withdrawn)", GradeSheet!$M31="I (Incomplete)"), 0, IF(AV36>=65%, 1, 0)) -> 0 | BI36: =IF(OR(GradeSheet!$M31="W (Withdrawn)", GradeSheet!$M31="I (Incomplete)"), 0, IF(AW36>=65%, 1, 0)) -> 0 | BJ36: =IF(OR(GradeSheet!$M31="W (Withdrawn)", GradeSheet!$M31="I (Incomplete)"), 0, IF(AX36>=65%, 1, 0)) -> 0 | BK36: =IF(OR(GradeSheet!$M31="W (Withdrawn)", GradeSheet!$M31="I (Incomplete)"), 0, IF(AY36>=65%, 1, 0)) -> 0 | BL36: =IF(OR(GradeSheet!$M31="W (Withdrawn)", GradeSheet!$M31="I (Incomplete)"), 0, IF(AZ36>=65%, 1, 0)) -> 0 | BM36: =IF(OR(GradeSheet!$M31="W (Withdrawn)", GradeSheet!$M31="I (Incomplete)"), 0, IF(BA36>=65%, 1, 0)) -> 0 | BN36: =IF(OR(GradeSheet!$M31="W (Withdrawn)", GradeSheet!$M31="I (Incomplete)"), 0, IF(BB36>=65%, 1, 0)) -> 0 | ... BR36: =IF(OR(GradeSheet!$M31="W (Withdrawn)", GradeSheet!$M31="I (Incomplete)"), 0, IF(BF36>=65%, 1, 0)) -> 0
A37: 23 | B37: =GradeSheet!X32 -> 0 | C37: =GradeSheet!W32 -> 0 | D37: 0 | E37: 0 | F37: 0 | G37: 0 | H37: 0 | I37: 0 | J37: 0 | K37: 0 | L37: 0 | M37: 0 | N37: 0 | O37: 0 | P37: 0 | Q37: 0 | R37: 0 | S37: 0 | T37: 0 | U37: 0 | V37: 0 | W37: 0 | X37: 0 | Y37: 0 | Z37: 0 | AA37: 0 | AB37: =SUM(V37,D37,J37, P37) -> 0 | AC37: =SUM(W37,E37,K37, Q37) -> 0 | AD37: =SUM(X37,F37,L37, R37) -> 0 | AE37: =SUM(Y37,G37,M37, S37) -> 0 | AF37: =SUM(T37,H37,N37) -> 0 | AG37: =SUM(AA37,I37,O37) -> 0 | AH37: =IF(AB37 = 0, 0, AB37/AB$14) -> 0 | AI37: =IF(AC37 = 0, 0, AC37/AC$14) -> 0 | AJ37: =IF(AD37 = 0, 0, AD37/AD$14) -> 0 | AK37: =IF(AE37 = 0, 0, AE37/AE$14) -> 0 | AL37: =IF(AF37 = 0, 0, AF37/AF$14) -> 0 | AM37: =IF(AG37 = 0, 0, AG37/AG$14) -> 0 | AN37: =IF(OR(GradeSheet!$M32="W (Withdrawn)", GradeSheet!$M32="I (Incomplete)"), 0, IF(AH37>=55%, 1, 0)) -> 0 | AO37: =IF(OR(GradeSheet!$M32="W (Withdrawn)", GradeSheet!$M32="I (Incomplete)"), 0, IF(AI37>=55%, 1, 0)) -> 0 | AP37: =IF(OR(GradeSheet!$M32="W (Withdrawn)", GradeSheet!$M32="I (Incomplete)"), 0, IF(AJ37>=55%, 1, 0)) -> 0 | AQ37: =IF(OR(GradeSheet!$M32="W (Withdrawn)", GradeSheet!$M32="I (Incomplete)"), 0, IF(AK37>=55%, 1, 0)) -> 0 | AR37: =IF(OR(GradeSheet!$M32="W (Withdrawn)", GradeSheet!$M32="I (Incomplete)"), 0, IF(AL37>=55%, 1, 0)) -> 0 | AS37: =IF(OR(GradeSheet!$M32="W (Withdrawn)", GradeSheet!$M32="I (Incomplete)"), 0, IF(AM37>=55%, 1, 0)) -> 0 | AU37: =IF($AT$9=0,0,MMULT($AH37:$AM37, AT$3:AT$8)/$AT$9) -> 0 | AV37: =IF($AU$9=0,0,MMULT($AH37:$AM37, AU$3:AU$8)/$AU$9) -> 0 | AW37: {=IF($AV$9=0,0,MMULT($AH37:$AM37, AV$3:AV$8)/$AV$9)} -> 0 | AX37: {=IF($AW$9=0,0,MMULT($AH37:$AM37, AW$3:AW$8)/$AW$9)} -> 0 | AY37: =IF($AX$9=0,0,MMULT($AH37:$AM37, AX$3:AX$8)/$AX$9) -> 0 | AZ37: {=IF($AY$9=0,0,MMULT($AH37:$AM37, AY$3:AY$8)/$AY$9)} -> 0 | BA37: {=IF($AZ$9=0,0,MMULT($AH37:$AM37, AZ$3:AZ$8)/$AZ$9)} -> 0 | BB37: {=IF($BA$9=0,0,MMULT($AH37:$AM37, BA$3:BA$8)/$BA$9)} -> 0 | BC37: {=IF($BB$9=0,0,MMULT($AH37:$AM37, BB$3:BB$8)/$BB$9)} -> 0 | BD37: {=IF($BC$9=0,0,MMULT($AH37:$AM37, BC$3:BC$8)/$BC$9)} -> 0 | BE37: =IF($BD$9=0,0,MMULT($AH37:$AM37, BD$3:BD$8)/$BD$9) -> 0 | BF37: =IF($BE$9=0,0,MMULT($AH37:$AM37, BE$3:BE$8)/$BE$9) -> 0 | BG37: =IF(OR(GradeSheet!$M32="W (Withdrawn)", GradeSheet!$M32="I (Incomplete)"), 0, IF(AU37>=65%, 1, 0)) -> 0 | BH37: =IF(OR(GradeSheet!$M32="W (Withdrawn)", GradeSheet!$M32="I (Incomplete)"), 0, IF(AV37>=65%, 1, 0)) -> 0 | BI37: =IF(OR(GradeSheet!$M32="W (Withdrawn)", GradeSheet!$M32="I (Incomplete)"), 0, IF(AW37>=65%, 1, 0)) -> 0 | BJ37: =IF(OR(GradeSheet!$M32="W (Withdrawn)", GradeSheet!$M32="I (Incomplete)"), 0, IF(AX37>=65%, 1, 0)) -> 0 | BK37: =IF(OR(GradeSheet!$M32="W (Withdrawn)", GradeSheet!$M32="I (Incomplete)"), 0, IF(AY37>=65%, 1, 0)) -> 0 | BL37: =IF(OR(GradeSheet!$M32="W (Withdrawn)", GradeSheet!$M32="I (Incomplete)"), 0, IF(AZ37>=65%, 1, 0)) -> 0 | BM37: =IF(OR(GradeSheet!$M32="W (Withdrawn)", GradeSheet!$M32="I (Incomplete)"), 0, IF(BA37>=65%, 1, 0)) -> 0 | BN37: =IF(OR(GradeSheet!$M32="W (Withdrawn)", GradeSheet!$M32="I (Incomplete)"), 0, IF(BB37>=65%, 1, 0)) -> 0 | ... BR37: =IF(OR(GradeSheet!$M32="W (Withdrawn)", GradeSheet!$M32="I (Incomplete)"), 0, IF(BF37>=65%, 1, 0)) -> 0
A38: 24 | B38: =GradeSheet!X33 -> 0 | C38: =GradeSheet!W33 -> 0 | D38: 0 | E38: 0 | F38: 0 | G38: 0 | H38: 0 | I38: 0 | J38: 0 | K38: 0 | L38: 0 | M38: 0 | N38: 0 | O38: 0 | P38: 0 | Q38: 0 | R38: 0 | S38: 0 | T38: 0 | U38: 0 | V38: 0 | W38: 0 | X38: 0 | Y38: 0 | Z38: 0 | AA38: 0 | AB38: =SUM(V38,D38,J38, P38) -> 0 | AC38: =SUM(W38,E38,K38, Q38) -> 0 | AD38: =SUM(X38,F38,L38, R38) -> 0 | AE38: =SUM(Y38,G38,M38, S38) -> 0 | AF38: =SUM(T38,H38,N38) -> 0 | AG38: =SUM(AA38,I38,O38) -> 0 | AH38: =IF(AB38 = 0, 0, AB38/AB$14) -> 0 | AI38: =IF(AC38 = 0, 0, AC38/AC$14) -> 0 | AJ38: =IF(AD38 = 0, 0, AD38/AD$14) -> 0 | AK38: =IF(AE38 = 0, 0, AE38/AE$14) -> 0 | AL38: =IF(AF38 = 0, 0, AF38/AF$14) -> 0 | AM38: =IF(AG38 = 0, 0, AG38/AG$14) -> 0 | AN38: 1 | AO38: =IF(OR(GradeSheet!$M33="W (Withdrawn)", GradeSheet!$M33="I (Incomplete)"), 0, IF(AI38>=55%, 1, 0)) -> 0 | AP38: =IF(OR(GradeSheet!$M33="W (Withdrawn)", GradeSheet!$M33="I (Incomplete)"), 0, IF(AJ38>=55%, 1, 0)) -> 0 | AQ38: =IF(OR(GradeSheet!$M33="W (Withdrawn)", GradeSheet!$M33="I (Incomplete)"), 0, IF(AK38>=55%, 1, 0)) -> 0 | AR38: =IF(OR(GradeSheet!$M33="W (Withdrawn)", GradeSheet!$M33="I (Incomplete)"), 0, IF(AL38>=55%, 1, 0)) -> 0 | AS38: =IF(OR(GradeSheet!$M33="W (Withdrawn)", GradeSheet!$M33="I (Incomplete)"), 0, IF(AM38>=55%, 1, 0)) -> 0 | AU38: =IF($AT$9=0,0,MMULT($AH38:$AM38, AT$3:AT$8)/$AT$9) -> 0 | AV38: =IF($AU$9=0,0,MMULT($AH38:$AM38, AU$3:AU$8)/$AU$9) -> 0 | AW38: {=IF($AV$9=0,0,MMULT($AH38:$AM38, AV$3:AV$8)/$AV$9)} -> 0 | AX38: {=IF($AW$9=0,0,MMULT($AH38:$AM38, AW$3:AW$8)/$AW$9)} -> 0 | AY38: =IF($AX$9=0,0,MMULT($AH38:$AM38, AX$3:AX$8)/$AX$9) -> 0 | AZ38: {=IF($AY$9=0,0,MMULT($AH38:$AM38, AY$3:AY$8)/$AY$9)} -> 0 | BA38: {=IF($AZ$9=0,0,MMULT($AH38:$AM38, AZ$3:AZ$8)/$AZ$9)} -> 0 | BB38: {=IF($BA$9=0,0,MMULT($AH38:$AM38, BA$3:BA$8)/$BA$9)} -> 0 | BC38: {=IF($BB$9=0,0,MMULT($AH38:$AM38, BB$3:BB$8)/$BB$9)} -> 0 | BD38: {=IF($BC$9=0,0,MMULT($AH38:$AM38, BC$3:BC$8)/$BC$9)} -> 0 | BE38: =IF($BD$9=0,0,MMULT($AH38:$AM38, BD$3:BD$8)/$BD$9) -> 0 | BF38: =IF($BE$9=0,0,MMULT($AH38:$AM38, BE$3:BE$8)/$BE$9) -> 0 | BG38: =IF(OR(GradeSheet!$M33="W (Withdrawn)", GradeSheet!$M33="I (Incomplete)"), 0, IF(AU38>=65%, 1, 0)) -> 0 | BH38: =IF(OR(GradeSheet!$M33="W (Withdrawn)", GradeSheet!$M33="I (Incomplete)"), 0, IF(AV38>=65%, 1, 0)) -> 0 | BI38: =IF(OR(GradeSheet!$M33="W (Withdrawn)", GradeSheet!$M33="I (Incomplete)"), 0, IF(AW38>=65%, 1, 0)) -> 0 | BJ38: =IF(OR(GradeSheet!$M33="W (Withdrawn)", GradeSheet!$M33="I (Incomplete)"), 0, IF(AX38>=65%, 1, 0)) -> 0 | BK38: =IF(OR(GradeSheet!$M33="W (Withdrawn)", GradeSheet!$M33="I (Incomplete)"), 0, IF(AY38>=65%, 1, 0)) -> 0 | BL38: =IF(OR(GradeSheet!$M33="W (Withdrawn)", GradeSheet!$M33="I (Incomplete)"), 0, IF(AZ38>=65%, 1, 0)) -> 0 | BM38: =IF(OR(GradeSheet!$M33="W (Withdrawn)", GradeSheet!$M33="I (Incomplete)"), 0, IF(BA38>=65%, 1, 0)) -> 0 | BN38: =IF(OR(GradeSheet!$M33="W (Withdrawn)", GradeSheet!$M33="I (Incomplete)"), 0, IF(BB38>=65%, 1, 0)) -> 0 | ... BR38: =IF(OR(GradeSheet!$M33="W (Withdrawn)", GradeSheet!$M33="I (Incomplete)"), 0, IF(BF38>=65%, 1, 0)) -> 0
A39: 25 | B39: =GradeSheet!X34 -> 0 | C39: =GradeSheet!W34 -> 0 | D39: 0 | E39: 0 | F39: 0 | G39: 0 | H39: 0 | I39: 0 | J39: 0 | K39: 0 | L39: 0 | M39: 0 | N39: 0 | O39: 0 | P39: 0 | Q39: 0 | R39: 0 | S39: 0 | T39: 0 | U39: 0 | V39: 0 | W39: 0 | X39: 0 | Y39: 0 | Z39: 0 | AA39: 0 | AB39: =SUM(V39,D39,J39, P39) -> 0 | AC39: =SUM(W39,E39,K39, Q39) -> 0 | AD39: =SUM(X39,F39,L39, R39) -> 0 | AE39: =SUM(Y39,G39,M39, S39) -> 0 | AF39: =SUM(T39,H39,N39) -> 0 | AG39: =SUM(AA39,I39,O39) -> 0 | AH39: =IF(AB39 = 0, 0, AB39/AB$14) -> 0 | AI39: =IF(AC39 = 0, 0, AC39/AC$14) -> 0 | AJ39: =IF(AD39 = 0, 0, AD39/AD$14) -> 0 | AK39: =IF(AE39 = 0, 0, AE39/AE$14) -> 0 | AL39: =IF(AF39 = 0, 0, AF39/AF$14) -> 0 | AM39: =IF(AG39 = 0, 0, AG39/AG$14) -> 0 | AN39: =IF(OR(GradeSheet!$M34="W (Withdrawn)", GradeSheet!$M34="I (Incomplete)"), 0, IF(AH39>=55%, 1, 0)) -> 0 | AO39: =IF(OR(GradeSheet!$M34="W (Withdrawn)", GradeSheet!$M34="I (Incomplete)"), 0, IF(AI39>=55%, 1, 0)) -> 0 | AP39: =IF(OR(GradeSheet!$M34="W (Withdrawn)", GradeSheet!$M34="I (Incomplete)"), 0, IF(AJ39>=55%, 1, 0)) -> 0 | AQ39: =IF(OR(GradeSheet!$M34="W (Withdrawn)", GradeSheet!$M34="I (Incomplete)"), 0, IF(AK39>=55%, 1, 0)) -> 0 | AR39: =IF(OR(GradeSheet!$M34="W (Withdrawn)", GradeSheet!$M34="I (Incomplete)"), 0, IF(AL39>=55%, 1, 0)) -> 0 | AS39: =IF(OR(GradeSheet!$M34="W (Withdrawn)", GradeSheet!$M34="I (Incomplete)"), 0, IF(AM39>=55%, 1, 0)) -> 0 | AU39: =IF($AT$9=0,0,MMULT($AH39:$AM39, AT$3:AT$8)/$AT$9) -> 0 | AV39: =IF($AU$9=0,0,MMULT($AH39:$AM39, AU$3:AU$8)/$AU$9) -> 0 | AW39: {=IF($AV$9=0,0,MMULT($AH39:$AM39, AV$3:AV$8)/$AV$9)} -> 0 | AX39: {=IF($AW$9=0,0,MMULT($AH39:$AM39, AW$3:AW$8)/$AW$9)} -> 0 | AY39: =IF($AX$9=0,0,MMULT($AH39:$AM39, AX$3:AX$8)/$AX$9) -> 0 | AZ39: {=IF($AY$9=0,0,MMULT($AH39:$AM39, AY$3:AY$8)/$AY$9)} -> 0 | BA39: {=IF($AZ$9=0,0,MMULT($AH39:$AM39, AZ$3:AZ$8)/$AZ$9)} -> 0 | BB39: {=IF($BA$9=0,0,MMULT($AH39:$AM39, BA$3:BA$8)/$BA$9)} -> 0 | BC39: {=IF($BB$9=0,0,MMULT($AH39:$AM39, BB$3:BB$8)/$BB$9)} -> 0 | BD39: {=IF($BC$9=0,0,MMULT($AH39:$AM39, BC$3:BC$8)/$BC$9)} -> 0 | BE39: =IF($BD$9=0,0,MMULT($AH39:$AM39, BD$3:BD$8)/$BD$9) -> 0 | BF39: =IF($BE$9=0,0,MMULT($AH39:$AM39, BE$3:BE$8)/$BE$9) -> 0 | BG39: =IF(OR(GradeSheet!$M34="W (Withdrawn)", GradeSheet!$M34="I (Incomplete)"), 0, IF(AU39>=65%, 1, 0)) -> 0 | BH39: =IF(OR(GradeSheet!$M34="W (Withdrawn)", GradeSheet!$M34="I (Incomplete)"), 0, IF(AV39>=65%, 1, 0)) -> 0 | BI39: =IF(OR(GradeSheet!$M34="W (Withdrawn)", GradeSheet!$M34="I (Incomplete)"), 0, IF(AW39>=65%, 1, 0)) -> 0 | BJ39: =IF(OR(GradeSheet!$M34="W (Withdrawn)", GradeSheet!$M34="I (Incomplete)"), 0, IF(AX39>=65%, 1, 0)) -> 0 | BK39: =IF(OR(GradeSheet!$M34="W (Withdrawn)", GradeSheet!$M34="I (Incomplete)"), 0, IF(AY39>=65%, 1, 0)) -> 0 | BL39: =IF(OR(GradeSheet!$M34="W (Withdrawn)", GradeSheet!$M34="I (Incomplete)"), 0, IF(AZ39>=65%, 1, 0)) -> 0 | BM39: =IF(OR(GradeSheet!$M34="W (Withdrawn)", GradeSheet!$M34="I (Incomplete)"), 0, IF(BA39>=65%, 1, 0)) -> 0 | BN39: =IF(OR(GradeSheet!$M34="W (Withdrawn)", GradeSheet!$M34="I (Incomplete)"), 0, IF(BB39>=65%, 1, 0)) -> 0 | ... BR39: =IF(OR(GradeSheet!$M34="W (Withdrawn)", GradeSheet!$M34="I (Incomplete)"), 0, IF(BF39>=65%, 1, 0)) -> 0
A40: 26 | B40: =GradeSheet!X35 -> 0 | C40: =GradeSheet!W35 -> 0 | D40: 0 | E40: 0 | F40: 0 | G40: 0 | H40: 0 | I40: 0 | J40: 0 | K40: 0 | L40: 0 | M40: 0 | N40: 0 | O40: 0 | P40: 0 | Q40: 0 | R40: 0 | S40: 0 | T40: 0 | U40: 0 | V40: 0 | W40: 0 | X40: 0 | Y40: 0 | Z40: 0 | AA40: 0 | AB40: =SUM(V40,D40,J40, P40) -> 0 | AC40: =SUM(W40,E40,K40, Q40) -> 0 | AD40: =SUM(X40,F40,L40, R40) -> 0 | AE40: =SUM(Y40,G40,M40, S40) -> 0 | AF40: =SUM(T40,H40,N40) -> 0 | AG40: =SUM(AA40,I40,O40) -> 0 | AH40: =IF(AB40 = 0, 0, AB40/AB$14) -> 0 | AI40: =IF(AC40 = 0, 0, AC40/AC$14) -> 0 | AJ40: =IF(AD40 = 0, 0, AD40/AD$14) -> 0 | AK40: =IF(AE40 = 0, 0, AE40/AE$14) -> 0 | AL40: =IF(AF40 = 0, 0, AF40/AF$14) -> 0 | AM40: =IF(AG40 = 0, 0, AG40/AG$14) -> 0 | AN40: =IF(OR(GradeSheet!$M35="W (Withdrawn)", GradeSheet!$M35="I (Incomplete)"), 0, IF(AH40>=55%, 1, 0)) -> 0 | AO40: =IF(OR(GradeSheet!$M35="W (Withdrawn)", GradeSheet!$M35="I (Incomplete)"), 0, IF(AI40>=55%, 1, 0)) -> 0 | AP40: =IF(OR(GradeSheet!$M35="W (Withdrawn)", GradeSheet!$M35="I (Incomplete)"), 0, IF(AJ40>=55%, 1, 0)) -> 0 | AQ40: =IF(OR(GradeSheet!$M35="W (Withdrawn)", GradeSheet!$M35="I (Incomplete)"), 0, IF(AK40>=55%, 1, 0)) -> 0 | AR40: =IF(OR(GradeSheet!$M35="W (Withdrawn)", GradeSheet!$M35="I (Incomplete)"), 0, IF(AL40>=55%, 1, 0)) -> 0 | AS40: =IF(OR(GradeSheet!$M35="W (Withdrawn)", GradeSheet!$M35="I (Incomplete)"), 0, IF(AM40>=55%, 1, 0)) -> 0 | AU40: =IF($AT$9=0,0,MMULT($AH40:$AM40, AT$3:AT$8)/$AT$9) -> 0 | AV40: =IF($AU$9=0,0,MMULT($AH40:$AM40, AU$3:AU$8)/$AU$9) -> 0 | AW40: {=IF($AV$9=0,0,MMULT($AH40:$AM40, AV$3:AV$8)/$AV$9)} -> 0 | AX40: {=IF($AW$9=0,0,MMULT($AH40:$AM40, AW$3:AW$8)/$AW$9)} -> 0 | AY40: =IF($AX$9=0,0,MMULT($AH40:$AM40, AX$3:AX$8)/$AX$9) -> 0 | AZ40: {=IF($AY$9=0,0,MMULT($AH40:$AM40, AY$3:AY$8)/$AY$9)} -> 0 | BA40: {=IF($AZ$9=0,0,MMULT($AH40:$AM40, AZ$3:AZ$8)/$AZ$9)} -> 0 | BB40: {=IF($BA$9=0,0,MMULT($AH40:$AM40, BA$3:BA$8)/$BA$9)} -> 0 | BC40: {=IF($BB$9=0,0,MMULT($AH40:$AM40, BB$3:BB$8)/$BB$9)} -> 0 | BD40: {=IF($BC$9=0,0,MMULT($AH40:$AM40, BC$3:BC$8)/$BC$9)} -> 0 | BE40: =IF($BD$9=0,0,MMULT($AH40:$AM40, BD$3:BD$8)/$BD$9) -> 0 | BF40: =IF($BE$9=0,0,MMULT($AH40:$AM40, BE$3:BE$8)/$BE$9) -> 0 | BG40: =IF(OR(GradeSheet!$M35="W (Withdrawn)", GradeSheet!$M35="I (Incomplete)"), 0, IF(AU40>=65%, 1, 0)) -> 0 | BH40: =IF(OR(GradeSheet!$M35="W (Withdrawn)", GradeSheet!$M35="I (Incomplete)"), 0, IF(AV40>=65%, 1, 0)) -> 0 | BI40: =IF(OR(GradeSheet!$M35="W (Withdrawn)", GradeSheet!$M35="I (Incomplete)"), 0, IF(AW40>=65%, 1, 0)) -> 0 | BJ40: =IF(OR(GradeSheet!$M35="W (Withdrawn)", GradeSheet!$M35="I (Incomplete)"), 0, IF(AX40>=65%, 1, 0)) -> 0 | BK40: =IF(OR(GradeSheet!$M35="W (Withdrawn)", GradeSheet!$M35="I (Incomplete)"), 0, IF(AY40>=65%, 1, 0)) -> 0 | BL40: =IF(OR(GradeSheet!$M35="W (Withdrawn)", GradeSheet!$M35="I (Incomplete)"), 0, IF(AZ40>=65%, 1, 0)) -> 0 | BM40: =IF(OR(GradeSheet!$M35="W (Withdrawn)", GradeSheet!$M35="I (Incomplete)"), 0, IF(BA40>=65%, 1, 0)) -> 0 | BN40: =IF(OR(GradeSheet!$M35="W (Withdrawn)", GradeSheet!$M35="I (Incomplete)"), 0, IF(BB40>=65%, 1, 0)) -> 0 | ... BR40: =IF(OR(GradeSheet!$M35="W (Withdrawn)", GradeSheet!$M35="I (Incomplete)"), 0, IF(BF40>=65%, 1, 0)) -> 0
A41: 27 | B41: =GradeSheet!X36 -> 0 | C41: =GradeSheet!W36 -> 0 | D41: 0 | E41: 0 | F41: 0 | G41: 0 | H41: 0 | I41: 0 | J41: 0 | K41: 0 | L41: 0 | M41: 0 | N41: 0 | O41: 0 | P41: 0 | Q41: 0 | R41: 0 | S41: 0 | T41: 0 | U41: 0 | V41: 0 | W41: 0 | X41: 0 | Y41: 0 | Z41: 0 | AA41: 0 | AB41: =SUM(V41,D41,J41, P41) -> 0 | AC41: =SUM(W41,E41,K41, Q41) -> 0 | AD41: =SUM(X41,F41,L41, R41) -> 0 | AE41: =SUM(Y41,G41,M41, S41) -> 0 | AF41: =SUM(T41,H41,N41) -> 0 | AG41: =SUM(AA41,I41,O41) -> 0 | AH41: =IF(AB41 = 0, 0, AB41/AB$14) -> 0 | AI41: =IF(AC41 = 0, 0, AC41/AC$14) -> 0 | AJ41: =IF(AD41 = 0, 0, AD41/AD$14) -> 0 | AK41: =IF(AE41 = 0, 0, AE41/AE$14) -> 0 | AL41: =IF(AF41 = 0, 0, AF41/AF$14) -> 0 | AM41: =IF(AG41 = 0, 0, AG41/AG$14) -> 0 | AN41: =IF(OR(GradeSheet!$M36="W (Withdrawn)", GradeSheet!$M36="I (Incomplete)"), 0, IF(AH41>=55%, 1, 0)) -> 0 | AO41: =IF(OR(GradeSheet!$M36="W (Withdrawn)", GradeSheet!$M36="I (Incomplete)"), 0, IF(AI41>=55%, 1, 0)) -> 0 | AP41: =IF(OR(GradeSheet!$M36="W (Withdrawn)", GradeSheet!$M36="I (Incomplete)"), 0, IF(AJ41>=55%, 1, 0)) -> 0 | AQ41: =IF(OR(GradeSheet!$M36="W (Withdrawn)", GradeSheet!$M36="I (Incomplete)"), 0, IF(AK41>=55%, 1, 0)) -> 0 | AR41: =IF(OR(GradeSheet!$M36="W (Withdrawn)", GradeSheet!$M36="I (Incomplete)"), 0, IF(AL41>=55%, 1, 0)) -> 0 | AS41: =IF(OR(GradeSheet!$M36="W (Withdrawn)", GradeSheet!$M36="I (Incomplete)"), 0, IF(AM41>=55%, 1, 0)) -> 0 | AU41: =IF($AT$9=0,0,MMULT($AH41:$AM41, AT$3:AT$8)/$AT$9) -> 0 | AV41: =IF($AU$9=0,0,MMULT($AH41:$AM41, AU$3:AU$8)/$AU$9) -> 0 | AW41: {=IF($AV$9=0,0,MMULT($AH41:$AM41, AV$3:AV$8)/$AV$9)} -> 0 | AX41: {=IF($AW$9=0,0,MMULT($AH41:$AM41, AW$3:AW$8)/$AW$9)} -> 0 | AY41: =IF($AX$9=0,0,MMULT($AH41:$AM41, AX$3:AX$8)/$AX$9) -> 0 | AZ41: {=IF($AY$9=0,0,MMULT($AH41:$AM41, AY$3:AY$8)/$AY$9)} -> 0 | BA41: {=IF($AZ$9=0,0,MMULT($AH41:$AM41, AZ$3:AZ$8)/$AZ$9)} -> 0 | BB41: {=IF($BA$9=0,0,MMULT($AH41:$AM41, BA$3:BA$8)/$BA$9)} -> 0 | BC41: {=IF($BB$9=0,0,MMULT($AH41:$AM41, BB$3:BB$8)/$BB$9)} -> 0 | BD41: {=IF($BC$9=0,0,MMULT($AH41:$AM41, BC$3:BC$8)/$BC$9)} -> 0 | BE41: =IF($BD$9=0,0,MMULT($AH41:$AM41, BD$3:BD$8)/$BD$9) -> 0 | BF41: =IF($BE$9=0,0,MMULT($AH41:$AM41, BE$3:BE$8)/$BE$9) -> 0 | BG41: =IF(OR(GradeSheet!$M36="W (Withdrawn)", GradeSheet!$M36="I (Incomplete)"), 0, IF(AU41>=65%, 1, 0)) -> 0 | BH41: =IF(OR(GradeSheet!$M36="W (Withdrawn)", GradeSheet!$M36="I (Incomplete)"), 0, IF(AV41>=65%, 1, 0)) -> 0 | BI41: =IF(OR(GradeSheet!$M36="W (Withdrawn)", GradeSheet!$M36="I (Incomplete)"), 0, IF(AW41>=65%, 1, 0)) -> 0 | BJ41: =IF(OR(GradeSheet!$M36="W (Withdrawn)", GradeSheet!$M36="I (Incomplete)"), 0, IF(AX41>=65%, 1, 0)) -> 0 | BK41: =IF(OR(GradeSheet!$M36="W (Withdrawn)", GradeSheet!$M36="I (Incomplete)"), 0, IF(AY41>=65%, 1, 0)) -> 0 | BL41: =IF(OR(GradeSheet!$M36="W (Withdrawn)", GradeSheet!$M36="I (Incomplete)"), 0, IF(AZ41>=65%, 1, 0)) -> 0 | BM41: =IF(OR(GradeSheet!$M36="W (Withdrawn)", GradeSheet!$M36="I (Incomplete)"), 0, IF(BA41>=65%, 1, 0)) -> 0 | BN41: =IF(OR(GradeSheet!$M36="W (Withdrawn)", GradeSheet!$M36="I (Incomplete)"), 0, IF(BB41>=65%, 1, 0)) -> 0 | ... BR41: =IF(OR(GradeSheet!$M36="W (Withdrawn)", GradeSheet!$M36="I (Incomplete)"), 0, IF(BF41>=65%, 1, 0)) -> 0
A42: 28 | B42: =GradeSheet!X37 -> 0 | C42: =GradeSheet!W37 -> 0 | D42: 0 | E42: 0 | F42: 0 | G42: 0 | H42: 0 | I42: 0 | J42: 0 | K42: 0 | L42: 0 | M42: 0 | N42: 0 | O42: 0 | P42: 0 | Q42: 0 | R42: 0 | S42: 0 | T42: 0 | U42: 0 | V42: 0 | W42: 0 | X42: 0 | Y42: 0 | Z42: 0 | AA42: 0 | AB42: =SUM(V42,D42,J42, P42) -> 0 | AC42: =SUM(W42,E42,K42, Q42) -> 0 | AD42: =SUM(X42,F42,L42, R42) -> 0 | AE42: =SUM(Y42,G42,M42, S42) -> 0 | AF42: =SUM(T42,H42,N42) -> 0 | AG42: =SUM(AA42,I42,O42) -> 0 | AH42: =IF(AB42 = 0, 0, AB42/AB$14) -> 0 | AI42: =IF(AC42 = 0, 0, AC42/AC$14) -> 0 | AJ42: =IF(AD42 = 0, 0, AD42/AD$14) -> 0 | AK42: =IF(AE42 = 0, 0, AE42/AE$14) -> 0 | AL42: =IF(AF42 = 0, 0, AF42/AF$14) -> 0 | AM42: =IF(AG42 = 0, 0, AG42/AG$14) -> 0 | AN42: =IF(OR(GradeSheet!$M37="W (Withdrawn)", GradeSheet!$M37="I (Incomplete)"), 0, IF(AH42>=55%, 1, 0)) -> 0 | AO42: =IF(OR(GradeSheet!$M37="W (Withdrawn)", GradeSheet!$M37="I (Incomplete)"), 0, IF(AI42>=55%, 1, 0)) -> 0 | AP42: =IF(OR(GradeSheet!$M37="W (Withdrawn)", GradeSheet!$M37="I (Incomplete)"), 0, IF(AJ42>=55%, 1, 0)) -> 0 | AQ42: =IF(OR(GradeSheet!$M37="W (Withdrawn)", GradeSheet!$M37="I (Incomplete)"), 0, IF(AK42>=55%, 1, 0)) -> 0 | AR42: =IF(OR(GradeSheet!$M37="W (Withdrawn)", GradeSheet!$M37="I (Incomplete)"), 0, IF(AL42>=55%, 1, 0)) -> 0 | AS42: =IF(OR(GradeSheet!$M37="W (Withdrawn)", GradeSheet!$M37="I (Incomplete)"), 0, IF(AM42>=55%, 1, 0)) -> 0 | AU42: =IF($AT$9=0,0,MMULT($AH42:$AM42, AT$3:AT$8)/$AT$9) -> 0 | AV42: =IF($AU$9=0,0,MMULT($AH42:$AM42, AU$3:AU$8)/$AU$9) -> 0 | AW42: {=IF($AV$9=0,0,MMULT($AH42:$AM42, AV$3:AV$8)/$AV$9)} -> 0 | AX42: {=IF($AW$9=0,0,MMULT($AH42:$AM42, AW$3:AW$8)/$AW$9)} -> 0 | AY42: =IF($AX$9=0,0,MMULT($AH42:$AM42, AX$3:AX$8)/$AX$9) -> 0 | AZ42: {=IF($AY$9=0,0,MMULT($AH42:$AM42, AY$3:AY$8)/$AY$9)} -> 0 | BA42: {=IF($AZ$9=0,0,MMULT($AH42:$AM42, AZ$3:AZ$8)/$AZ$9)} -> 0 | BB42: {=IF($BA$9=0,0,MMULT($AH42:$AM42, BA$3:BA$8)/$BA$9)} -> 0 | BC42: {=IF($BB$9=0,0,MMULT($AH42:$AM42, BB$3:BB$8)/$BB$9)} -> 0 | BD42: {=IF($BC$9=0,0,MMULT($AH42:$AM42, BC$3:BC$8)/$BC$9)} -> 0 | BE42: =IF($BD$9=0,0,MMULT($AH42:$AM42, BD$3:BD$8)/$BD$9) -> 0 | BF42: =IF($BE$9=0,0,MMULT($AH42:$AM42, BE$3:BE$8)/$BE$9) -> 0 | BG42: =IF(OR(GradeSheet!$M37="W (Withdrawn)", GradeSheet!$M37="I (Incomplete)"), 0, IF(AU42>=65%, 1, 0)) -> 0 | BH42: =IF(OR(GradeSheet!$M37="W (Withdrawn)", GradeSheet!$M37="I (Incomplete)"), 0, IF(AV42>=65%, 1, 0)) -> 0 | BI42: =IF(OR(GradeSheet!$M37="W (Withdrawn)", GradeSheet!$M37="I (Incomplete)"), 0, IF(AW42>=65%, 1, 0)) -> 0 | BJ42: =IF(OR(GradeSheet!$M37="W (Withdrawn)", GradeSheet!$M37="I (Incomplete)"), 0, IF(AX42>=65%, 1, 0)) -> 0 | BK42: =IF(OR(GradeSheet!$M37="W (Withdrawn)", GradeSheet!$M37="I (Incomplete)"), 0, IF(AY42>=65%, 1, 0)) -> 0 | BL42: =IF(OR(GradeSheet!$M37="W (Withdrawn)", GradeSheet!$M37="I (Incomplete)"), 0, IF(AZ42>=65%, 1, 0)) -> 0 | BM42: =IF(OR(GradeSheet!$M37="W (Withdrawn)", GradeSheet!$M37="I (Incomplete)"), 0, IF(BA42>=65%, 1, 0)) -> 0 | BN42: =IF(OR(GradeSheet!$M37="W (Withdrawn)", GradeSheet!$M37="I (Incomplete)"), 0, IF(BB42>=65%, 1, 0)) -> 0 | ... BR42: =IF(OR(GradeSheet!$M37="W (Withdrawn)", GradeSheet!$M37="I (Incomplete)"), 0, IF(BF42>=65%, 1, 0)) -> 0
A43: 29 | B43: =GradeSheet!X38 -> 0 | C43: =GradeSheet!W38 -> 0 | D43: 0 | E43: 0 | F43: 0 | G43: 0 | H43: 0 | I43: 0 | J43: 0 | K43: 0 | L43: 0 | M43: 0 | N43: 0 | O43: 0 | P43: 0 | Q43: 0 | R43: 0 | S43: 0 | T43: 0 | U43: 0 | V43: 0 | W43: 0 | X43: 0 | Y43: 0 | Z43: 0 | AA43: 0 | AB43: =SUM(V43,D43,J43, P43) -> 0 | AC43: =SUM(W43,E43,K43, Q43) -> 0 | AD43: =SUM(X43,F43,L43, R43) -> 0 | AE43: =SUM(Y43,G43,M43, S43) -> 0 | AF43: =SUM(T43,H43,N43) -> 0 | AG43: =SUM(AA43,I43,O43) -> 0 | AH43: =IF(AB43 = 0, 0, AB43/AB$14) -> 0 | AI43: =IF(AC43 = 0, 0, AC43/AC$14) -> 0 | AJ43: =IF(AD43 = 0, 0, AD43/AD$14) -> 0 | AK43: =IF(AE43 = 0, 0, AE43/AE$14) -> 0 | AL43: =IF(AF43 = 0, 0, AF43/AF$14) -> 0 | AM43: =IF(AG43 = 0, 0, AG43/AG$14) -> 0 | AN43: =IF(OR(GradeSheet!$M38="W (Withdrawn)", GradeSheet!$M38="I (Incomplete)"), 0, IF(AH43>=55%, 1, 0)) -> 0 | AO43: =IF(OR(GradeSheet!$M38="W (Withdrawn)", GradeSheet!$M38="I (Incomplete)"), 0, IF(AI43>=55%, 1, 0)) -> 0 | AP43: =IF(OR(GradeSheet!$M38="W (Withdrawn)", GradeSheet!$M38="I (Incomplete)"), 0, IF(AJ43>=55%, 1, 0)) -> 0 | AQ43: =IF(OR(GradeSheet!$M38="W (Withdrawn)", GradeSheet!$M38="I (Incomplete)"), 0, IF(AK43>=55%, 1, 0)) -> 0 | AR43: =IF(OR(GradeSheet!$M38="W (Withdrawn)", GradeSheet!$M38="I (Incomplete)"), 0, IF(AL43>=55%, 1, 0)) -> 0 | AS43: =IF(OR(GradeSheet!$M38="W (Withdrawn)", GradeSheet!$M38="I (Incomplete)"), 0, IF(AM43>=55%, 1, 0)) -> 0 | AU43: =IF($AT$9=0,0,MMULT($AH43:$AM43, AT$3:AT$8)/$AT$9) -> 0 | AV43: =IF($AU$9=0,0,MMULT($AH43:$AM43, AU$3:AU$8)/$AU$9) -> 0 | AW43: {=IF($AV$9=0,0,MMULT($AH43:$AM43, AV$3:AV$8)/$AV$9)} -> 0 | AX43: {=IF($AW$9=0,0,MMULT($AH43:$AM43, AW$3:AW$8)/$AW$9)} -> 0 | AY43: =IF($AX$9=0,0,MMULT($AH43:$AM43, AX$3:AX$8)/$AX$9) -> 0 | AZ43: {=IF($AY$9=0,0,MMULT($AH43:$AM43, AY$3:AY$8)/$AY$9)} -> 0 | BA43: {=IF($AZ$9=0,0,MMULT($AH43:$AM43, AZ$3:AZ$8)/$AZ$9)} -> 0 | BB43: {=IF($BA$9=0,0,MMULT($AH43:$AM43, BA$3:BA$8)/$BA$9)} -> 0 | BC43: {=IF($BB$9=0,0,MMULT($AH43:$AM43, BB$3:BB$8)/$BB$9)} -> 0 | BD43: {=IF($BC$9=0,0,MMULT($AH43:$AM43, BC$3:BC$8)/$BC$9)} -> 0 | BE43: =IF($BD$9=0,0,MMULT($AH43:$AM43, BD$3:BD$8)/$BD$9) -> 0 | BF43: =IF($BE$9=0,0,MMULT($AH43:$AM43, BE$3:BE$8)/$BE$9) -> 0 | BG43: =IF(OR(GradeSheet!$M38="W (Withdrawn)", GradeSheet!$M38="I (Incomplete)"), 0, IF(AU43>=65%, 1, 0)) -> 0 | BH43: =IF(OR(GradeSheet!$M38="W (Withdrawn)", GradeSheet!$M38="I (Incomplete)"), 0, IF(AV43>=65%, 1, 0)) -> 0 | BI43: =IF(OR(GradeSheet!$M38="W (Withdrawn)", GradeSheet!$M38="I (Incomplete)"), 0, IF(AW43>=65%, 1, 0)) -> 0 | BJ43: =IF(OR(GradeSheet!$M38="W (Withdrawn)", GradeSheet!$M38="I (Incomplete)"), 0, IF(AX43>=65%, 1, 0)) -> 0 | BK43: =IF(OR(GradeSheet!$M38="W (Withdrawn)", GradeSheet!$M38="I (Incomplete)"), 0, IF(AY43>=65%, 1, 0)) -> 0 | BL43: =IF(OR(GradeSheet!$M38="W (Withdrawn)", GradeSheet!$M38="I (Incomplete)"), 0, IF(AZ43>=65%, 1, 0)) -> 0 | BM43: =IF(OR(GradeSheet!$M38="W (Withdrawn)", GradeSheet!$M38="I (Incomplete)"), 0, IF(BA43>=65%, 1, 0)) -> 0 | BN43: =IF(OR(GradeSheet!$M38="W (Withdrawn)", GradeSheet!$M38="I (Incomplete)"), 0, IF(BB43>=65%, 1, 0)) -> 0 | ... BR43: =IF(OR(GradeSheet!$M38="W (Withdrawn)", GradeSheet!$M38="I (Incomplete)"), 0, IF(BF43>=65%, 1, 0)) -> 0
A44: 30 | B44: =GradeSheet!X39 -> 0 | C44: =GradeSheet!W39 -> 0 | D44: 0 | E44: 0 | F44: 0 | G44: 0 | H44: 0 | I44: 0 | J44: 0 | K44: 0 | L44: 0 | M44: 0 | N44: 0 | O44: 0 | P44: 0 | Q44: 0 | R44: 0 | S44: 0 | T44: 0 | U44: 0 | V44: 0 | W44: 0 | X44: 0 | Y44: 0 | Z44: 0 | AA44: 0 | AB44: =SUM(V44,D44,J44, P44) -> 0 | AC44: =SUM(W44,E44,K44, Q44) -> 0 | AD44: =SUM(X44,F44,L44, R44) -> 0 | AE44: =SUM(Y44,G44,M44, S44) -> 0 | AF44: =SUM(T44,H44,N44) -> 0 | AG44: =SUM(AA44,I44,O44) -> 0 | AH44: =IF(AB44 = 0, 0, AB44/AB$14) -> 0 | AI44: =IF(AC44 = 0, 0, AC44/AC$14) -> 0 | AJ44: =IF(AD44 = 0, 0, AD44/AD$14) -> 0 | AK44: =IF(AE44 = 0, 0, AE44/AE$14) -> 0 | AL44: =IF(AF44 = 0, 0, AF44/AF$14) -> 0 | AM44: =IF(AG44 = 0, 0, AG44/AG$14) -> 0 | AN44: =IF(OR(GradeSheet!$M39="W (Withdrawn)", GradeSheet!$M39="I (Incomplete)"), 0, IF(AH44>=55%, 1, 0)) -> 0 | AO44: =IF(OR(GradeSheet!$M39="W (Withdrawn)", GradeSheet!$M39="I (Incomplete)"), 0, IF(AI44>=55%, 1, 0)) -> 0 | AP44: =IF(OR(GradeSheet!$M39="W (Withdrawn)", GradeSheet!$M39="I (Incomplete)"), 0, IF(AJ44>=55%, 1, 0)) -> 0 | AQ44: =IF(OR(GradeSheet!$M39="W (Withdrawn)", GradeSheet!$M39="I (Incomplete)"), 0, IF(AK44>=55%, 1, 0)) -> 0 | AR44: =IF(OR(GradeSheet!$M39="W (Withdrawn)", GradeSheet!$M39="I (Incomplete)"), 0, IF(AL44>=55%, 1, 0)) -> 0 | AS44: =IF(OR(GradeSheet!$M39="W (Withdrawn)", GradeSheet!$M39="I (Incomplete)"), 0, IF(AM44>=55%, 1, 0)) -> 0 | AU44: =IF($AT$9=0,0,MMULT($AH44:$AM44, AT$3:AT$8)/$AT$9) -> 0 | AV44: =IF($AU$9=0,0,MMULT($AH44:$AM44, AU$3:AU$8)/$AU$9) -> 0 | AW44: {=IF($AV$9=0,0,MMULT($AH44:$AM44, AV$3:AV$8)/$AV$9)} -> 0 | AX44: {=IF($AW$9=0,0,MMULT($AH44:$AM44, AW$3:AW$8)/$AW$9)} -> 0 | AY44: =IF($AX$9=0,0,MMULT($AH44:$AM44, AX$3:AX$8)/$AX$9) -> 0 | AZ44: {=IF($AY$9=0,0,MMULT($AH44:$AM44, AY$3:AY$8)/$AY$9)} -> 0 | BA44: {=IF($AZ$9=0,0,MMULT($AH44:$AM44, AZ$3:AZ$8)/$AZ$9)} -> 0 | BB44: {=IF($BA$9=0,0,MMULT($AH44:$AM44, BA$3:BA$8)/$BA$9)} -> 0 | BC44: {=IF($BB$9=0,0,MMULT($AH44:$AM44, BB$3:BB$8)/$BB$9)} -> 0 | BD44: {=IF($BC$9=0,0,MMULT($AH44:$AM44, BC$3:BC$8)/$BC$9)} -> 0 | BE44: =IF($BD$9=0,0,MMULT($AH44:$AM44, BD$3:BD$8)/$BD$9) -> 0 | BF44: =IF($BE$9=0,0,MMULT($AH44:$AM44, BE$3:BE$8)/$BE$9) -> 0 | BG44: =IF(OR(GradeSheet!$M39="W (Withdrawn)", GradeSheet!$M39="I (Incomplete)"), 0, IF(AU44>=65%, 1, 0)) -> 0 | BH44: =IF(OR(GradeSheet!$M39="W (Withdrawn)", GradeSheet!$M39="I (Incomplete)"), 0, IF(AV44>=65%, 1, 0)) -> 0 | BI44: =IF(OR(GradeSheet!$M39="W (Withdrawn)", GradeSheet!$M39="I (Incomplete)"), 0, IF(AW44>=65%, 1, 0)) -> 0 | BJ44: =IF(OR(GradeSheet!$M39="W (Withdrawn)", GradeSheet!$M39="I (Incomplete)"), 0, IF(AX44>=65%, 1, 0)) -> 0 | BK44: =IF(OR(GradeSheet!$M39="W (Withdrawn)", GradeSheet!$M39="I (Incomplete)"), 0, IF(AY44>=65%, 1, 0)) -> 0 | BL44: =IF(OR(GradeSheet!$M39="W (Withdrawn)", GradeSheet!$M39="I (Incomplete)"), 0, IF(AZ44>=65%, 1, 0)) -> 0 | BM44: =IF(OR(GradeSheet!$M39="W (Withdrawn)", GradeSheet!$M39="I (Incomplete)"), 0, IF(BA44>=65%, 1, 0)) -> 0 | BN44: =IF(OR(GradeSheet!$M39="W (Withdrawn)", GradeSheet!$M39="I (Incomplete)"), 0, IF(BB44>=65%, 1, 0)) -> 0 | ... BR44: =IF(OR(GradeSheet!$M39="W (Withdrawn)", GradeSheet!$M39="I (Incomplete)"), 0, IF(BF44>=65%, 1, 0)) -> 0
A45: 31 | B45: =GradeSheet!X40 -> 0 | C45: =GradeSheet!W40 -> 0 | D45: 0 | E45: 0 | F45: 0 | G45: 0 | H45: 0 | I45: 0 | J45: 0 | K45: 0 | L45: 0 | M45: 0 | N45: 0 | O45: 0 | P45: 0 | Q45: 0 | R45: 0 | S45: 0 | T45: 0 | U45: 0 | V45: 0 | W45: 0 | X45: 0 | Y45: 0 | Z45: 0 | AA45: 0 | AB45: =SUM(V45,D45,J45, P45) -> 0 | AC45: =SUM(W45,E45,K45, Q45) -> 0 | AD45: =SUM(X45,F45,L45, R45) -> 0 | AE45: =SUM(Y45,G45,M45, S45) -> 0 | AF45: =SUM(T45,H45,N45) -> 0 | AG45: =SUM(AA45,I45,O45) -> 0 | AH45: =IF(AB45 = 0, 0, AB45/AB$14) -> 0 | AI45: =IF(AC45 = 0, 0, AC45/AC$14) -> 0 | AJ45: =IF(AD45 = 0, 0, AD45/AD$14) -> 0 | AK45: =IF(AE45 = 0, 0, AE45/AE$14) -> 0 | AL45: =IF(AF45 = 0, 0, AF45/AF$14) -> 0 | AM45: =IF(AG45 = 0, 0, AG45/AG$14) -> 0 | AN45: =IF(OR(GradeSheet!$M40="W (Withdrawn)", GradeSheet!$M40="I (Incomplete)"), 0, IF(AH45>=55%, 1, 0)) -> 0 | AO45: =IF(OR(GradeSheet!$M40="W (Withdrawn)", GradeSheet!$M40="I (Incomplete)"), 0, IF(AI45>=55%, 1, 0)) -> 0 | AP45: =IF(OR(GradeSheet!$M40="W (Withdrawn)", GradeSheet!$M40="I (Incomplete)"), 0, IF(AJ45>=55%, 1, 0)) -> 0 | AQ45: =IF(OR(GradeSheet!$M40="W (Withdrawn)", GradeSheet!$M40="I (Incomplete)"), 0, IF(AK45>=55%, 1, 0)) -> 0 | AR45: =IF(OR(GradeSheet!$M40="W (Withdrawn)", GradeSheet!$M40="I (Incomplete)"), 0, IF(AL45>=55%, 1, 0)) -> 0 | AS45: =IF(OR(GradeSheet!$M40="W (Withdrawn)", GradeSheet!$M40="I (Incomplete)"), 0, IF(AM45>=55%, 1, 0)) -> 0 | AU45: =IF($AT$9=0,0,MMULT($AH45:$AM45, AT$3:AT$8)/$AT$9) -> 0 | AV45: =IF($AU$9=0,0,MMULT($AH45:$AM45, AU$3:AU$8)/$AU$9) -> 0 | AW45: {=IF($AV$9=0,0,MMULT($AH45:$AM45, AV$3:AV$8)/$AV$9)} -> 0 | AX45: {=IF($AW$9=0,0,MMULT($AH45:$AM45, AW$3:AW$8)/$AW$9)} -> 0 | AY45: =IF($AX$9=0,0,MMULT($AH45:$AM45, AX$3:AX$8)/$AX$9) -> 0 | AZ45: {=IF($AY$9=0,0,MMULT($AH45:$AM45, AY$3:AY$8)/$AY$9)} -> 0 | BA45: {=IF($AZ$9=0,0,MMULT($AH45:$AM45, AZ$3:AZ$8)/$AZ$9)} -> 0 | BB45: {=IF($BA$9=0,0,MMULT($AH45:$AM45, BA$3:BA$8)/$BA$9)} -> 0 | BC45: {=IF($BB$9=0,0,MMULT($AH45:$AM45, BB$3:BB$8)/$BB$9)} -> 0 | BD45: {=IF($BC$9=0,0,MMULT($AH45:$AM45, BC$3:BC$8)/$BC$9)} -> 0 | BE45: =IF($BD$9=0,0,MMULT($AH45:$AM45, BD$3:BD$8)/$BD$9) -> 0 | BF45: =IF($BE$9=0,0,MMULT($AH45:$AM45, BE$3:BE$8)/$BE$9) -> 0 | BG45: =IF(OR(GradeSheet!$M40="W (Withdrawn)", GradeSheet!$M40="I (Incomplete)"), 0, IF(AU45>=65%, 1, 0)) -> 0 | BH45: =IF(OR(GradeSheet!$M40="W (Withdrawn)", GradeSheet!$M40="I (Incomplete)"), 0, IF(AV45>=65%, 1, 0)) -> 0 | BI45: =IF(OR(GradeSheet!$M40="W (Withdrawn)", GradeSheet!$M40="I (Incomplete)"), 0, IF(AW45>=65%, 1, 0)) -> 0 | BJ45: =IF(OR(GradeSheet!$M40="W (Withdrawn)", GradeSheet!$M40="I (Incomplete)"), 0, IF(AX45>=65%, 1, 0)) -> 0 | BK45: =IF(OR(GradeSheet!$M40="W (Withdrawn)", GradeSheet!$M40="I (Incomplete)"), 0, IF(AY45>=65%, 1, 0)) -> 0 | BL45: =IF(OR(GradeSheet!$M40="W (Withdrawn)", GradeSheet!$M40="I (Incomplete)"), 0, IF(AZ45>=65%, 1, 0)) -> 0 | BM45: =IF(OR(GradeSheet!$M40="W (Withdrawn)", GradeSheet!$M40="I (Incomplete)"), 0, IF(BA45>=65%, 1, 0)) -> 0 | BN45: =IF(OR(GradeSheet!$M40="W (Withdrawn)", GradeSheet!$M40="I (Incomplete)"), 0, IF(BB45>=65%, 1, 0)) -> 0 | ... BR45: =IF(OR(GradeSheet!$M40="W (Withdrawn)", GradeSheet!$M40="I (Incomplete)"), 0, IF(BF45>=65%, 1, 0)) -> 0
A46: 32 | B46: =GradeSheet!X41 -> 0 | C46: =GradeSheet!W41 -> 0 | D46: 0 | E46: 0 | F46: 0 | G46: 0 | H46: 0 | I46: 0 | J46: 0 | K46: 0 | L46: 0 | M46: 0 | N46: 0 | O46: 0 | P46: 0 | Q46: 0 | R46: 0 | S46: 0 | T46: 0 | U46: 0 | V46: 0 | W46: 0 | X46: 0 | Y46: 0 | Z46: 0 | AA46: 0 | AB46: =SUM(V46,D46,J46, P46) -> 0 | AC46: =SUM(W46,E46,K46, Q46) -> 0 | AD46: =SUM(X46,F46,L46, R46) -> 0 | AE46: =SUM(Y46,G46,M46, S46) -> 0 | AF46: =SUM(T46,H46,N46) -> 0 | AG46: =SUM(AA46,I46,O46) -> 0 | AH46: =IF(AB46 = 0, 0, AB46/AB$14) -> 0 | AI46: =IF(AC46 = 0, 0, AC46/AC$14) -> 0 | AJ46: =IF(AD46 = 0, 0, AD46/AD$14) -> 0 | AK46: =IF(AE46 = 0, 0, AE46/AE$14) -> 0 | AL46: =IF(AF46 = 0, 0, AF46/AF$14) -> 0 | AM46: =IF(AG46 = 0, 0, AG46/AG$14) -> 0 | AN46: =IF(OR(GradeSheet!$M41="W (Withdrawn)", GradeSheet!$M41="I (Incomplete)"), 0, IF(AH46>=55%, 1, 0)) -> 0 | AO46: =IF(OR(GradeSheet!$M41="W (Withdrawn)", GradeSheet!$M41="I (Incomplete)"), 0, IF(AI46>=55%, 1, 0)) -> 0 | AP46: =IF(OR(GradeSheet!$M41="W (Withdrawn)", GradeSheet!$M41="I (Incomplete)"), 0, IF(AJ46>=55%, 1, 0)) -> 0 | AQ46: =IF(OR(GradeSheet!$M41="W (Withdrawn)", GradeSheet!$M41="I (Incomplete)"), 0, IF(AK46>=55%, 1, 0)) -> 0 | AR46: =IF(OR(GradeSheet!$M41="W (Withdrawn)", GradeSheet!$M41="I (Incomplete)"), 0, IF(AL46>=55%, 1, 0)) -> 0 | AS46: =IF(OR(GradeSheet!$M41="W (Withdrawn)", GradeSheet!$M41="I (Incomplete)"), 0, IF(AM46>=55%, 1, 0)) -> 0 | AU46: =IF($AT$9=0,0,MMULT($AH46:$AM46, AT$3:AT$8)/$AT$9) -> 0 | AV46: =IF($AU$9=0,0,MMULT($AH46:$AM46, AU$3:AU$8)/$AU$9) -> 0 | AW46: {=IF($AV$9=0,0,MMULT($AH46:$AM46, AV$3:AV$8)/$AV$9)} -> 0 | AX46: {=IF($AW$9=0,0,MMULT($AH46:$AM46, AW$3:AW$8)/$AW$9)} -> 0 | AY46: =IF($AX$9=0,0,MMULT($AH46:$AM46, AX$3:AX$8)/$AX$9) -> 0 | AZ46: {=IF($AY$9=0,0,MMULT($AH46:$AM46, AY$3:AY$8)/$AY$9)} -> 0 | BA46: {=IF($AZ$9=0,0,MMULT($AH46:$AM46, AZ$3:AZ$8)/$AZ$9)} -> 0 | BB46: {=IF($BA$9=0,0,MMULT($AH46:$AM46, BA$3:BA$8)/$BA$9)} -> 0 | BC46: {=IF($BB$9=0,0,MMULT($AH46:$AM46, BB$3:BB$8)/$BB$9)} -> 0 | BD46: {=IF($BC$9=0,0,MMULT($AH46:$AM46, BC$3:BC$8)/$BC$9)} -> 0 | BE46: =IF($BD$9=0,0,MMULT($AH46:$AM46, BD$3:BD$8)/$BD$9) -> 0 | BF46: =IF($BE$9=0,0,MMULT($AH46:$AM46, BE$3:BE$8)/$BE$9) -> 0 | BG46: =IF(OR(GradeSheet!$M41="W (Withdrawn)", GradeSheet!$M41="I (Incomplete)"), 0, IF(AU46>=65%, 1, 0)) -> 0 | BH46: =IF(OR(GradeSheet!$M41="W (Withdrawn)", GradeSheet!$M41="I (Incomplete)"), 0, IF(AV46>=65%, 1, 0)) -> 0 | BI46: =IF(OR(GradeSheet!$M41="W (Withdrawn)", GradeSheet!$M41="I (Incomplete)"), 0, IF(AW46>=65%, 1, 0)) -> 0 | BJ46: =IF(OR(GradeSheet!$M41="W (Withdrawn)", GradeSheet!$M41="I (Incomplete)"), 0, IF(AX46>=65%, 1, 0)) -> 0 | BK46: =IF(OR(GradeSheet!$M41="W (Withdrawn)", GradeSheet!$M41="I (Incomplete)"), 0, IF(AY46>=65%, 1, 0)) -> 0 | BL46: =IF(OR(GradeSheet!$M41="W (Withdrawn)", GradeSheet!$M41="I (Incomplete)"), 0, IF(AZ46>=65%, 1, 0)) -> 0 | BM46: =IF(OR(GradeSheet!$M41="W (Withdrawn)", GradeSheet!$M41="I (Incomplete)"), 0, IF(BA46>=65%, 1, 0)) -> 0 | BN46: =IF(OR(GradeSheet!$M41="W (Withdrawn)", GradeSheet!$M41="I (Incomplete)"), 0, IF(BB46>=65%, 1, 0)) -> 0 | ... BR46: =IF(OR(GradeSheet!$M41="W (Withdrawn)", GradeSheet!$M41="I (Incomplete)"), 0, IF(BF46>=65%, 1, 0)) -> 0
A47: 33 | B47: =GradeSheet!X42 -> 0 | C47: =GradeSheet!W42 -> 0 | D47: 0 | E47: 0 | F47: 0 | G47: 0 | H47: 0 | I47: 0 | J47: 0 | K47: 0 | L47: 0 | M47: 0 | N47: 0 | O47: 0 | P47: 0 | Q47: 0 | R47: 0 | S47: 0 | T47: 0 | U47: 0 | V47: 0 | W47: 0 | X47: 0 | Y47: 0 | Z47: 0 | AA47: 0 | AB47: =SUM(V47,D47,J47, P47) -> 0 | AC47: =SUM(W47,E47,K47, Q47) -> 0 | AD47: =SUM(X47,F47,L47, R47) -> 0 | AE47: =SUM(Y47,G47,M47, S47) -> 0 | AF47: =SUM(T47,H47,N47) -> 0 | AG47: =SUM(AA47,I47,O47) -> 0 | AH47: =IF(AB47 = 0, 0, AB47/AB$14) -> 0 | AI47: =IF(AC47 = 0, 0, AC47/AC$14) -> 0 | AJ47: =IF(AD47 = 0, 0, AD47/AD$14) -> 0 | AK47: =IF(AE47 = 0, 0, AE47/AE$14) -> 0 | AL47: =IF(AF47 = 0, 0, AF47/AF$14) -> 0 | AM47: =IF(AG47 = 0, 0, AG47/AG$14) -> 0 | AN47: =IF(OR(GradeSheet!$M42="W (Withdrawn)", GradeSheet!$M42="I (Incomplete)"), 0, IF(AH47>=55%, 1, 0)) -> 0 | AO47: =IF(OR(GradeSheet!$M42="W (Withdrawn)", GradeSheet!$M42="I (Incomplete)"), 0, IF(AI47>=55%, 1, 0)) -> 0 | AP47: =IF(OR(GradeSheet!$M42="W (Withdrawn)", GradeSheet!$M42="I (Incomplete)"), 0, IF(AJ47>=55%, 1, 0)) -> 0 | AQ47: =IF(OR(GradeSheet!$M42="W (Withdrawn)", GradeSheet!$M42="I (Incomplete)"), 0, IF(AK47>=55%, 1, 0)) -> 0 | AR47: =IF(OR(GradeSheet!$M42="W (Withdrawn)", GradeSheet!$M42="I (Incomplete)"), 0, IF(AL47>=55%, 1, 0)) -> 0 | AS47: =IF(OR(GradeSheet!$M42="W (Withdrawn)", GradeSheet!$M42="I (Incomplete)"), 0, IF(AM47>=55%, 1, 0)) -> 0 | AU47: =IF($AT$9=0,0,MMULT($AH47:$AM47, AT$3:AT$8)/$AT$9) -> 0 | AV47: =IF($AU$9=0,0,MMULT($AH47:$AM47, AU$3:AU$8)/$AU$9) -> 0 | AW47: {=IF($AV$9=0,0,MMULT($AH47:$AM47, AV$3:AV$8)/$AV$9)} -> 0 | AX47: {=IF($AW$9=0,0,MMULT($AH47:$AM47, AW$3:AW$8)/$AW$9)} -> 0 | AY47: =IF($AX$9=0,0,MMULT($AH47:$AM47, AX$3:AX$8)/$AX$9) -> 0 | AZ47: {=IF($AY$9=0,0,MMULT($AH47:$AM47, AY$3:AY$8)/$AY$9)} -> 0 | BA47: {=IF($AZ$9=0,0,MMULT($AH47:$AM47, AZ$3:AZ$8)/$AZ$9)} -> 0 | BB47: {=IF($BA$9=0,0,MMULT($AH47:$AM47, BA$3:BA$8)/$BA$9)} -> 0 | BC47: {=IF($BB$9=0,0,MMULT($AH47:$AM47, BB$3:BB$8)/$BB$9)} -> 0 | BD47: {=IF($BC$9=0,0,MMULT($AH47:$AM47, BC$3:BC$8)/$BC$9)} -> 0 | BE47: =IF($BD$9=0,0,MMULT($AH47:$AM47, BD$3:BD$8)/$BD$9) -> 0 | BF47: =IF($BE$9=0,0,MMULT($AH47:$AM47, BE$3:BE$8)/$BE$9) -> 0 | BG47: =IF(OR(GradeSheet!$M42="W (Withdrawn)", GradeSheet!$M42="I (Incomplete)"), 0, IF(AU47>=65%, 1, 0)) -> 0 | BH47: =IF(OR(GradeSheet!$M42="W (Withdrawn)", GradeSheet!$M42="I (Incomplete)"), 0, IF(AV47>=65%, 1, 0)) -> 0 | BI47: =IF(OR(GradeSheet!$M42="W (Withdrawn)", GradeSheet!$M42="I (Incomplete)"), 0, IF(AW47>=65%, 1, 0)) -> 0 | BJ47: =IF(OR(GradeSheet!$M42="W (Withdrawn)", GradeSheet!$M42="I (Incomplete)"), 0, IF(AX47>=65%, 1, 0)) -> 0 | BK47: =IF(OR(GradeSheet!$M42="W (Withdrawn)", GradeSheet!$M42="I (Incomplete)"), 0, IF(AY47>=65%, 1, 0)) -> 0 | BL47: =IF(OR(GradeSheet!$M42="W (Withdrawn)", GradeSheet!$M42="I (Incomplete)"), 0, IF(AZ47>=65%, 1, 0)) -> 0 | BM47: =IF(OR(GradeSheet!$M42="W (Withdrawn)", GradeSheet!$M42="I (Incomplete)"), 0, IF(BA47>=65%, 1, 0)) -> 0 | BN47: =IF(OR(GradeSheet!$M42="W (Withdrawn)", GradeSheet!$M42="I (Incomplete)"), 0, IF(BB47>=65%, 1, 0)) -> 0 | ... BR47: =IF(OR(GradeSheet!$M42="W (Withdrawn)", GradeSheet!$M42="I (Incomplete)"), 0, IF(BF47>=65%, 1, 0)) -> 0
A48: 34 | B48: =GradeSheet!X43 -> 0 | C48: =GradeSheet!W43 -> 0 | D48: 0 | E48: 0 | F48: 0 | G48: 0 | H48: 0 | I48: 0 | J48: 0 | K48: 0 | L48: 0 | M48: 0 | N48: 0 | O48: 0 | P48: 0 | Q48: 0 | R48: 0 | S48: 0 | T48: 0 | U48: 0 | V48: 0 | W48: 0 | X48: 0 | Y48: 0 | Z48: 0 | AA48: 0 | AB48: =SUM(V48,D48,J48, P48) -> 0 | AC48: =SUM(W48,E48,K48, Q48) -> 0 | AD48: =SUM(X48,F48,L48, R48) -> 0 | AE48: =SUM(Y48,G48,M48, S48) -> 0 | AF48: =SUM(T48,H48,N48) -> 0 | AG48: =SUM(AA48,I48,O48) -> 0 | AH48: =IF(AB48 = 0, 0, AB48/AB$14) -> 0 | AI48: =IF(AC48 = 0, 0, AC48/AC$14) -> 0 | AJ48: =IF(AD48 = 0, 0, AD48/AD$14) -> 0 | AK48: =IF(AE48 = 0, 0, AE48/AE$14) -> 0 | AL48: =IF(AF48 = 0, 0, AF48/AF$14) -> 0 | AM48: =IF(AG48 = 0, 0, AG48/AG$14) -> 0 | AN48: =IF(OR(GradeSheet!$M43="W (Withdrawn)", GradeSheet!$M43="I (Incomplete)"), 0, IF(AH48>=55%, 1, 0)) -> 0 | AO48: =IF(OR(GradeSheet!$M43="W (Withdrawn)", GradeSheet!$M43="I (Incomplete)"), 0, IF(AI48>=55%, 1, 0)) -> 0 | AP48: =IF(OR(GradeSheet!$M43="W (Withdrawn)", GradeSheet!$M43="I (Incomplete)"), 0, IF(AJ48>=55%, 1, 0)) -> 0 | AQ48: =IF(OR(GradeSheet!$M43="W (Withdrawn)", GradeSheet!$M43="I (Incomplete)"), 0, IF(AK48>=55%, 1, 0)) -> 0 | AR48: =IF(OR(GradeSheet!$M43="W (Withdrawn)", GradeSheet!$M43="I (Incomplete)"), 0, IF(AL48>=55%, 1, 0)) -> 0 | AS48: =IF(OR(GradeSheet!$M43="W (Withdrawn)", GradeSheet!$M43="I (Incomplete)"), 0, IF(AM48>=55%, 1, 0)) -> 0 | AU48: =IF($AT$9=0,0,MMULT($AH48:$AM48, AT$3:AT$8)/$AT$9) -> 0 | AV48: =IF($AU$9=0,0,MMULT($AH48:$AM48, AU$3:AU$8)/$AU$9) -> 0 | AW48: {=IF($AV$9=0,0,MMULT($AH48:$AM48, AV$3:AV$8)/$AV$9)} -> 0 | AX48: {=IF($AW$9=0,0,MMULT($AH48:$AM48, AW$3:AW$8)/$AW$9)} -> 0 | AY48: =IF($AX$9=0,0,MMULT($AH48:$AM48, AX$3:AX$8)/$AX$9) -> 0 | AZ48: {=IF($AY$9=0,0,MMULT($AH48:$AM48, AY$3:AY$8)/$AY$9)} -> 0 | BA48: {=IF($AZ$9=0,0,MMULT($AH48:$AM48, AZ$3:AZ$8)/$AZ$9)} -> 0 | BB48: {=IF($BA$9=0,0,MMULT($AH48:$AM48, BA$3:BA$8)/$BA$9)} -> 0 | BC48: {=IF($BB$9=0,0,MMULT($AH48:$AM48, BB$3:BB$8)/$BB$9)} -> 0 | BD48: {=IF($BC$9=0,0,MMULT($AH48:$AM48, BC$3:BC$8)/$BC$9)} -> 0 | BE48: =IF($BD$9=0,0,MMULT($AH48:$AM48, BD$3:BD$8)/$BD$9) -> 0 | BF48: =IF($BE$9=0,0,MMULT($AH48:$AM48, BE$3:BE$8)/$BE$9) -> 0 | BG48: =IF(OR(GradeSheet!$M43="W (Withdrawn)", GradeSheet!$M43="I (Incomplete)"), 0, IF(AU48>=65%, 1, 0)) -> 0 | BH48: =IF(OR(GradeSheet!$M43="W (Withdrawn)", GradeSheet!$M43="I (Incomplete)"), 0, IF(AV48>=65%, 1, 0)) -> 0 | BI48: =IF(OR(GradeSheet!$M43="W (Withdrawn)", GradeSheet!$M43="I (Incomplete)"), 0, IF(AW48>=65%, 1, 0)) -> 0 | BJ48: =IF(OR(GradeSheet!$M43="W (Withdrawn)", GradeSheet!$M43="I (Incomplete)"), 0, IF(AX48>=65%, 1, 0)) -> 0 | BK48: =IF(OR(GradeSheet!$M43="W (Withdrawn)", GradeSheet!$M43="I (Incomplete)"), 0, IF(AY48>=65%, 1, 0)) -> 0 | BL48: =IF(OR(GradeSheet!$M43="W (Withdrawn)", GradeSheet!$M43="I (Incomplete)"), 0, IF(AZ48>=65%, 1, 0)) -> 0 | BM48: =IF(OR(GradeSheet!$M43="W (Withdrawn)", GradeSheet!$M43="I (Incomplete)"), 0, IF(BA48>=65%, 1, 0)) -> 0 | BN48: =IF(OR(GradeSheet!$M43="W (Withdrawn)", GradeSheet!$M43="I (Incomplete)"), 0, IF(BB48>=65%, 1, 0)) -> 0 | ... BR48: =IF(OR(GradeSheet!$M43="W (Withdrawn)", GradeSheet!$M43="I (Incomplete)"), 0, IF(BF48>=65%, 1, 0)) -> 0
A49: 35 | B49: =GradeSheet!X44 -> 0 | C49: =GradeSheet!W44 -> 0 | D49: 0 | E49: 0 | F49: 0 | G49: 0 | H49: 0 | I49: 0 | J49: 0 | K49: 0 | L49: 0 | M49: 0 | N49: 0 | O49: 0 | P49: 0 | Q49: 0 | R49: 0 | S49: 0 | T49: 0 | U49: 0 | V49: 0 | W49: 0 | X49: 0 | Y49: 0 | Z49: 0 | AA49: 0 | AB49: =SUM(V49,D49,J49, P49) -> 0 | AC49: =SUM(W49,E49,K49, Q49) -> 0 | AD49: =SUM(X49,F49,L49, R49) -> 0 | AE49: =SUM(Y49,G49,M49, S49) -> 0 | AF49: =SUM(T49,H49,N49) -> 0 | AG49: =SUM(AA49,I49,O49) -> 0 | AH49: =IF(AB49 = 0, 0, AB49/AB$14) -> 0 | AI49: =IF(AC49 = 0, 0, AC49/AC$14) -> 0 | AJ49: =IF(AD49 = 0, 0, AD49/AD$14) -> 0 | AK49: =IF(AE49 = 0, 0, AE49/AE$14) -> 0 | AL49: =IF(AF49 = 0, 0, AF49/AF$14) -> 0 | AM49: =IF(AG49 = 0, 0, AG49/AG$14) -> 0 | AN49: =IF(OR(GradeSheet!$M44="W (Withdrawn)", GradeSheet!$M44="I (Incomplete)"), 0, IF(AH49>=55%, 1, 0)) -> 0 | AO49: =IF(OR(GradeSheet!$M44="W (Withdrawn)", GradeSheet!$M44="I (Incomplete)"), 0, IF(AI49>=55%, 1, 0)) -> 0 | AP49: =IF(OR(GradeSheet!$M44="W (Withdrawn)", GradeSheet!$M44="I (Incomplete)"), 0, IF(AJ49>=55%, 1, 0)) -> 0 | AQ49: =IF(OR(GradeSheet!$M44="W (Withdrawn)", GradeSheet!$M44="I (Incomplete)"), 0, IF(AK49>=55%, 1, 0)) -> 0 | AR49: =IF(OR(GradeSheet!$M44="W (Withdrawn)", GradeSheet!$M44="I (Incomplete)"), 0, IF(AL49>=55%, 1, 0)) -> 0 | AS49: =IF(OR(GradeSheet!$M44="W (Withdrawn)", GradeSheet!$M44="I (Incomplete)"), 0, IF(AM49>=55%, 1, 0)) -> 0 | AU49: =IF($AT$9=0,0,MMULT($AH49:$AM49, AT$3:AT$8)/$AT$9) -> 0 | AV49: =IF($AU$9=0,0,MMULT($AH49:$AM49, AU$3:AU$8)/$AU$9) -> 0 | AW49: {=IF($AV$9=0,0,MMULT($AH49:$AM49, AV$3:AV$8)/$AV$9)} -> 0 | AX49: {=IF($AW$9=0,0,MMULT($AH49:$AM49, AW$3:AW$8)/$AW$9)} -> 0 | AY49: =IF($AX$9=0,0,MMULT($AH49:$AM49, AX$3:AX$8)/$AX$9) -> 0 | AZ49: {=IF($AY$9=0,0,MMULT($AH49:$AM49, AY$3:AY$8)/$AY$9)} -> 0 | BA49: {=IF($AZ$9=0,0,MMULT($AH49:$AM49, AZ$3:AZ$8)/$AZ$9)} -> 0 | BB49: {=IF($BA$9=0,0,MMULT($AH49:$AM49, BA$3:BA$8)/$BA$9)} -> 0 | BC49: {=IF($BB$9=0,0,MMULT($AH49:$AM49, BB$3:BB$8)/$BB$9)} -> 0 | BD49: {=IF($BC$9=0,0,MMULT($AH49:$AM49, BC$3:BC$8)/$BC$9)} -> 0 | BE49: =IF($BD$9=0,0,MMULT($AH49:$AM49, BD$3:BD$8)/$BD$9) -> 0 | BF49: =IF($BE$9=0,0,MMULT($AH49:$AM49, BE$3:BE$8)/$BE$9) -> 0 | BG49: =IF(OR(GradeSheet!$M44="W (Withdrawn)", GradeSheet!$M44="I (Incomplete)"), 0, IF(AU49>=65%, 1, 0)) -> 0 | BH49: =IF(OR(GradeSheet!$M44="W (Withdrawn)", GradeSheet!$M44="I (Incomplete)"), 0, IF(AV49>=65%, 1, 0)) -> 0 | BI49: =IF(OR(GradeSheet!$M44="W (Withdrawn)", GradeSheet!$M44="I (Incomplete)"), 0, IF(AW49>=65%, 1, 0)) -> 0 | BJ49: =IF(OR(GradeSheet!$M44="W (Withdrawn)", GradeSheet!$M44="I (Incomplete)"), 0, IF(AX49>=65%, 1, 0)) -> 0 | BK49: =IF(OR(GradeSheet!$M44="W (Withdrawn)", GradeSheet!$M44="I (Incomplete)"), 0, IF(AY49>=65%, 1, 0)) -> 0 | BL49: =IF(OR(GradeSheet!$M44="W (Withdrawn)", GradeSheet!$M44="I (Incomplete)"), 0, IF(AZ49>=65%, 1, 0)) -> 0 | BM49: =IF(OR(GradeSheet!$M44="W (Withdrawn)", GradeSheet!$M44="I (Incomplete)"), 0, IF(BA49>=65%, 1, 0)) -> 0 | BN49: =IF(OR(GradeSheet!$M44="W (Withdrawn)", GradeSheet!$M44="I (Incomplete)"), 0, IF(BB49>=65%, 1, 0)) -> 0 | ... BR49: =IF(OR(GradeSheet!$M44="W (Withdrawn)", GradeSheet!$M44="I (Incomplete)"), 0, IF(BF49>=65%, 1, 0)) -> 0
A50: 36 | B50: =GradeSheet!X45 -> 0 | C50: =GradeSheet!W45 -> 0 | D50: 0 | E50: 0 | F50: 0 | G50: 0 | H50: 0 | I50: 0 | J50: 0 | K50: 0 | L50: 0 | M50: 0 | N50: 0 | O50: 0 | P50: 0 | Q50: 0 | R50: 0 | S50: 0 | T50: 0 | U50: 0 | V50: 0 | W50: 0 | X50: 0 | Y50: 0 | Z50: 0 | AA50: 0 | AB50: =SUM(V50,D50,J50, P50) -> 0 | AC50: =SUM(W50,E50,K50, Q50) -> 0 | AD50: =SUM(X50,F50,L50, R50) -> 0 | AE50: =SUM(Y50,G50,M50, S50) -> 0 | AF50: =SUM(T50,H50,N50) -> 0 | AG50: =SUM(AA50,I50,O50) -> 0 | AH50: =IF(AB50 = 0, 0, AB50/AB$14) -> 0 | AI50: =IF(AC50 = 0, 0, AC50/AC$14) -> 0 | AJ50: =IF(AD50 = 0, 0, AD50/AD$14) -> 0 | AK50: =IF(AE50 = 0, 0, AE50/AE$14) -> 0 | AL50: =IF(AF50 = 0, 0, AF50/AF$14) -> 0 | AM50: =IF(AG50 = 0, 0, AG50/AG$14) -> 0 | AN50: =IF(OR(GradeSheet!$M45="W (Withdrawn)", GradeSheet!$M45="I (Incomplete)"), 0, IF(AH50>=55%, 1, 0)) -> 0 | AO50: =IF(OR(GradeSheet!$M45="W (Withdrawn)", GradeSheet!$M45="I (Incomplete)"), 0, IF(AI50>=55%, 1, 0)) -> 0 | AP50: =IF(OR(GradeSheet!$M45="W (Withdrawn)", GradeSheet!$M45="I (Incomplete)"), 0, IF(AJ50>=55%, 1, 0)) -> 0 | AQ50: =IF(OR(GradeSheet!$M45="W (Withdrawn)", GradeSheet!$M45="I (Incomplete)"), 0, IF(AK50>=55%, 1, 0)) -> 0 | AR50: =IF(OR(GradeSheet!$M45="W (Withdrawn)", GradeSheet!$M45="I (Incomplete)"), 0, IF(AL50>=55%, 1, 0)) -> 0 | AS50: =IF(OR(GradeSheet!$M45="W (Withdrawn)", GradeSheet!$M45="I (Incomplete)"), 0, IF(AM50>=55%, 1, 0)) -> 0 | AU50: =IF($AT$9=0,0,MMULT($AH50:$AM50, AT$3:AT$8)/$AT$9) -> 0 | AV50: =IF($AU$9=0,0,MMULT($AH50:$AM50, AU$3:AU$8)/$AU$9) -> 0 | AW50: {=IF($AV$9=0,0,MMULT($AH50:$AM50, AV$3:AV$8)/$AV$9)} -> 0 | AX50: {=IF($AW$9=0,0,MMULT($AH50:$AM50, AW$3:AW$8)/$AW$9)} -> 0 | AY50: =IF($AX$9=0,0,MMULT($AH50:$AM50, AX$3:AX$8)/$AX$9) -> 0 | AZ50: {=IF($AY$9=0,0,MMULT($AH50:$AM50, AY$3:AY$8)/$AY$9)} -> 0 | BA50: {=IF($AZ$9=0,0,MMULT($AH50:$AM50, AZ$3:AZ$8)/$AZ$9)} -> 0 | BB50: {=IF($BA$9=0,0,MMULT($AH50:$AM50, BA$3:BA$8)/$BA$9)} -> 0 | BC50: {=IF($BB$9=0,0,MMULT($AH50:$AM50, BB$3:BB$8)/$BB$9)} -> 0 | BD50: {=IF($BC$9=0,0,MMULT($AH50:$AM50, BC$3:BC$8)/$BC$9)} -> 0 | BE50: =IF($BD$9=0,0,MMULT($AH50:$AM50, BD$3:BD$8)/$BD$9) -> 0 | BF50: =IF($BE$9=0,0,MMULT($AH50:$AM50, BE$3:BE$8)/$BE$9) -> 0 | BG50: =IF(OR(GradeSheet!$M45="W (Withdrawn)", GradeSheet!$M45="I (Incomplete)"), 0, IF(AU50>=65%, 1, 0)) -> 0 | BH50: =IF(OR(GradeSheet!$M45="W (Withdrawn)", GradeSheet!$M45="I (Incomplete)"), 0, IF(AV50>=65%, 1, 0)) -> 0 | BI50: =IF(OR(GradeSheet!$M45="W (Withdrawn)", GradeSheet!$M45="I (Incomplete)"), 0, IF(AW50>=65%, 1, 0)) -> 0 | BJ50: =IF(OR(GradeSheet!$M45="W (Withdrawn)", GradeSheet!$M45="I (Incomplete)"), 0, IF(AX50>=65%, 1, 0)) -> 0 | BK50: =IF(OR(GradeSheet!$M45="W (Withdrawn)", GradeSheet!$M45="I (Incomplete)"), 0, IF(AY50>=65%, 1, 0)) -> 0 | BL50: =IF(OR(GradeSheet!$M45="W (Withdrawn)", GradeSheet!$M45="I (Incomplete)"), 0, IF(AZ50>=65%, 1, 0)) -> 0 | BM50: =IF(OR(GradeSheet!$M45="W (Withdrawn)", GradeSheet!$M45="I (Incomplete)"), 0, IF(BA50>=65%, 1, 0)) -> 0 | BN50: =IF(OR(GradeSheet!$M45="W (Withdrawn)", GradeSheet!$M45="I (Incomplete)"), 0, IF(BB50>=65%, 1, 0)) -> 0 | ... BR50: =IF(OR(GradeSheet!$M45="W (Withdrawn)", GradeSheet!$M45="I (Incomplete)"), 0, IF(BF50>=65%, 1, 0)) -> 0
... A55: 41 | B55: =GradeSheet!X50 -> 0 | C55: =GradeSheet!W50 -> 0 | D55: 0 | E55: 0 | F55: 0 | G55: 0 | H55: 0 | I55: 0 | J55: 0 | K55: 0 | L55: 0 | M55: 0 | N55: 0 | O55: 0 | P55: 0 | Q55: 0 | R55: 0 | S55: 0 | T55: 0 | U55: 0 | V55: 0 | W55: 0 | X55: 0 | Y55: 0 | Z55: 0 | AA55: 0 | AB55: =SUM(V55,D55,J55, P55) -> 0 | AC55: =SUM(W55,E55,K55, Q55) -> 0 | AD55: =SUM(X55,F55,L55, R55) -> 0 | AE55: =SUM(Y55,G55,M55, S55) -> 0 | AF55: =SUM(T55,H55,N55) -> 0 | AG55: =SUM(AA55,I55,O55) -> 0 | AH55: =IF(AB55 = 0, 0, AB55/AB$14) -> 0 | AI55: =IF(AC55 = 0, 0, AC55/AC$14) -> 0 | AJ55: =IF(AD55 = 0, 0, AD55/AD$14) -> 0 | AK55: =IF(AE55 = 0, 0, AE55/AE$14) -> 0 | AL55: =IF(AF55 = 0, 0, AF55/AF$14) -> 0 | AM55: =IF(AG55 = 0, 0, AG55/AG$14) -> 0 | AN55: =IF(OR(GradeSheet!$M50="W (Withdrawn)", GradeSheet!$M50="I (Incomplete)"), 0, IF(AH55>=55%, 1, 0)) -> 0 | AO55: =IF(OR(GradeSheet!$M50="W (Withdrawn)", GradeSheet!$M50="I (Incomplete)"), 0, IF(AI55>=55%, 1, 0)) -> 0 | AP55: =IF(OR(GradeSheet!$M50="W (Withdrawn)", GradeSheet!$M50="I (Incomplete)"), 0, IF(AJ55>=55%, 1, 0)) -> 0 | AQ55: =IF(OR(GradeSheet!$M50="W (Withdrawn)", GradeSheet!$M50="I (Incomplete)"), 0, IF(AK55>=55%, 1, 0)) -> 0 | AR55: =IF(OR(GradeSheet!$M50="W (Withdrawn)", GradeSheet!$M50="I (Incomplete)"), 0, IF(AL55>=55%, 1, 0)) -> 0 | AS55: =IF(OR(GradeSheet!$M50="W (Withdrawn)", GradeSheet!$M50="I (Incomplete)"), 0, IF(AM55>=55%, 1, 0)) -> 0 | AU55: =IF($AT$9=0,0,MMULT($AH55:$AM55, AT$3:AT$8)/$AT$9) -> 0 | AV55: =IF($AU$9=0,0,MMULT($AH55:$AM55, AU$3:AU$8)/$AU$9) -> 0 | AW55: {=IF($AV$9=0,0,MMULT($AH55:$AM55, AV$3:AV$8)/$AV$9)} -> 0 | AX55: {=IF($AW$9=0,0,MMULT($AH55:$AM55, AW$3:AW$8)/$AW$9)} -> 0 | AY55: =IF($AX$9=0,0,MMULT($AH55:$AM55, AX$3:AX$8)/$AX$9) -> 0 | AZ55: {=IF($AY$9=0,0,MMULT($AH55:$AM55, AY$3:AY$8)/$AY$9)} -> 0 | BA55: {=IF($AZ$9=0,0,MMULT($AH55:$AM55, AZ$3:AZ$8)/$AZ$9)} -> 0 | BB55: {=IF($BA$9=0,0,MMULT($AH55:$AM55, BA$3:BA$8)/$BA$9)} -> 0 | BC55: {=IF($BB$9=0,0,MMULT($AH55:$AM55, BB$3:BB$8)/$BB$9)} -> 0 | BD55: {=IF($BC$9=0,0,MMULT($AH55:$AM55, BC$3:BC$8)/$BC$9)} -> 0 | BE55: =IF($BD$9=0,0,MMULT($AH55:$AM55, BD$3:BD$8)/$BD$9) -> 0 | BF55: =IF($BE$9=0,0,MMULT($AH55:$AM55, BE$3:BE$8)/$BE$9) -> 0 | BG55: =IF(OR(GradeSheet!$M50="W (Withdrawn)", GradeSheet!$M50="I (Incomplete)"), 0, IF(AU55>=65%, 1, 0)) -> 0 | BH55: =IF(OR(GradeSheet!$M50="W (Withdrawn)", GradeSheet!$M50="I (Incomplete)"), 0, IF(AV55>=65%, 1, 0)) -> 0 | BI55: =IF(OR(GradeSheet!$M50="W (Withdrawn)", GradeSheet!$M50="I (Incomplete)"), 0, IF(AW55>=65%, 1, 0)) -> 0 | BJ55: =IF(OR(GradeSheet!$M50="W (Withdrawn)", GradeSheet!$M50="I (Incomplete)"), 0, IF(AX55>=65%, 1, 0)) -> 0 | BK55: =IF(OR(GradeSheet!$M50="W (Withdrawn)", GradeSheet!$M50="I (Incomplete)"), 0, IF(AY55>=65%, 1, 0)) -> 0 | BL55: =IF(OR(GradeSheet!$M50="W (Withdrawn)", GradeSheet!$M50="I (Incomplete)"), 0, IF(AZ55>=65%, 1, 0)) -> 0 | BM55: =IF(OR(GradeSheet!$M50="W (Withdrawn)", GradeSheet!$M50="I (Incomplete)"), 0, IF(BA55>=65%, 1, 0)) -> 0 | BN55: =IF(OR(GradeSheet!$M50="W (Withdrawn)", GradeSheet!$M50="I (Incomplete)"), 0, IF(BB55>=65%, 1, 0)) -> 0 | ... BR55: =IF(OR(GradeSheet!$M50="W (Withdrawn)", GradeSheet!$M50="I (Incomplete)"), 0, IF(BF55>=65%, 1, 0)) -> 0
A56: 42 | B56: =GradeSheet!X51 -> 0 | C56: =GradeSheet!W51 -> 0 | D56: 0 | E56: 0 | F56: 0 | G56: 0 | H56: 0 | I56: 0 | J56: 0 | K56: 0 | L56: 0 | M56: 0 | N56: 0 | O56: 0 | P56: 0 | Q56: 0 | R56: 0 | S56: 0 | T56: 0 | U56: 0 | V56: 0 | W56: 0 | X56: 0 | Y56: 0 | Z56: 0 | AA56: 0 | AB56: =SUM(V56,D56,J56, P56) -> 0 | AC56: =SUM(W56,E56,K56, Q56) -> 0 | AD56: =SUM(X56,F56,L56, R56) -> 0 | AE56: =SUM(Y56,G56,M56, S56) -> 0 | AF56: =SUM(T56,H56,N56) -> 0 | AG56: =SUM(AA56,I56,O56) -> 0 | AH56: =IF(AB56 = 0, 0, AB56/AB$14) -> 0 | AI56: =IF(AC56 = 0, 0, AC56/AC$14) -> 0 | AJ56: =IF(AD56 = 0, 0, AD56/AD$14) -> 0 | AK56: =IF(AE56 = 0, 0, AE56/AE$14) -> 0 | AL56: =IF(AF56 = 0, 0, AF56/AF$14) -> 0 | AM56: =IF(AG56 = 0, 0, AG56/AG$14) -> 0 | AN56: =IF(OR(GradeSheet!$M51="W (Withdrawn)", GradeSheet!$M51="I (Incomplete)"), 0, IF(AH56>=55%, 1, 0)) -> 0 | AO56: =IF(OR(GradeSheet!$M51="W (Withdrawn)", GradeSheet!$M51="I (Incomplete)"), 0, IF(AI56>=55%, 1, 0)) -> 0 | AP56: =IF(OR(GradeSheet!$M51="W (Withdrawn)", GradeSheet!$M51="I (Incomplete)"), 0, IF(AJ56>=55%, 1, 0)) -> 0 | AQ56: =IF(OR(GradeSheet!$M51="W (Withdrawn)", GradeSheet!$M51="I (Incomplete)"), 0, IF(AK56>=55%, 1, 0)) -> 0 | AR56: =IF(OR(GradeSheet!$M51="W (Withdrawn)", GradeSheet!$M51="I (Incomplete)"), 0, IF(AL56>=55%, 1, 0)) -> 0 | AS56: =IF(OR(GradeSheet!$M51="W (Withdrawn)", GradeSheet!$M51="I (Incomplete)"), 0, IF(AM56>=55%, 1, 0)) -> 0 | AU56: {=IF($AT$9=0,0,MMULT($AH56:$AM56, AT$3:AT$8)/$AT$9)} -> 0 | AV56: {=IF($AU$9=0,0,MMULT($AH56:$AM56, AU$3:AU$8)/$AU$9)} -> 0 | AW56: {=IF($AV$9=0,0,MMULT($AH56:$AM56, AV$3:AV$8)/$AV$9)} -> 0 | AX56: {=IF($AW$9=0,0,MMULT($AH56:$AM56, AW$3:AW$8)/$AW$9)} -> 0 | AY56: {=IF($AX$9=0,0,MMULT($AH56:$AM56, AX$3:AX$8)/$AX$9)} -> 0 | AZ56: {=IF($AY$9=0,0,MMULT($AH56:$AM56, AY$3:AY$8)/$AY$9)} -> 0 | BA56: {=IF($AZ$9=0,0,MMULT($AH56:$AM56, AZ$3:AZ$8)/$AZ$9)} -> 0 | BB56: {=IF($BA$9=0,0,MMULT($AH56:$AM56, BA$3:BA$8)/$BA$9)} -> 0 | BC56: {=IF($BB$9=0,0,MMULT($AH56:$AM56, BB$3:BB$8)/$BB$9)} -> 0 | BD56: {=IF($BC$9=0,0,MMULT($AH56:$AM56, BC$3:BC$8)/$BC$9)} -> 0 | BE56: {=IF($BD$9=0,0,MMULT($AH56:$AM56, BD$3:BD$8)/$BD$9)} -> 0 | BF56: {=IF($BE$9=0,0,MMULT($AH56:$AM56, BE$3:BE$8)/$BE$9)} -> 0 | BG56: =IF(OR(GradeSheet!$M51="W (Withdrawn)", GradeSheet!$M51="I (Incomplete)"), 0, IF(AU56>=65%, 1, 0)) -> 0 | BH56: =IF(OR(GradeSheet!$M51="W (Withdrawn)", GradeSheet!$M51="I (Incomplete)"), 0, IF(AV56>=65%, 1, 0)) -> 0 | BI56: =IF(OR(GradeSheet!$M51="W (Withdrawn)", GradeSheet!$M51="I (Incomplete)"), 0, IF(AW56>=65%, 1, 0)) -> 0 | BJ56: =IF(OR(GradeSheet!$M51="W (Withdrawn)", GradeSheet!$M51="I (Incomplete)"), 0, IF(AX56>=65%, 1, 0)) -> 0 | BK56: =IF(OR(GradeSheet!$M51="W (Withdrawn)", GradeSheet!$M51="I (Incomplete)"), 0, IF(AY56>=65%, 1, 0)) -> 0 | BL56: =IF(OR(GradeSheet!$M51="W (Withdrawn)", GradeSheet!$M51="I (Incomplete)"), 0, IF(AZ56>=65%, 1, 0)) -> 0 | BM56: =IF(OR(GradeSheet!$M51="W (Withdrawn)", GradeSheet!$M51="I (Incomplete)"), 0, IF(BA56>=65%, 1, 0)) -> 0 | BN56: =IF(OR(GradeSheet!$M51="W (Withdrawn)", GradeSheet!$M51="I (Incomplete)"), 0, IF(BB56>=65%, 1, 0)) -> 0 | ... BR56: =IF(OR(GradeSheet!$M51="W (Withdrawn)", GradeSheet!$M51="I (Incomplete)"), 0, IF(BF56>=65%, 1, 0)) -> 0
A57: 43 | B57: =GradeSheet!X52 -> 0 | C57: =GradeSheet!W52 -> 0 | D57: 0 | E57: 0 | F57: 0 | G57: 0 | H57: 0 | I57: 0 | J57: 0 | K57: 0 | L57: 0 | M57: 0 | N57: 0 | O57: 0 | P57: 0 | Q57: 0 | R57: 0 | S57: 0 | T57: 0 | U57: 0 | V57: 0 | W57: 0 | X57: 0 | Y57: 0 | Z57: 0 | AA57: 0 | AB57: =SUM(V57,D57,J57, P57) -> 0 | AC57: =SUM(W57,E57,K57, Q57) -> 0 | AD57: =SUM(X57,F57,L57, R57) -> 0 | AE57: =SUM(Y57,G57,M57, S57) -> 0 | AF57: =SUM(T57,H57,N57) -> 0 | AG57: =SUM(AA57,I57,O57) -> 0 | AH57: =IF(AB57 = 0, 0, AB57/AB$14) -> 0 | AI57: =IF(AC57 = 0, 0, AC57/AC$14) -> 0 | AJ57: =IF(AD57 = 0, 0, AD57/AD$14) -> 0 | AK57: =IF(AE57 = 0, 0, AE57/AE$14) -> 0 | AL57: =IF(AF57 = 0, 0, AF57/AF$14) -> 0 | AM57: =IF(AG57 = 0, 0, AG57/AG$14) -> 0 | AN57: =IF(OR(GradeSheet!$M52="W (Withdrawn)", GradeSheet!$M52="I (Incomplete)"), 0, IF(AH57>=55%, 1, 0)) -> 0 | AO57: =IF(OR(GradeSheet!$M52="W (Withdrawn)", GradeSheet!$M52="I (Incomplete)"), 0, IF(AI57>=55%, 1, 0)) -> 0 | AP57: =IF(OR(GradeSheet!$M52="W (Withdrawn)", GradeSheet!$M52="I (Incomplete)"), 0, IF(AJ57>=55%, 1, 0)) -> 0 | AQ57: =IF(OR(GradeSheet!$M52="W (Withdrawn)", GradeSheet!$M52="I (Incomplete)"), 0, IF(AK57>=55%, 1, 0)) -> 0 | AR57: =IF(OR(GradeSheet!$M52="W (Withdrawn)", GradeSheet!$M52="I (Incomplete)"), 0, IF(AL57>=55%, 1, 0)) -> 0 | AS57: =IF(OR(GradeSheet!$M52="W (Withdrawn)", GradeSheet!$M52="I (Incomplete)"), 0, IF(AM57>=55%, 1, 0)) -> 0 | AU57: {=IF($AT$9=0,0,MMULT($AH57:$AM57, AT$3:AT$8)/$AT$9)} -> 0 | AV57: {=IF($AU$9=0,0,MMULT($AH57:$AM57, AU$3:AU$8)/$AU$9)} -> 0 | AW57: {=IF($AV$9=0,0,MMULT($AH57:$AM57, AV$3:AV$8)/$AV$9)} -> 0 | AX57: {=IF($AW$9=0,0,MMULT($AH57:$AM57, AW$3:AW$8)/$AW$9)} -> 0 | AY57: {=IF($AX$9=0,0,MMULT($AH57:$AM57, AX$3:AX$8)/$AX$9)} -> 0 | AZ57: {=IF($AY$9=0,0,MMULT($AH57:$AM57, AY$3:AY$8)/$AY$9)} -> 0 | BA57: {=IF($AZ$9=0,0,MMULT($AH57:$AM57, AZ$3:AZ$8)/$AZ$9)} -> 0 | BB57: {=IF($BA$9=0,0,MMULT($AH57:$AM57, BA$3:BA$8)/$BA$9)} -> 0 | BC57: {=IF($BB$9=0,0,MMULT($AH57:$AM57, BB$3:BB$8)/$BB$9)} -> 0 | BD57: {=IF($BC$9=0,0,MMULT($AH57:$AM57, BC$3:BC$8)/$BC$9)} -> 0 | BE57: {=IF($BD$9=0,0,MMULT($AH57:$AM57, BD$3:BD$8)/$BD$9)} -> 0 | BF57: {=IF($BE$9=0,0,MMULT($AH57:$AM57, BE$3:BE$8)/$BE$9)} -> 0 | BG57: =IF(OR(GradeSheet!$M52="W (Withdrawn)", GradeSheet!$M52="I (Incomplete)"), 0, IF(AU57>=65%, 1, 0)) -> 0 | BH57: =IF(OR(GradeSheet!$M52="W (Withdrawn)", GradeSheet!$M52="I (Incomplete)"), 0, IF(AV57>=65%, 1, 0)) -> 0 | BI57: =IF(OR(GradeSheet!$M52="W (Withdrawn)", GradeSheet!$M52="I (Incomplete)"), 0, IF(AW57>=65%, 1, 0)) -> 0 | BJ57: =IF(OR(GradeSheet!$M52="W (Withdrawn)", GradeSheet!$M52="I (Incomplete)"), 0, IF(AX57>=65%, 1, 0)) -> 0 | BK57: =IF(OR(GradeSheet!$M52="W (Withdrawn)", GradeSheet!$M52="I (Incomplete)"), 0, IF(AY57>=65%, 1, 0)) -> 0 | BL57: =IF(OR(GradeSheet!$M52="W (Withdrawn)", GradeSheet!$M52="I (Incomplete)"), 0, IF(AZ57>=65%, 1, 0)) -> 0 | BM57: =IF(OR(GradeSheet!$M52="W (Withdrawn)", GradeSheet!$M52="I (Incomplete)"), 0, IF(BA57>=65%, 1, 0)) -> 0 | BN57: =IF(OR(GradeSheet!$M52="W (Withdrawn)", GradeSheet!$M52="I (Incomplete)"), 0, IF(BB57>=65%, 1, 0)) -> 0 | ... BR57: =IF(OR(GradeSheet!$M52="W (Withdrawn)", GradeSheet!$M52="I (Incomplete)"), 0, IF(BF57>=65%, 1, 0)) -> 0
A58: 44 | B58: =GradeSheet!X53 -> 0 | C58: =GradeSheet!W53 -> 0 | D58: 0 | E58: 0 | F58: 0 | G58: 0 | H58: 0 | I58: 0 | J58: 0 | K58: 0 | L58: 0 | M58: 0 | N58: 0 | O58: 0 | P58: 0 | Q58: 0 | R58: 0 | S58: 0 | T58: 0 | U58: 0 | V58: 0 | W58: 0 | X58: 0 | Y58: 0 | Z58: 0 | AA58: 0 | AB58: =SUM(V58,D58,J58, P58) -> 0 | AC58: =SUM(W58,E58,K58, Q58) -> 0 | AD58: =SUM(X58,F58,L58, R58) -> 0 | AE58: =SUM(Y58,G58,M58, S58) -> 0 | AF58: =SUM(T58,H58,N58) -> 0 | AG58: =SUM(AA58,I58,O58) -> 0 | AH58: =IF(AB58 = 0, 0, AB58/AB$14) -> 0 | AI58: =IF(AC58 = 0, 0, AC58/AC$14) -> 0 | AJ58: =IF(AD58 = 0, 0, AD58/AD$14) -> 0 | AK58: =IF(AE58 = 0, 0, AE58/AE$14) -> 0 | AL58: =IF(AF58 = 0, 0, AF58/AF$14) -> 0 | AM58: =IF(AG58 = 0, 0, AG58/AG$14) -> 0 | AN58: =IF(OR(GradeSheet!$M53="W (Withdrawn)", GradeSheet!$M53="I (Incomplete)"), 0, IF(AH58>=55%, 1, 0)) -> 0 | AO58: =IF(OR(GradeSheet!$M53="W (Withdrawn)", GradeSheet!$M53="I (Incomplete)"), 0, IF(AI58>=55%, 1, 0)) -> 0 | AP58: =IF(OR(GradeSheet!$M53="W (Withdrawn)", GradeSheet!$M53="I (Incomplete)"), 0, IF(AJ58>=55%, 1, 0)) -> 0 | AQ58: =IF(OR(GradeSheet!$M53="W (Withdrawn)", GradeSheet!$M53="I (Incomplete)"), 0, IF(AK58>=55%, 1, 0)) -> 0 | AR58: =IF(OR(GradeSheet!$M53="W (Withdrawn)", GradeSheet!$M53="I (Incomplete)"), 0, IF(AL58>=55%, 1, 0)) -> 0 | AS58: =IF(OR(GradeSheet!$M53="W (Withdrawn)", GradeSheet!$M53="I (Incomplete)"), 0, IF(AM58>=55%, 1, 0)) -> 0 | AU58: {=IF($AT$9=0,0,MMULT($AH58:$AM58, AT$3:AT$8)/$AT$9)} -> 0 | AV58: {=IF($AU$9=0,0,MMULT($AH58:$AM58, AU$3:AU$8)/$AU$9)} -> 0 | AW58: {=IF($AV$9=0,0,MMULT($AH58:$AM58, AV$3:AV$8)/$AV$9)} -> 0 | AX58: {=IF($AW$9=0,0,MMULT($AH58:$AM58, AW$3:AW$8)/$AW$9)} -> 0 | AY58: {=IF($AX$9=0,0,MMULT($AH58:$AM58, AX$3:AX$8)/$AX$9)} -> 0 | AZ58: {=IF($AY$9=0,0,MMULT($AH58:$AM58, AY$3:AY$8)/$AY$9)} -> 0 | BA58: {=IF($AZ$9=0,0,MMULT($AH58:$AM58, AZ$3:AZ$8)/$AZ$9)} -> 0 | BB58: {=IF($BA$9=0,0,MMULT($AH58:$AM58, BA$3:BA$8)/$BA$9)} -> 0 | BC58: {=IF($BB$9=0,0,MMULT($AH58:$AM58, BB$3:BB$8)/$BB$9)} -> 0 | BD58: {=IF($BC$9=0,0,MMULT($AH58:$AM58, BC$3:BC$8)/$BC$9)} -> 0 | BE58: {=IF($BD$9=0,0,MMULT($AH58:$AM58, BD$3:BD$8)/$BD$9)} -> 0 | BF58: {=IF($BE$9=0,0,MMULT($AH58:$AM58, BE$3:BE$8)/$BE$9)} -> 0 | BG58: =IF(OR(GradeSheet!$M53="W (Withdrawn)", GradeSheet!$M53="I (Incomplete)"), 0, IF(AU58>=65%, 1, 0)) -> 0 | BH58: =IF(OR(GradeSheet!$M53="W (Withdrawn)", GradeSheet!$M53="I (Incomplete)"), 0, IF(AV58>=65%, 1, 0)) -> 0 | BI58: =IF(OR(GradeSheet!$M53="W (Withdrawn)", GradeSheet!$M53="I (Incomplete)"), 0, IF(AW58>=65%, 1, 0)) -> 0 | BJ58: =IF(OR(GradeSheet!$M53="W (Withdrawn)", GradeSheet!$M53="I (Incomplete)"), 0, IF(AX58>=65%, 1, 0)) -> 0 | BK58: =IF(OR(GradeSheet!$M53="W (Withdrawn)", GradeSheet!$M53="I (Incomplete)"), 0, IF(AY58>=65%, 1, 0)) -> 0 | BL58: =IF(OR(GradeSheet!$M53="W (Withdrawn)", GradeSheet!$M53="I (Incomplete)"), 0, IF(AZ58>=65%, 1, 0)) -> 0 | BM58: =IF(OR(GradeSheet!$M53="W (Withdrawn)", GradeSheet!$M53="I (Incomplete)"), 0, IF(BA58>=65%, 1, 0)) -> 0 | BN58: =IF(OR(GradeSheet!$M53="W (Withdrawn)", GradeSheet!$M53="I (Incomplete)"), 0, IF(BB58>=65%, 1, 0)) -> 0 | ... BR58: =IF(OR(GradeSheet!$M53="W (Withdrawn)", GradeSheet!$M53="I (Incomplete)"), 0, IF(BF58>=65%, 1, 0)) -> 0
A59: 45 | B59: =GradeSheet!X54 -> 0 | C59: =GradeSheet!W54 -> 0 | D59: 0 | E59: 0 | F59: 0 | G59: 0 | H59: 0 | I59: 0 | J59: 0 | K59: 0 | L59: 0 | M59: 0 | N59: 0 | O59: 0 | P59: 0 | Q59: 0 | R59: 0 | S59: 0 | T59: 0 | U59: 0 | V59: 0 | W59: 0 | X59: 0 | Y59: 0 | Z59: 0 | AA59: 0 | AB59: =SUM(V59,D59,J59, P59) -> 0 | AC59: =SUM(W59,E59,K59, Q59) -> 0 | AD59: =SUM(X59,F59,L59, R59) -> 0 | AE59: =SUM(Y59,G59,M59, S59) -> 0 | AF59: =SUM(T59,H59,N59) -> 0 | AG59: =SUM(AA59,I59,O59) -> 0 | AH59: =IF(AB59 = 0, 0, AB59/AB$14) -> 0 | AI59: =IF(AC59 = 0, 0, AC59/AC$14) -> 0 | AJ59: =IF(AD59 = 0, 0, AD59/AD$14) -> 0 | AK59: =IF(AE59 = 0, 0, AE59/AE$14) -> 0 | AL59: =IF(AF59 = 0, 0, AF59/AF$14) -> 0 | AM59: =IF(AG59 = 0, 0, AG59/AG$14) -> 0 | AN59: =IF(OR(GradeSheet!$M54="W (Withdrawn)", GradeSheet!$M54="I (Incomplete)"), 0, IF(AH59>=55%, 1, 0)) -> 0 | AO59: =IF(OR(GradeSheet!$M54="W (Withdrawn)", GradeSheet!$M54="I (Incomplete)"), 0, IF(AI59>=55%, 1, 0)) -> 0 | AP59: =IF(OR(GradeSheet!$M54="W (Withdrawn)", GradeSheet!$M54="I (Incomplete)"), 0, IF(AJ59>=55%, 1, 0)) -> 0 | AQ59: =IF(OR(GradeSheet!$M54="W (Withdrawn)", GradeSheet!$M54="I (Incomplete)"), 0, IF(AK59>=55%, 1, 0)) -> 0 | AR59: =IF(OR(GradeSheet!$M54="W (Withdrawn)", GradeSheet!$M54="I (Incomplete)"), 0, IF(AL59>=55%, 1, 0)) -> 0 | AS59: =IF(OR(GradeSheet!$M54="W (Withdrawn)", GradeSheet!$M54="I (Incomplete)"), 0, IF(AM59>=55%, 1, 0)) -> 0 | AU59: {=IF($AT$9=0,0,MMULT($AH59:$AM59, AT$3:AT$8)/$AT$9)} -> 0 | AV59: {=IF($AU$9=0,0,MMULT($AH59:$AM59, AU$3:AU$8)/$AU$9)} -> 0 | AW59: {=IF($AV$9=0,0,MMULT($AH59:$AM59, AV$3:AV$8)/$AV$9)} -> 0 | AX59: {=IF($AW$9=0,0,MMULT($AH59:$AM59, AW$3:AW$8)/$AW$9)} -> 0 | AY59: {=IF($AX$9=0,0,MMULT($AH59:$AM59, AX$3:AX$8)/$AX$9)} -> 0 | AZ59: {=IF($AY$9=0,0,MMULT($AH59:$AM59, AY$3:AY$8)/$AY$9)} -> 0 | BA59: {=IF($AZ$9=0,0,MMULT($AH59:$AM59, AZ$3:AZ$8)/$AZ$9)} -> 0 | BB59: {=IF($BA$9=0,0,MMULT($AH59:$AM59, BA$3:BA$8)/$BA$9)} -> 0 | BC59: {=IF($BB$9=0,0,MMULT($AH59:$AM59, BB$3:BB$8)/$BB$9)} -> 0 | BD59: {=IF($BC$9=0,0,MMULT($AH59:$AM59, BC$3:BC$8)/$BC$9)} -> 0 | BE59: {=IF($BD$9=0,0,MMULT($AH59:$AM59, BD$3:BD$8)/$BD$9)} -> 0 | BF59: {=IF($BE$9=0,0,MMULT($AH59:$AM59, BE$3:BE$8)/$BE$9)} -> 0 | BG59: =IF(OR(GradeSheet!$M54="W (Withdrawn)", GradeSheet!$M54="I (Incomplete)"), 0, IF(AU59>=65%, 1, 0)) -> 0 | BH59: =IF(OR(GradeSheet!$M54="W (Withdrawn)", GradeSheet!$M54="I (Incomplete)"), 0, IF(AV59>=65%, 1, 0)) -> 0 | BI59: =IF(OR(GradeSheet!$M54="W (Withdrawn)", GradeSheet!$M54="I (Incomplete)"), 0, IF(AW59>=65%, 1, 0)) -> 0 | BJ59: =IF(OR(GradeSheet!$M54="W (Withdrawn)", GradeSheet!$M54="I (Incomplete)"), 0, IF(AX59>=65%, 1, 0)) -> 0 | BK59: =IF(OR(GradeSheet!$M54="W (Withdrawn)", GradeSheet!$M54="I (Incomplete)"), 0, IF(AY59>=65%, 1, 0)) -> 0 | BL59: =IF(OR(GradeSheet!$M54="W (Withdrawn)", GradeSheet!$M54="I (Incomplete)"), 0, IF(AZ59>=65%, 1, 0)) -> 0 | BM59: =IF(OR(GradeSheet!$M54="W (Withdrawn)", GradeSheet!$M54="I (Incomplete)"), 0, IF(BA59>=65%, 1, 0)) -> 0 | BN59: =IF(OR(GradeSheet!$M54="W (Withdrawn)", GradeSheet!$M54="I (Incomplete)"), 0, IF(BB59>=65%, 1, 0)) -> 0 | ... BR59: =IF(OR(GradeSheet!$M54="W (Withdrawn)", GradeSheet!$M54="I (Incomplete)"), 0, IF(BF59>=65%, 1, 0)) -> 0
A60: 46 | B60: =GradeSheet!X55 -> 0 | C60: =GradeSheet!W55 -> 0 | D60: 0 | E60: 0 | F60: 0 | G60: 0 | H60: 0 | I60: 0 | J60: 0 | K60: 0 | L60: 0 | M60: 0 | N60: 0 | O60: 0 | P60: 0 | Q60: 0 | R60: 0 | S60: 0 | T60: 0 | U60: 0 | V60: 0 | W60: 0 | X60: 0 | Y60: 0 | Z60: 0 | AA60: 0 | AB60: =SUM(V60,D60,J60, P60) -> 0 | AC60: =SUM(W60,E60,K60, Q60) -> 0 | AD60: =SUM(X60,F60,L60, R60) -> 0 | AE60: =SUM(Y60,G60,M60, S60) -> 0 | AF60: =SUM(T60,H60,N60) -> 0 | AG60: =SUM(AA60,I60,O60) -> 0 | AH60: =IF(AB60 = 0, 0, AB60/AB$14) -> 0 | AI60: =IF(AC60 = 0, 0, AC60/AC$14) -> 0 | AJ60: =IF(AD60 = 0, 0, AD60/AD$14) -> 0 | AK60: =IF(AE60 = 0, 0, AE60/AE$14) -> 0 | AL60: =IF(AF60 = 0, 0, AF60/AF$14) -> 0 | AM60: =IF(AG60 = 0, 0, AG60/AG$14) -> 0 | AN60: =IF(OR(GradeSheet!$M55="W (Withdrawn)", GradeSheet!$M55="I (Incomplete)"), 0, IF(AH60>=55%, 1, 0)) -> 0 | AO60: =IF(OR(GradeSheet!$M55="W (Withdrawn)", GradeSheet!$M55="I (Incomplete)"), 0, IF(AI60>=55%, 1, 0)) -> 0 | AP60: =IF(OR(GradeSheet!$M55="W (Withdrawn)", GradeSheet!$M55="I (Incomplete)"), 0, IF(AJ60>=55%, 1, 0)) -> 0 | AQ60: =IF(OR(GradeSheet!$M55="W (Withdrawn)", GradeSheet!$M55="I (Incomplete)"), 0, IF(AK60>=55%, 1, 0)) -> 0 | AR60: =IF(OR(GradeSheet!$M55="W (Withdrawn)", GradeSheet!$M55="I (Incomplete)"), 0, IF(AL60>=55%, 1, 0)) -> 0 | AS60: =IF(OR(GradeSheet!$M55="W (Withdrawn)", GradeSheet!$M55="I (Incomplete)"), 0, IF(AM60>=55%, 1, 0)) -> 0 | AU60: {=IF($AT$9=0,0,MMULT($AH60:$AM60, AT$3:AT$8)/$AT$9)} -> 0 | AV60: {=IF($AU$9=0,0,MMULT($AH60:$AM60, AU$3:AU$8)/$AU$9)} -> 0 | AW60: {=IF($AV$9=0,0,MMULT($AH60:$AM60, AV$3:AV$8)/$AV$9)} -> 0 | AX60: {=IF($AW$9=0,0,MMULT($AH60:$AM60, AW$3:AW$8)/$AW$9)} -> 0 | AY60: {=IF($AX$9=0,0,MMULT($AH60:$AM60, AX$3:AX$8)/$AX$9)} -> 0 | AZ60: {=IF($AY$9=0,0,MMULT($AH60:$AM60, AY$3:AY$8)/$AY$9)} -> 0 | BA60: {=IF($AZ$9=0,0,MMULT($AH60:$AM60, AZ$3:AZ$8)/$AZ$9)} -> 0 | BB60: {=IF($BA$9=0,0,MMULT($AH60:$AM60, BA$3:BA$8)/$BA$9)} -> 0 | BC60: {=IF($BB$9=0,0,MMULT($AH60:$AM60, BB$3:BB$8)/$BB$9)} -> 0 | BD60: {=IF($BC$9=0,0,MMULT($AH60:$AM60, BC$3:BC$8)/$BC$9)} -> 0 | BE60: {=IF($BD$9=0,0,MMULT($AH60:$AM60, BD$3:BD$8)/$BD$9)} -> 0 | BF60: {=IF($BE$9=0,0,MMULT($AH60:$AM60, BE$3:BE$8)/$BE$9)} -> 0 | BG60: =IF(OR(GradeSheet!$M55="W (Withdrawn)", GradeSheet!$M55="I (Incomplete)"), 0, IF(AU60>=65%, 1, 0)) -> 0 | BH60: =IF(OR(GradeSheet!$M55="W (Withdrawn)", GradeSheet!$M55="I (Incomplete)"), 0, IF(AV60>=65%, 1, 0)) -> 0 | BI60: =IF(OR(GradeSheet!$M55="W (Withdrawn)", GradeSheet!$M55="I (Incomplete)"), 0, IF(AW60>=65%, 1, 0)) -> 0 | BJ60: =IF(OR(GradeSheet!$M55="W (Withdrawn)", GradeSheet!$M55="I (Incomplete)"), 0, IF(AX60>=65%, 1, 0)) -> 0 | BK60: =IF(OR(GradeSheet!$M55="W (Withdrawn)", GradeSheet!$M55="I (Incomplete)"), 0, IF(AY60>=65%, 1, 0)) -> 0 | BL60: =IF(OR(GradeSheet!$M55="W (Withdrawn)", GradeSheet!$M55="I (Incomplete)"), 0, IF(AZ60>=65%, 1, 0)) -> 0 | BM60: =IF(OR(GradeSheet!$M55="W (Withdrawn)", GradeSheet!$M55="I (Incomplete)"), 0, IF(BA60>=65%, 1, 0)) -> 0 | BN60: =IF(OR(GradeSheet!$M55="W (Withdrawn)", GradeSheet!$M55="I (Incomplete)"), 0, IF(BB60>=65%, 1, 0)) -> 0 | ... BR60: =IF(OR(GradeSheet!$M55="W (Withdrawn)", GradeSheet!$M55="I (Incomplete)"), 0, IF(BF60>=65%, 1, 0)) -> 0
A61: 47 | B61: =GradeSheet!X56 -> 0 | C61: =GradeSheet!W56 -> 0 | D61: 0 | E61: 0 | F61: 0 | G61: 0 | H61: 0 | I61: 0 | J61: 0 | K61: 0 | L61: 0 | M61: 0 | N61: 0 | O61: 0 | P61: 0 | Q61: 0 | R61: 0 | S61: 0 | T61: 0 | U61: 0 | V61: 0 | W61: 0 | X61: 0 | Y61: 0 | Z61: 0 | AA61: 0 | AB61: =SUM(V61,D61,J61, P61) -> 0 | AC61: =SUM(W61,E61,K61, Q61) -> 0 | AD61: =SUM(X61,F61,L61, R61) -> 0 | AE61: =SUM(Y61,G61,M61, S61) -> 0 | AF61: =SUM(T61,H61,N61) -> 0 | AG61: =SUM(AA61,I61,O61) -> 0 | AH61: =IF(AB61 = 0, 0, AB61/AB$14) -> 0 | AI61: =IF(AC61 = 0, 0, AC61/AC$14) -> 0 | AJ61: =IF(AD61 = 0, 0, AD61/AD$14) -> 0 | AK61: =IF(AE61 = 0, 0, AE61/AE$14) -> 0 | AL61: =IF(AF61 = 0, 0, AF61/AF$14) -> 0 | AM61: =IF(AG61 = 0, 0, AG61/AG$14) -> 0 | AN61: =IF(OR(GradeSheet!$M56="W (Withdrawn)", GradeSheet!$M56="I (Incomplete)"), 0, IF(AH61>=55%, 1, 0)) -> 0 | AO61: =IF(OR(GradeSheet!$M56="W (Withdrawn)", GradeSheet!$M56="I (Incomplete)"), 0, IF(AI61>=55%, 1, 0)) -> 0 | AP61: =IF(OR(GradeSheet!$M56="W (Withdrawn)", GradeSheet!$M56="I (Incomplete)"), 0, IF(AJ61>=55%, 1, 0)) -> 0 | AQ61: =IF(OR(GradeSheet!$M56="W (Withdrawn)", GradeSheet!$M56="I (Incomplete)"), 0, IF(AK61>=55%, 1, 0)) -> 0 | AR61: =IF(OR(GradeSheet!$M56="W (Withdrawn)", GradeSheet!$M56="I (Incomplete)"), 0, IF(AL61>=55%, 1, 0)) -> 0 | AS61: =IF(OR(GradeSheet!$M56="W (Withdrawn)", GradeSheet!$M56="I (Incomplete)"), 0, IF(AM61>=55%, 1, 0)) -> 0 | AU61: {=IF($AT$9=0,0,MMULT($AH61:$AM61, AT$3:AT$8)/$AT$9)} -> 0 | AV61: {=IF($AU$9=0,0,MMULT($AH61:$AM61, AU$3:AU$8)/$AU$9)} -> 0 | AW61: {=IF($AV$9=0,0,MMULT($AH61:$AM61, AV$3:AV$8)/$AV$9)} -> 0 | AX61: {=IF($AW$9=0,0,MMULT($AH61:$AM61, AW$3:AW$8)/$AW$9)} -> 0 | AY61: {=IF($AX$9=0,0,MMULT($AH61:$AM61, AX$3:AX$8)/$AX$9)} -> 0 | AZ61: {=IF($AY$9=0,0,MMULT($AH61:$AM61, AY$3:AY$8)/$AY$9)} -> 0 | BA61: {=IF($AZ$9=0,0,MMULT($AH61:$AM61, AZ$3:AZ$8)/$AZ$9)} -> 0 | BB61: {=IF($BA$9=0,0,MMULT($AH61:$AM61, BA$3:BA$8)/$BA$9)} -> 0 | BC61: {=IF($BB$9=0,0,MMULT($AH61:$AM61, BB$3:BB$8)/$BB$9)} -> 0 | BD61: {=IF($BC$9=0,0,MMULT($AH61:$AM61, BC$3:BC$8)/$BC$9)} -> 0 | BE61: {=IF($BD$9=0,0,MMULT($AH61:$AM61, BD$3:BD$8)/$BD$9)} -> 0 | BF61: {=IF($BE$9=0,0,MMULT($AH61:$AM61, BE$3:BE$8)/$BE$9)} -> 0 | BG61: =IF(OR(GradeSheet!$M56="W (Withdrawn)", GradeSheet!$M56="I (Incomplete)"), 0, IF(AU61>=65%, 1, 0)) -> 0 | BH61: =IF(OR(GradeSheet!$M56="W (Withdrawn)", GradeSheet!$M56="I (Incomplete)"), 0, IF(AV61>=65%, 1, 0)) -> 0 | BI61: =IF(OR(GradeSheet!$M56="W (Withdrawn)", GradeSheet!$M56="I (Incomplete)"), 0, IF(AW61>=65%, 1, 0)) -> 0 | BJ61: =IF(OR(GradeSheet!$M56="W (Withdrawn)", GradeSheet!$M56="I (Incomplete)"), 0, IF(AX61>=65%, 1, 0)) -> 0 | BK61: =IF(OR(GradeSheet!$M56="W (Withdrawn)", GradeSheet!$M56="I (Incomplete)"), 0, IF(AY61>=65%, 1, 0)) -> 0 | BL61: =IF(OR(GradeSheet!$M56="W (Withdrawn)", GradeSheet!$M56="I (Incomplete)"), 0, IF(AZ61>=65%, 1, 0)) -> 0 | BM61: =IF(OR(GradeSheet!$M56="W (Withdrawn)", GradeSheet!$M56="I (Incomplete)"), 0, IF(BA61>=65%, 1, 0)) -> 0 | BN61: =IF(OR(GradeSheet!$M56="W (Withdrawn)", GradeSheet!$M56="I (Incomplete)"), 0, IF(BB61>=65%, 1, 0)) -> 0 | ... BR61: =IF(OR(GradeSheet!$M56="W (Withdrawn)", GradeSheet!$M56="I (Incomplete)"), 0, IF(BF61>=65%, 1, 0)) -> 0
A62: 48 | B62: =GradeSheet!X57 -> 0 | C62: =GradeSheet!W57 -> 0 | D62: 0 | E62: 0 | F62: 0 | G62: 0 | H62: 0 | I62: 0 | J62: 0 | K62: 0 | L62: 0 | M62: 0 | N62: 0 | O62: 0 | P62: 0 | Q62: 0 | R62: 0 | S62: 0 | T62: 0 | U62: 0 | V62: 0 | W62: 0 | X62: 0 | Y62: 0 | Z62: 0 | AA62: 0 | AB62: =SUM(V62,D62,J62, P62) -> 0 | AC62: =SUM(W62,E62,K62, Q62) -> 0 | AD62: =SUM(X62,F62,L62, R62) -> 0 | AE62: =SUM(Y62,G62,M62, S62) -> 0 | AF62: =SUM(T62,H62,N62) -> 0 | AG62: =SUM(AA62,I62,O62) -> 0 | AH62: =IF(AB62 = 0, 0, AB62/AB$14) -> 0 | AI62: =IF(AC62 = 0, 0, AC62/AC$14) -> 0 | AJ62: =IF(AD62 = 0, 0, AD62/AD$14) -> 0 | AK62: =IF(AE62 = 0, 0, AE62/AE$14) -> 0 | AL62: =IF(AF62 = 0, 0, AF62/AF$14) -> 0 | AM62: =IF(AG62 = 0, 0, AG62/AG$14) -> 0 | AN62: =IF(OR(GradeSheet!$M57="W (Withdrawn)", GradeSheet!$M57="I (Incomplete)"), 0, IF(AH62>=55%, 1, 0)) -> 0 | AO62: =IF(OR(GradeSheet!$M57="W (Withdrawn)", GradeSheet!$M57="I (Incomplete)"), 0, IF(AI62>=55%, 1, 0)) -> 0 | AP62: =IF(OR(GradeSheet!$M57="W (Withdrawn)", GradeSheet!$M57="I (Incomplete)"), 0, IF(AJ62>=55%, 1, 0)) -> 0 | AQ62: =IF(OR(GradeSheet!$M57="W (Withdrawn)", GradeSheet!$M57="I (Incomplete)"), 0, IF(AK62>=55%, 1, 0)) -> 0 | AR62: =IF(OR(GradeSheet!$M57="W (Withdrawn)", GradeSheet!$M57="I (Incomplete)"), 0, IF(AL62>=55%, 1, 0)) -> 0 | AS62: =IF(OR(GradeSheet!$M57="W (Withdrawn)", GradeSheet!$M57="I (Incomplete)"), 0, IF(AM62>=55%, 1, 0)) -> 0 | AU62: {=IF($AT$9=0,0,MMULT($AH62:$AM62, AT$3:AT$8)/$AT$9)} -> 0 | AV62: {=IF($AU$9=0,0,MMULT($AH62:$AM62, AU$3:AU$8)/$AU$9)} -> 0 | AW62: {=IF($AV$9=0,0,MMULT($AH62:$AM62, AV$3:AV$8)/$AV$9)} -> 0 | AX62: {=IF($AW$9=0,0,MMULT($AH62:$AM62, AW$3:AW$8)/$AW$9)} -> 0 | AY62: {=IF($AX$9=0,0,MMULT($AH62:$AM62, AX$3:AX$8)/$AX$9)} -> 0 | AZ62: {=IF($AY$9=0,0,MMULT($AH62:$AM62, AY$3:AY$8)/$AY$9)} -> 0 | BA62: {=IF($AZ$9=0,0,MMULT($AH62:$AM62, AZ$3:AZ$8)/$AZ$9)} -> 0 | BB62: {=IF($BA$9=0,0,MMULT($AH62:$AM62, BA$3:BA$8)/$BA$9)} -> 0 | BC62: {=IF($BB$9=0,0,MMULT($AH62:$AM62, BB$3:BB$8)/$BB$9)} -> 0 | BD62: {=IF($BC$9=0,0,MMULT($AH62:$AM62, BC$3:BC$8)/$BC$9)} -> 0 | BE62: {=IF($BD$9=0,0,MMULT($AH62:$AM62, BD$3:BD$8)/$BD$9)} -> 0 | BF62: {=IF($BE$9=0,0,MMULT($AH62:$AM62, BE$3:BE$8)/$BE$9)} -> 0 | BG62: =IF(OR(GradeSheet!$M57="W (Withdrawn)", GradeSheet!$M57="I (Incomplete)"), 0, IF(AU62>=65%, 1, 0)) -> 0 | BH62: =IF(OR(GradeSheet!$M57="W (Withdrawn)", GradeSheet!$M57="I (Incomplete)"), 0, IF(AV62>=65%, 1, 0)) -> 0 | BI62: =IF(OR(GradeSheet!$M57="W (Withdrawn)", GradeSheet!$M57="I (Incomplete)"), 0, IF(AW62>=65%, 1, 0)) -> 0 | BJ62: =IF(OR(GradeSheet!$M57="W (Withdrawn)", GradeSheet!$M57="I (Incomplete)"), 0, IF(AX62>=65%, 1, 0)) -> 0 | BK62: =IF(OR(GradeSheet!$M57="W (Withdrawn)", GradeSheet!$M57="I (Incomplete)"), 0, IF(AY62>=65%, 1, 0)) -> 0 | BL62: =IF(OR(GradeSheet!$M57="W (Withdrawn)", GradeSheet!$M57="I (Incomplete)"), 0, IF(AZ62>=65%, 1, 0)) -> 0 | BM62: =IF(OR(GradeSheet!$M57="W (Withdrawn)", GradeSheet!$M57="I (Incomplete)"), 0, IF(BA62>=65%, 1, 0)) -> 0 | BN62: =IF(OR(GradeSheet!$M57="W (Withdrawn)", GradeSheet!$M57="I (Incomplete)"), 0, IF(BB62>=65%, 1, 0)) -> 0 | ... BR62: =IF(OR(GradeSheet!$M57="W (Withdrawn)", GradeSheet!$M57="I (Incomplete)"), 0, IF(BF62>=65%, 1, 0)) -> 0
A63: 49 | B63: =GradeSheet!X58 -> 0 | C63: =GradeSheet!W58 -> 0 | D63: 0 | E63: 0 | F63: 0 | G63: 0 | H63: 0 | I63: 0 | J63: 0 | K63: 0 | L63: 0 | M63: 0 | N63: 0 | O63: 0 | P63: 0 | Q63: 0 | R63: 0 | S63: 0 | T63: 0 | U63: 0 | V63: 0 | W63: 0 | X63: 0 | Y63: 0 | Z63: 0 | AA63: 0 | AB63: =SUM(V63,D63,J63, P63) -> 0 | AC63: =SUM(W63,E63,K63, Q63) -> 0 | AD63: =SUM(X63,F63,L63, R63) -> 0 | AE63: =SUM(Y63,G63,M63, S63) -> 0 | AF63: =SUM(T63,H63,N63) -> 0 | AG63: =SUM(AA63,I63,O63) -> 0 | AH63: =IF(AB63 = 0, 0, AB63/AB$14) -> 0 | AI63: =IF(AC63 = 0, 0, AC63/AC$14) -> 0 | AJ63: =IF(AD63 = 0, 0, AD63/AD$14) -> 0 | AK63: =IF(AE63 = 0, 0, AE63/AE$14) -> 0 | AL63: =IF(AF63 = 0, 0, AF63/AF$14) -> 0 | AM63: =IF(AG63 = 0, 0, AG63/AG$14) -> 0 | AN63: =IF(OR(GradeSheet!$M58="W (Withdrawn)", GradeSheet!$M58="I (Incomplete)"), 0, IF(AH63>=55%, 1, 0)) -> 0 | AO63: =IF(OR(GradeSheet!$M58="W (Withdrawn)", GradeSheet!$M58="I (Incomplete)"), 0, IF(AI63>=55%, 1, 0)) -> 0 | AP63: =IF(OR(GradeSheet!$M58="W (Withdrawn)", GradeSheet!$M58="I (Incomplete)"), 0, IF(AJ63>=55%, 1, 0)) -> 0 | AQ63: =IF(OR(GradeSheet!$M58="W (Withdrawn)", GradeSheet!$M58="I (Incomplete)"), 0, IF(AK63>=55%, 1, 0)) -> 0 | AR63: =IF(OR(GradeSheet!$M58="W (Withdrawn)", GradeSheet!$M58="I (Incomplete)"), 0, IF(AL63>=55%, 1, 0)) -> 0 | AS63: =IF(OR(GradeSheet!$M58="W (Withdrawn)", GradeSheet!$M58="I (Incomplete)"), 0, IF(AM63>=55%, 1, 0)) -> 0 | AU63: {=IF($AT$9=0,0,MMULT($AH63:$AM63, AT$3:AT$8)/$AT$9)} -> 0 | AV63: {=IF($AU$9=0,0,MMULT($AH63:$AM63, AU$3:AU$8)/$AU$9)} -> 0 | AW63: {=IF($AV$9=0,0,MMULT($AH63:$AM63, AV$3:AV$8)/$AV$9)} -> 0 | AX63: {=IF($AW$9=0,0,MMULT($AH63:$AM63, AW$3:AW$8)/$AW$9)} -> 0 | AY63: {=IF($AX$9=0,0,MMULT($AH63:$AM63, AX$3:AX$8)/$AX$9)} -> 0 | AZ63: {=IF($AY$9=0,0,MMULT($AH63:$AM63, AY$3:AY$8)/$AY$9)} -> 0 | BA63: {=IF($AZ$9=0,0,MMULT($AH63:$AM63, AZ$3:AZ$8)/$AZ$9)} -> 0 | BB63: {=IF($BA$9=0,0,MMULT($AH63:$AM63, BA$3:BA$8)/$BA$9)} -> 0 | BC63: {=IF($BB$9=0,0,MMULT($AH63:$AM63, BB$3:BB$8)/$BB$9)} -> 0 | BD63: {=IF($BC$9=0,0,MMULT($AH63:$AM63, BC$3:BC$8)/$BC$9)} -> 0 | BE63: {=IF($BD$9=0,0,MMULT($AH63:$AM63, BD$3:BD$8)/$BD$9)} -> 0 | BF63: {=IF($BE$9=0,0,MMULT($AH63:$AM63, BE$3:BE$8)/$BE$9)} -> 0 | BG63: =IF(OR(GradeSheet!$M58="W (Withdrawn)", GradeSheet!$M58="I (Incomplete)"), 0, IF(AU63>=65%, 1, 0)) -> 0 | BH63: =IF(OR(GradeSheet!$M58="W (Withdrawn)", GradeSheet!$M58="I (Incomplete)"), 0, IF(AV63>=65%, 1, 0)) -> 0 | BI63: =IF(OR(GradeSheet!$M58="W (Withdrawn)", GradeSheet!$M58="I (Incomplete)"), 0, IF(AW63>=65%, 1, 0)) -> 0 | BJ63: =IF(OR(GradeSheet!$M58="W (Withdrawn)", GradeSheet!$M58="I (Incomplete)"), 0, IF(AX63>=65%, 1, 0)) -> 0 | BK63: =IF(OR(GradeSheet!$M58="W (Withdrawn)", GradeSheet!$M58="I (Incomplete)"), 0, IF(AY63>=65%, 1, 0)) -> 0 | BL63: =IF(OR(GradeSheet!$M58="W (Withdrawn)", GradeSheet!$M58="I (Incomplete)"), 0, IF(AZ63>=65%, 1, 0)) -> 0 | BM63: =IF(OR(GradeSheet!$M58="W (Withdrawn)", GradeSheet!$M58="I (Incomplete)"), 0, IF(BA63>=65%, 1, 0)) -> 0 | BN63: =IF(OR(GradeSheet!$M58="W (Withdrawn)", GradeSheet!$M58="I (Incomplete)"), 0, IF(BB63>=65%, 1, 0)) -> 0 | ... BR63: =IF(OR(GradeSheet!$M58="W (Withdrawn)", GradeSheet!$M58="I (Incomplete)"), 0, IF(BF63>=65%, 1, 0)) -> 0
A64: 50 | B64: =GradeSheet!X59 -> 0 | C64: =GradeSheet!W59 -> 0 | D64: 0 | E64: 0 | F64: 0 | G64: 0 | H64: 0 | I64: 0 | J64: 0 | K64: 0 | L64: 0 | M64: 0 | N64: 0 | O64: 0 | P64: 0 | Q64: 0 | R64: 0 | S64: 0 | T64: 0 | U64: 0 | V64: 0 | W64: 0 | X64: 0 | Y64: 0 | Z64: 0 | AA64: 0 | AB64: =SUM(V64,D64,J64, P64) -> 0 | AC64: =SUM(W64,E64,K64, Q64) -> 0 | AD64: =SUM(X64,F64,L64, R64) -> 0 | AE64: =SUM(Y64,G64,M64, S64) -> 0 | AF64: =SUM(T64,H64,N64) -> 0 | AG64: =SUM(AA64,I64,O64) -> 0 | AH64: =IF(AB64 = 0, 0, AB64/AB$14) -> 0 | AI64: =IF(AC64 = 0, 0, AC64/AC$14) -> 0 | AJ64: =IF(AD64 = 0, 0, AD64/AD$14) -> 0 | AK64: =IF(AE64 = 0, 0, AE64/AE$14) -> 0 | AL64: =IF(AF64 = 0, 0, AF64/AF$14) -> 0 | AM64: =IF(AG64 = 0, 0, AG64/AG$14) -> 0 | AN64: =IF(OR(GradeSheet!$M59="W (Withdrawn)", GradeSheet!$M59="I (Incomplete)"), 0, IF(AH64>=55%, 1, 0)) -> 0 | AO64: =IF(OR(GradeSheet!$M59="W (Withdrawn)", GradeSheet!$M59="I (Incomplete)"), 0, IF(AI64>=55%, 1, 0)) -> 0 | AP64: =IF(OR(GradeSheet!$M59="W (Withdrawn)", GradeSheet!$M59="I (Incomplete)"), 0, IF(AJ64>=55%, 1, 0)) -> 0 | AQ64: =IF(OR(GradeSheet!$M59="W (Withdrawn)", GradeSheet!$M59="I (Incomplete)"), 0, IF(AK64>=55%, 1, 0)) -> 0 | AR64: =IF(OR(GradeSheet!$M59="W (Withdrawn)", GradeSheet!$M59="I (Incomplete)"), 0, IF(AL64>=55%, 1, 0)) -> 0 | AS64: =IF(OR(GradeSheet!$M59="W (Withdrawn)", GradeSheet!$M59="I (Incomplete)"), 0, IF(AM64>=55%, 1, 0)) -> 0 | AU64: {=IF($AT$9=0,0,MMULT($AH64:$AM64, AT$3:AT$8)/$AT$9)} -> 0 | AV64: {=IF($AU$9=0,0,MMULT($AH64:$AM64, AU$3:AU$8)/$AU$9)} -> 0 | AW64: {=IF($AV$9=0,0,MMULT($AH64:$AM64, AV$3:AV$8)/$AV$9)} -> 0 | AX64: {=IF($AW$9=0,0,MMULT($AH64:$AM64, AW$3:AW$8)/$AW$9)} -> 0 | AY64: {=IF($AX$9=0,0,MMULT($AH64:$AM64, AX$3:AX$8)/$AX$9)} -> 0 | AZ64: {=IF($AY$9=0,0,MMULT($AH64:$AM64, AY$3:AY$8)/$AY$9)} -> 0 | BA64: {=IF($AZ$9=0,0,MMULT($AH64:$AM64, AZ$3:AZ$8)/$AZ$9)} -> 0 | BB64: {=IF($BA$9=0,0,MMULT($AH64:$AM64, BA$3:BA$8)/$BA$9)} -> 0 | BC64: {=IF($BB$9=0,0,MMULT($AH64:$AM64, BB$3:BB$8)/$BB$9)} -> 0 | BD64: {=IF($BC$9=0,0,MMULT($AH64:$AM64, BC$3:BC$8)/$BC$9)} -> 0 | BE64: {=IF($BD$9=0,0,MMULT($AH64:$AM64, BD$3:BD$8)/$BD$9)} -> 0 | BF64: {=IF($BE$9=0,0,MMULT($AH64:$AM64, BE$3:BE$8)/$BE$9)} -> 0 | BG64: =IF(OR(GradeSheet!$M59="W (Withdrawn)", GradeSheet!$M59="I (Incomplete)"), 0, IF(AU64>=65%, 1, 0)) -> 0 | BH64: =IF(OR(GradeSheet!$M59="W (Withdrawn)", GradeSheet!$M59="I (Incomplete)"), 0, IF(AV64>=65%, 1, 0)) -> 0 | BI64: =IF(OR(GradeSheet!$M59="W (Withdrawn)", GradeSheet!$M59="I (Incomplete)"), 0, IF(AW64>=65%, 1, 0)) -> 0 | BJ64: =IF(OR(GradeSheet!$M59="W (Withdrawn)", GradeSheet!$M59="I (Incomplete)"), 0, IF(AX64>=65%, 1, 0)) -> 0 | BK64: =IF(OR(GradeSheet!$M59="W (Withdrawn)", GradeSheet!$M59="I (Incomplete)"), 0, IF(AY64>=65%, 1, 0)) -> 0 | BL64: =IF(OR(GradeSheet!$M59="W (Withdrawn)", GradeSheet!$M59="I (Incomplete)"), 0, IF(AZ64>=65%, 1, 0)) -> 0 | BM64: =IF(OR(GradeSheet!$M59="W (Withdrawn)", GradeSheet!$M59="I (Incomplete)"), 0, IF(BA64>=65%, 1, 0)) -> 0 | BN64: =IF(OR(GradeSheet!$M59="W (Withdrawn)", GradeSheet!$M59="I (Incomplete)"), 0, IF(BB64>=65%, 1, 0)) -> 0 | ... BR64: =IF(OR(GradeSheet!$M59="W (Withdrawn)", GradeSheet!$M59="I (Incomplete)"), 0, IF(BF64>=65%, 1, 0)) -> 0
A67: 42 | B67: Class Average | D67: =AVERAGE(D15:D64) -> 0 | E67: =AVERAGE(E15:E64) -> 0 | F67: =AVERAGE(F15:F64) -> 0 | G67: =AVERAGE(G15:G64) -> 0 | H67: =AVERAGE(H15:H64) -> 0 | I67: =AVERAGE(I15:I64) -> 0 | J67: =AVERAGE(J15:J64) -> 0 | K67: =AVERAGE(K15:K64) -> 0 | ... AA67: =AVERAGE(AA15:AA64) -> 0 | AB67: =AVERAGE(AB15:INDEX(AB:AB,GradeSheet!$H$76)) -> 3 | AC67: =AVERAGE(AC15:INDEX(AC:AC,GradeSheet!$H$76)) -> 1.5 | AD67: =AVERAGE(AD15:INDEX(AD:AD,GradeSheet!$H$76)) -> 0 | AE67: =AVERAGE(AE15:INDEX(AE:AE,GradeSheet!$H$76)) -> 0 | AF67: =AVERAGE(AF15:INDEX(AF:AF,GradeSheet!$H$76)) -> 0 | AG67: =AVERAGE(AG15:INDEX(AG:AG,GradeSheet!$H$76)) -> 0 | AH67: =AVERAGE(AH15:INDEX(AH:AH,GradeSheet!$H$76)) -> 0.5 | AI67: =AVERAGE(AI15:INDEX(AI:AI,GradeSheet!$H$76)) -> 0.5 | AJ67: =AVERAGE(AJ15:INDEX(AJ:AJ,GradeSheet!$H$76)) -> 0.5 | AK67: =AVERAGE(AK15:INDEX(AK:AK,GradeSheet!$H$76)) -> 0.5 | AL67: =AVERAGE(AL15:INDEX(AL:AL,GradeSheet!$H$76)) -> 0.5 | AM67: =AVERAGE(AM15:INDEX(AM:AM,GradeSheet!$H$76)) -> 0.5 | AN67: =AVERAGE(AN15:INDEX(AN:AN,GradeSheet!$H$76)) -> 0 | AO67: =AVERAGE(AO15:INDEX(AO:AO,GradeSheet!$H$76)) -> 0 | AP67: =AVERAGE(AP15:INDEX(AP:AP,GradeSheet!$H$76)) -> 0 | AQ67: =AVERAGE(AQ15:INDEX(AQ:AQ,GradeSheet!$H$76)) -> 0 | AR67: =AVERAGE(AR15:INDEX(AR:AR,GradeSheet!$H$76)) -> 0 | AS67: =AVERAGE(AS15:INDEX(AS:AS,GradeSheet!$H$76)) -> 0 | AU67: =(SUMIFS(AU15:AU64,GradeSheet!M10:M59,"<>W (Withdrawn)",GradeSheet!M10:M59,"<>I (Incomplete)"))/(COUNTIFS(B15:B64,"<>0")-GradeSheet!$H$74-GradeSheet!$H$75) -> #DIV/0! | AV67: =(SUMIFS(AV15:AV64,GradeSheet!N10:N59,"<>W (Withdrawn)",GradeSheet!N10:N59,"<>I (Incomplete)"))/(COUNTIFS(C15:C64,"<>0")-GradeSheet!$H$74-GradeSheet!$H$75) -> #DIV/0! | AW67: =(SUMIFS(AW15:AW64,GradeSheet!O10:O59,"<>W (Withdrawn)",GradeSheet!O10:O59,"<>I (Incomplete)"))/(COUNTIFS(D15:D64,"<>0")-GradeSheet!$H$74-GradeSheet!$H$75) -> #DIV/0! | AX67: =(SUMIFS(AX15:AX64,GradeSheet!P10:P59,"<>W (Withdrawn)",GradeSheet!P10:P59,"<>I (Incomplete)"))/(COUNTIFS(E15:E64,"<>0")-GradeSheet!$H$74-GradeSheet!$H$75) -> #DIV/0! | AY67: =(SUMIFS(AY15:AY64,GradeSheet!Q10:Q59,"<>W (Withdrawn)",GradeSheet!Q10:Q59,"<>I (Incomplete)"))/(COUNTIFS(F15:F64,"<>0")-GradeSheet!$H$74-GradeSheet!$H$75) -> #DIV/0! | AZ67: =(SUMIFS(AZ15:AZ64,GradeSheet!R10:R59,"<>W (Withdrawn)",GradeSheet!R10:R59,"<>I (Incomplete)"))/(COUNTIFS(G15:G64,"<>0")-GradeSheet!$H$74-GradeSheet!$H$75) -> #DIV/0! | BA67: =(SUMIFS(BA15:BA64,GradeSheet!S10:S59,"<>W (Withdrawn)",GradeSheet!S10:S59,"<>I (Incomplete)"))/(COUNTIFS(H15:H64,"<>0")-GradeSheet!$H$74-GradeSheet!$H$75) -> #DIV/0! | BB67: =(SUMIFS(BB15:BB64,GradeSheet!T10:T59,"<>W (Withdrawn)",GradeSheet!T10:T59,"<>I (Incomplete)"))/(COUNTIFS(I15:I64,"<>0")-GradeSheet!$H$74-GradeSheet!$H$75) -> #DIV/0! | ... BF67: =(SUMIFS(BF15:BF64,GradeSheet!X10:X59,"<>W (Withdrawn)",GradeSheet!X10:X59,"<>I (Incomplete)"))/(COUNTIFS(M15:M64,"<>0")-GradeSheet!$H$74-GradeSheet!$H$75) -> #DIV/0! | BG67: =SUM(BG15:BG54) -> 0 | BH67: =SUM(BH15:BH54) -> 0 | BI67: =SUM(BI15:BI54) -> 0 | BJ67: =SUM(BJ15:BJ54) -> 0 | BK67: =SUM(BK15:BK54) -> 0 | BL67: =SUM(BL15:BL54) -> 0 | BM67: =SUM(BM15:BM54) -> 0 | BN67: =SUM(BN15:BN54) -> 0 | ... BR67: =SUM(BR15:BR54) -> 0
B71: =GradeSheet!$H$5 -> Rubaiya Hafiz
B72: Senior Lecturer
B73: =GradeSheet!$B$77 -> Department of CSE, ULAB

Sheet ContinuousQualityImprovement
A1: Continuous Quality Improvement (CQI) Form
A2: Course Code | B2: =GradeSheet!$H$2 -> CSE | C2: Section | D2: =GradeSheet!$L$2 -> 1
A3: Course Title | B3: =GradeSheet!$H$3 -> Operating Systems | C3: Semester | D3: =GradeSheet!$L$3 -> Spring 2025
A4: Credit | B4: =GradeSheet!$H$4 -> 3 | C4: Number of Students | D4: =GradeSheet!$H$76 -> 0
A6: Course Outcomes (CO) | C6: Criteria for Achievement | D6: CO Attainment
A7: CO1 | C7: 60% of the students to achieve 55% of the allocated mark | D7: =CO_PO_AttainmentAnalysis!AN67/(GradeSheet!H76-GradeSheet!H75-GradeSheet!H74) -> 0
A8: CO2 | D8: =CO_PO_AttainmentAnalysis!$AO$67/(GradeSheet!H76-GradeSheet!H75-GradeSheet!H74) -> 0
A9: CO3 | D9: =CO_PO_AttainmentAnalysis!$AP$67/(GradeSheet!H76-GradeSheet!H75-GradeSheet!H74) -> 0
A10: CO4 | D10: =CO_PO_AttainmentAnalysis!$AQ$67/(GradeSheet!H76-GradeSheet!H75-GradeSheet!H74) -> 0
A11: CO5 | D11: =CO_PO_AttainmentAnalysis!$AR$67/(GradeSheet!H76-GradeSheet!H75-GradeSheet!H74) -> 0
A12: CO6 | D12: =CO_PO_AttainmentAnalysis!$AS$67/(GradeSheet!H76-GradeSheet!H75-GradeSheet!H74) -> 0
A14: Plan for Course Improvement: (Based on inputs from Course Outcome Analysis above, results and other sources)*
A16: Students should have better understanding of Digital Electronics as pre-requisite
A17: Students should be aware of theoretical understanding
A18: Need more endeavor to solve real life physical problems. More assignment can be thrown
D26: * attach additional sheet, if required
A33: Signature of the Instructor:
A34: Name of the Instructor: | B34: =GradeSheet!$H$5 -> Rubaiya Hafiz
A35: Date: | B35: =TODAY() -> 46231

Sheet Sheet1
